model,coupling,field,temperature,t,mean_m,var_m,n
model_1,0.2,-0.4,0.6,0,0.016666666666666666,0.24138888888888888,30
model_1,0.2,-0.4,0.6,1,-0.5827829453479102,0.0,30
model_1,0.2,-0.4,0.6,2,-0.5827829453479102,0.0,30
model_1,0.2,-0.4,0.6,3,-0.5827829453479102,0.0,30
model_1,0.2,-0.4,0.6,4,-0.5827829453479102,0.0,30
model_1,0.2,-0.4,0.6,5,-0.5827829453479102,0.0,30
model_1,0.2,-0.4,0.6,6,-0.5827829453479102,0.0,30
model_1,0.2,-0.4,0.6,7,-0.5827829453479102,0.0,30
model_1,0.2,-0.4,0.6,8,-0.5827829453479102,0.0,30
model_1,0.2,-0.4,0.6,9,-0.5827829453479102,0.0,30
model_1,0.2,-0.4,0.6,10,-0.5827829453479102,0.0,30
model_1,0.2,-0.4,0.6,11,-0.5827829453479102,0.0,30
model_1,0.2,-0.4,0.6,12,-0.5827829453479102,0.0,30
model_1,0.2,-0.4,0.6,13,-0.5827829453479102,0.0,30
model_1,0.2,-0.4,0.6,14,-0.5827829453479102,0.0,30
model_1,0.2,-0.4,0.6,15,-0.5827829453479102,0.0,30
model_1,0.2,-0.4,0.6,16,-0.5827829453479102,0.0,30
model_1,0.2,-0.4,0.6,17,-0.5827829453479102,0.0,30
model_1,0.2,-0.4,0.6,18,-0.5827829453479102,0.0,30
model_1,0.2,-0.4,0.6,19,-0.5827829453479102,0.0,30
model_1,0.2,-0.4,0.6,20,-0.5827829453479102,0.0,30
model_1,0.2,-0.4,0.95,0,0.016666666666666666,0.24138888888888888,30
model_1,0.2,-0.4,0.95,1,-0.39781684682203466,0.0,30
model_1,0.2,-0.4,0.95,2,-0.39781684682203466,0.0,30
model_1,0.2,-0.4,0.95,3,-0.39781684682203466,0.0,30
model_1,0.2,-0.4,0.95,4,-0.39781684682203466,0.0,30
model_1,0.2,-0.4,0.95,5,-0.39781684682203466,0.0,30
model_1,0.2,-0.4,0.95,6,-0.39781684682203466,0.0,30
model_1,0.2,-0.4,0.95,7,-0.39781684682203466,0.0,30
model_1,0.2,-0.4,0.95,8,-0.39781684682203466,0.0,30
model_1,0.2,-0.4,0.95,9,-0.39781684682203466,0.0,30
model_1,0.2,-0.4,0.95,10,-0.39781684682203466,0.0,30
model_1,0.2,-0.4,0.95,11,-0.39781684682203466,0.0,30
model_1,0.2,-0.4,0.95,12,-0.39781684682203466,0.0,30
model_1,0.2,-0.4,0.95,13,-0.39781684682203466,0.0,30
model_1,0.2,-0.4,0.95,14,-0.39781684682203466,0.0,30
model_1,0.2,-0.4,0.95,15,-0.39781684682203466,0.0,30
model_1,0.2,-0.4,0.95,16,-0.39781684682203466,0.0,30
model_1,0.2,-0.4,0.95,17,-0.39781684682203466,0.0,30
model_1,0.2,-0.4,0.95,18,-0.39781684682203466,0.0,30
model_1,0.2,-0.4,0.95,19,-0.39781684682203466,0.0,30
model_1,0.2,-0.4,0.95,20,-0.39781684682203466,0.0,30
model_1,0.2,-0.4,1.2999999999999998,0,0.016666666666666666,0.24138888888888888,30
model_1,0.2,-0.4,1.2999999999999998,1,-0.2983362499775455,0.0,30
model_1,0.2,-0.4,1.2999999999999998,2,-0.2983362499775455,0.0,30
model_1,0.2,-0.4,1.2999999999999998,3,-0.2983362499775455,0.0,30
model_1,0.2,-0.4,1.2999999999999998,4,-0.2983362499775455,0.0,30
model_1,0.2,-0.4,1.2999999999999998,5,-0.2983362499775455,0.0,30
model_1,0.2,-0.4,1.2999999999999998,6,-0.2983362499775455,0.0,30
model_1,0.2,-0.4,1.2999999999999998,7,-0.2983362499775455,0.0,30
model_1,0.2,-0.4,1.2999999999999998,8,-0.2983362499775455,0.0,30
model_1,0.2,-0.4,1.2999999999999998,9,-0.2983362499775455,0.0,30
model_1,0.2,-0.4,1.2999999999999998,10,-0.2983362499775455,0.0,30
model_1,0.2,-0.4,1.2999999999999998,11,-0.2983362499775455,0.0,30
model_1,0.2,-0.4,1.2999999999999998,12,-0.2983362499775455,0.0,30
model_1,0.2,-0.4,1.2999999999999998,13,-0.2983362499775455,0.0,30
model_1,0.2,-0.4,1.2999999999999998,14,-0.2983362499775455,0.0,30
model_1,0.2,-0.4,1.2999999999999998,15,-0.2983362499775455,0.0,30
model_1,0.2,-0.4,1.2999999999999998,16,-0.2983362499775455,0.0,30
model_1,0.2,-0.4,1.2999999999999998,17,-0.2983362499775455,0.0,30
model_1,0.2,-0.4,1.2999999999999998,18,-0.2983362499775455,0.0,30
model_1,0.2,-0.4,1.2999999999999998,19,-0.2983362499775455,0.0,30
model_1,0.2,-0.4,1.2999999999999998,20,-0.2983362499775455,0.0,30
model_1,0.2,-0.4,1.65,0,0.016666666666666666,0.24138888888888888,30
model_1,0.2,-0.4,1.65,1,-0.23778423674736315,0.0,30
model_1,0.2,-0.4,1.65,2,-0.23778423674736315,0.0,30
model_1,0.2,-0.4,1.65,3,-0.23778423674736315,0.0,30
model_1,0.2,-0.4,1.65,4,-0.23778423674736315,0.0,30
model_1,0.2,-0.4,1.65,5,-0.23778423674736315,0.0,30
model_1,0.2,-0.4,1.65,6,-0.23778423674736315,0.0,30
model_1,0.2,-0.4,1.65,7,-0.23778423674736315,0.0,30
model_1,0.2,-0.4,1.65,8,-0.23778423674736315,0.0,30
model_1,0.2,-0.4,1.65,9,-0.23778423674736315,0.0,30
model_1,0.2,-0.4,1.65,10,-0.23778423674736315,0.0,30
model_1,0.2,-0.4,1.65,11,-0.23778423674736315,0.0,30
model_1,0.2,-0.4,1.65,12,-0.23778423674736315,0.0,30
model_1,0.2,-0.4,1.65,13,-0.23778423674736315,0.0,30
model_1,0.2,-0.4,1.65,14,-0.23778423674736315,0.0,30
model_1,0.2,-0.4,1.65,15,-0.23778423674736315,0.0,30
model_1,0.2,-0.4,1.65,16,-0.23778423674736315,0.0,30
model_1,0.2,-0.4,1.65,17,-0.23778423674736315,0.0,30
model_1,0.2,-0.4,1.65,18,-0.23778423674736315,0.0,30
model_1,0.2,-0.4,1.65,19,-0.23778423674736315,0.0,30
model_1,0.2,-0.4,1.65,20,-0.23778423674736315,0.0,30
model_1,0.2,-0.4,2.0,0,0.016666666666666666,0.24138888888888888,30
model_1,0.2,-0.4,2.0,1,-0.197375320224904,0.0,30
model_1,0.2,-0.4,2.0,2,-0.197375320224904,0.0,30
model_1,0.2,-0.4,2.0,3,-0.197375320224904,0.0,30
model_1,0.2,-0.4,2.0,4,-0.197375320224904,0.0,30
model_1,0.2,-0.4,2.0,5,-0.197375320224904,0.0,30
model_1,0.2,-0.4,2.0,6,-0.197375320224904,0.0,30
model_1,0.2,-0.4,2.0,7,-0.197375320224904,0.0,30
model_1,0.2,-0.4,2.0,8,-0.197375320224904,0.0,30
model_1,0.2,-0.4,2.0,9,-0.197375320224904,0.0,30
model_1,0.2,-0.4,2.0,10,-0.197375320224904,0.0,30
model_1,0.2,-0.4,2.0,11,-0.197375320224904,0.0,30
model_1,0.2,-0.4,2.0,12,-0.197375320224904,0.0,30
model_1,0.2,-0.4,2.0,13,-0.197375320224904,0.0,30
model_1,0.2,-0.4,2.0,14,-0.197375320224904,0.0,30
model_1,0.2,-0.4,2.0,15,-0.197375320224904,0.0,30
model_1,0.2,-0.4,2.0,16,-0.197375320224904,0.0,30
model_1,0.2,-0.4,2.0,17,-0.197375320224904,0.0,30
model_1,0.2,-0.4,2.0,18,-0.197375320224904,0.0,30
model_1,0.2,-0.4,2.0,19,-0.197375320224904,0.0,30
model_1,0.2,-0.4,2.0,20,-0.197375320224904,0.0,30
model_1,0.2,-0.2,0.6,0,0.016666666666666666,0.24138888888888888,30
model_1,0.2,-0.2,0.6,1,-0.32151273753163434,0.0,30
model_1,0.2,-0.2,0.6,2,-0.32151273753163434,0.0,30
model_1,0.2,-0.2,0.6,3,-0.32151273753163434,0.0,30
model_1,0.2,-0.2,0.6,4,-0.32151273753163434,0.0,30
model_1,0.2,-0.2,0.6,5,-0.32151273753163434,0.0,30
model_1,0.2,-0.2,0.6,6,-0.32151273753163434,0.0,30
model_1,0.2,-0.2,0.6,7,-0.32151273753163434,0.0,30
model_1,0.2,-0.2,0.6,8,-0.32151273753163434,0.0,30
model_1,0.2,-0.2,0.6,9,-0.32151273753163434,0.0,30
model_1,0.2,-0.2,0.6,10,-0.32151273753163434,0.0,30
model_1,0.2,-0.2,0.6,11,-0.32151273753163434,0.0,30
model_1,0.2,-0.2,0.6,12,-0.32151273753163434,0.0,30
model_1,0.2,-0.2,0.6,13,-0.32151273753163434,0.0,30
model_1,0.2,-0.2,0.6,14,-0.32151273753163434,0.0,30
model_1,0.2,-0.2,0.6,15,-0.32151273753163434,0.0,30
model_1,0.2,-0.2,0.6,16,-0.32151273753163434,0.0,30
model_1,0.2,-0.2,0.6,17,-0.32151273753163434,0.0,30
model_1,0.2,-0.2,0.6,18,-0.32151273753163434,0.0,30
model_1,0.2,-0.2,0.6,19,-0.32151273753163434,0.0,30
model_1,0.2,-0.2,0.6,20,-0.32151273753163434,0.0,30
model_1,0.2,-0.2,0.95,0,0.016666666666666666,0.24138888888888888,30
model_1,0.2,-0.2,0.95,1,-0.20747021579643532,0.0,30
model_1,0.2,-0.2,0.95,2,-0.20747021579643532,0.0,30
model_1,0.2,-0.2,0.95,3,-0.20747021579643532,0.0,30
model_1,0.2,-0.2,0.95,4,-0.20747021579643532,0.0,30
model_1,0.2,-0.2,0.95,5,-0.20747021579643532,0.0,30
model_1,0.2,-0.2,0.95,6,-0.20747021579643532,0.0,30
model_1,0.2,-0.2,0.95,7,-0.20747021579643532,0.0,30
model_1,0.2,-0.2,0.95,8,-0.20747021579643532,0.0,30
model_1,0.2,-0.2,0.95,9,-0.20747021579643532,0.0,30
model_1,0.2,-0.2,0.95,10,-0.20747021579643532,0.0,30
model_1,0.2,-0.2,0.95,11,-0.20747021579643532,0.0,30
model_1,0.2,-0.2,0.95,12,-0.20747021579643532,0.0,30
model_1,0.2,-0.2,0.95,13,-0.20747021579643532,0.0,30
model_1,0.2,-0.2,0.95,14,-0.20747021579643532,0.0,30
model_1,0.2,-0.2,0.95,15,-0.20747021579643532,0.0,30
model_1,0.2,-0.2,0.95,16,-0.20747021579643532,0.0,30
model_1,0.2,-0.2,0.95,17,-0.20747021579643532,0.0,30
model_1,0.2,-0.2,0.95,18,-0.20747021579643532,0.0,30
model_1,0.2,-0.2,0.95,19,-0.20747021579643532,0.0,30
model_1,0.2,-0.2,0.95,20,-0.20747021579643532,0.0,30
model_1,0.2,-0.2,1.2999999999999998,0,0.016666666666666666,0.24138888888888888,30
model_1,0.2,-0.2,1.2999999999999998,1,-0.15264375981490486,0.0,30
model_1,0.2,-0.2,1.2999999999999998,2,-0.15264375981490486,0.0,30
model_1,0.2,-0.2,1.2999999999999998,3,-0.15264375981490486,0.0,30
model_1,0.2,-0.2,1.2999999999999998,4,-0.15264375981490486,0.0,30
model_1,0.2,-0.2,1.2999999999999998,5,-0.15264375981490486,0.0,30
model_1,0.2,-0.2,1.2999999999999998,6,-0.15264375981490486,0.0,30
model_1,0.2,-0.2,1.2999999999999998,7,-0.15264375981490486,0.0,30
model_1,0.2,-0.2,1.2999999999999998,8,-0.15264375981490486,0.0,30
model_1,0.2,-0.2,1.2999999999999998,9,-0.15264375981490486,0.0,30
model_1,0.2,-0.2,1.2999999999999998,10,-0.15264375981490486,0.0,30
model_1,0.2,-0.2,1.2999999999999998,11,-0.15264375981490486,0.0,30
model_1,0.2,-0.2,1.2999999999999998,12,-0.15264375981490486,0.0,30
model_1,0.2,-0.2,1.2999999999999998,13,-0.15264375981490486,0.0,30
model_1,0.2,-0.2,1.2999999999999998,14,-0.15264375981490486,0.0,30
model_1,0.2,-0.2,1.2999999999999998,15,-0.15264375981490486,0.0,30
model_1,0.2,-0.2,1.2999999999999998,16,-0.15264375981490486,0.0,30
model_1,0.2,-0.2,1.2999999999999998,17,-0.15264375981490486,0.0,30
model_1,0.2,-0.2,1.2999999999999998,18,-0.15264375981490486,0.0,30
model_1,0.2,-0.2,1.2999999999999998,19,-0.15264375981490486,0.0,30
model_1,0.2,-0.2,1.2999999999999998,20,-0.15264375981490486,0.0,30
model_1,0.2,-0.2,1.65,0,0.016666666666666666,0.24138888888888888,30
model_1,0.2,-0.2,1.65,1,-0.12062195788315633,0.0,30
model_1,0.2,-0.2,1.65,2,-0.12062195788315633,0.0,30
model_1,0.2,-0.2,1.65,3,-0.12062195788315633,0.0,30
model_1,0.2,-0.2,1.65,4,-0.12062195788315633,0.0,30
model_1,0.2,-0.2,1.65,5,-0.12062195788315633,0.0,30
model_1,0.2,-0.2,1.65,6,-0.12062195788315633,0.0,30
model_1,0.2,-0.2,1.65,7,-0.12062195788315633,0.0,30
model_1,0.2,-0.2,1.65,8,-0.12062195788315633,0.0,30
model_1,0.2,-0.2,1.65,9,-0.12062195788315633,0.0,30
model_1,0.2,-0.2,1.65,10,-0.12062195788315633,0.0,30
model_1,0.2,-0.2,1.65,11,-0.12062195788315633,0.0,30
model_1,0.2,-0.2,1.65,12,-0.12062195788315633,0.0,30
model_1,0.2,-0.2,1.65,13,-0.12062195788315633,0.0,30
model_1,0.2,-0.2,1.65,14,-0.12062195788315633,0.0,30
model_1,0.2,-0.2,1.65,15,-0.12062195788315633,0.0,30
model_1,0.2,-0.2,1.65,16,-0.12062195788315633,0.0,30
model_1,0.2,-0.2,1.65,17,-0.12062195788315633,0.0,30
model_1,0.2,-0.2,1.65,18,-0.12062195788315633,0.0,30
model_1,0.2,-0.2,1.65,19,-0.12062195788315633,0.0,30
model_1,0.2,-0.2,1.65,20,-0.12062195788315633,0.0,30
model_1,0.2,-0.2,2.0,0,0.016666666666666666,0.24138888888888888,30
model_1,0.2,-0.2,2.0,1,-0.09966799462495568,0.0,30
model_1,0.2,-0.2,2.0,2,-0.09966799462495568,0.0,30
model_1,0.2,-0.2,2.0,3,-0.09966799462495568,0.0,30
model_1,0.2,-0.2,2.0,4,-0.09966799462495568,0.0,30
model_1,0.2,-0.2,2.0,5,-0.09966799462495568,0.0,30
model_1,0.2,-0.2,2.0,6,-0.09966799462495568,0.0,30
model_1,0.2,-0.2,2.0,7,-0.09966799462495568,0.0,30
model_1,0.2,-0.2,2.0,8,-0.09966799462495568,0.0,30
model_1,0.2,-0.2,2.0,9,-0.09966799462495568,0.0,30
model_1,0.2,-0.2,2.0,10,-0.09966799462495568,0.0,30
model_1,0.2,-0.2,2.0,11,-0.09966799462495568,0.0,30
model_1,0.2,-0.2,2.0,12,-0.09966799462495568,0.0,30
model_1,0.2,-0.2,2.0,13,-0.09966799462495568,0.0,30
model_1,0.2,-0.2,2.0,14,-0.09966799462495568,0.0,30
model_1,0.2,-0.2,2.0,15,-0.09966799462495568,0.0,30
model_1,0.2,-0.2,2.0,16,-0.09966799462495568,0.0,30
model_1,0.2,-0.2,2.0,17,-0.09966799462495568,0.0,30
model_1,0.2,-0.2,2.0,18,-0.09966799462495568,0.0,30
model_1,0.2,-0.2,2.0,19,-0.09966799462495568,0.0,30
model_1,0.2,-0.2,2.0,20,-0.09966799462495568,0.0,30
model_1,0.2,0.0,0.6,0,0.016666666666666666,0.24138888888888888,30
model_1,0.2,0.0,0.6,1,0.0,0.0,30
model_1,0.2,0.0,0.6,2,0.0,0.0,30
model_1,0.2,0.0,0.6,3,0.0,0.0,30
model_1,0.2,0.0,0.6,4,0.0,0.0,30
model_1,0.2,0.0,0.6,5,0.0,0.0,30
model_1,0.2,0.0,0.6,6,0.0,0.0,30
model_1,0.2,0.0,0.6,7,0.0,0.0,30
model_1,0.2,0.0,0.6,8,0.0,0.0,30
model_1,0.2,0.0,0.6,9,0.0,0.0,30
model_1,0.2,0.0,0.6,10,0.0,0.0,30
model_1,0.2,0.0,0.6,11,0.0,0.0,30
model_1,0.2,0.0,0.6,12,0.0,0.0,30
model_1,0.2,0.0,0.6,13,0.0,0.0,30
model_1,0.2,0.0,0.6,14,0.0,0.0,30
model_1,0.2,0.0,0.6,15,0.0,0.0,30
model_1,0.2,0.0,0.6,16,0.0,0.0,30
model_1,0.2,0.0,0.6,17,0.0,0.0,30
model_1,0.2,0.0,0.6,18,0.0,0.0,30
model_1,0.2,0.0,0.6,19,0.0,0.0,30
model_1,0.2,0.0,0.6,20,0.0,0.0,30
model_1,0.2,0.0,0.95,0,0.016666666666666666,0.24138888888888888,30
model_1,0.2,0.0,0.95,1,0.0,0.0,30
model_1,0.2,0.0,0.95,2,0.0,0.0,30
model_1,0.2,0.0,0.95,3,0.0,0.0,30
model_1,0.2,0.0,0.95,4,0.0,0.0,30
model_1,0.2,0.0,0.95,5,0.0,0.0,30
model_1,0.2,0.0,0.95,6,0.0,0.0,30
model_1,0.2,0.0,0.95,7,0.0,0.0,30
model_1,0.2,0.0,0.95,8,0.0,0.0,30
model_1,0.2,0.0,0.95,9,0.0,0.0,30
model_1,0.2,0.0,0.95,10,0.0,0.0,30
model_1,0.2,0.0,0.95,11,0.0,0.0,30
model_1,0.2,0.0,0.95,12,0.0,0.0,30
model_1,0.2,0.0,0.95,13,0.0,0.0,30
model_1,0.2,0.0,0.95,14,0.0,0.0,30
model_1,0.2,0.0,0.95,15,0.0,0.0,30
model_1,0.2,0.0,0.95,16,0.0,0.0,30
model_1,0.2,0.0,0.95,17,0.0,0.0,30
model_1,0.2,0.0,0.95,18,0.0,0.0,30
model_1,0.2,0.0,0.95,19,0.0,0.0,30
model_1,0.2,0.0,0.95,20,0.0,0.0,30
model_1,0.2,0.0,1.2999999999999998,0,0.016666666666666666,0.24138888888888888,30
model_1,0.2,0.0,1.2999999999999998,1,0.0,0.0,30
model_1,0.2,0.0,1.2999999999999998,2,0.0,0.0,30
model_1,0.2,0.0,1.2999999999999998,3,0.0,0.0,30
model_1,0.2,0.0,1.2999999999999998,4,0.0,0.0,30
model_1,0.2,0.0,1.2999999999999998,5,0.0,0.0,30
model_1,0.2,0.0,1.2999999999999998,6,0.0,0.0,30
model_1,0.2,0.0,1.2999999999999998,7,0.0,0.0,30
model_1,0.2,0.0,1.2999999999999998,8,0.0,0.0,30
model_1,0.2,0.0,1.2999999999999998,9,0.0,0.0,30
model_1,0.2,0.0,1.2999999999999998,10,0.0,0.0,30
model_1,0.2,0.0,1.2999999999999998,11,0.0,0.0,30
model_1,0.2,0.0,1.2999999999999998,12,0.0,0.0,30
model_1,0.2,0.0,1.2999999999999998,13,0.0,0.0,30
model_1,0.2,0.0,1.2999999999999998,14,0.0,0.0,30
model_1,0.2,0.0,1.2999999999999998,15,0.0,0.0,30
model_1,0.2,0.0,1.2999999999999998,16,0.0,0.0,30
model_1,0.2,0.0,1.2999999999999998,17,0.0,0.0,30
model_1,0.2,0.0,1.2999999999999998,18,0.0,0.0,30
model_1,0.2,0.0,1.2999999999999998,19,0.0,0.0,30
model_1,0.2,0.0,1.2999999999999998,20,0.0,0.0,30
model_1,0.2,0.0,1.65,0,0.016666666666666666,0.24138888888888888,30
model_1,0.2,0.0,1.65,1,0.0,0.0,30
model_1,0.2,0.0,1.65,2,0.0,0.0,30
model_1,0.2,0.0,1.65,3,0.0,0.0,30
model_1,0.2,0.0,1.65,4,0.0,0.0,30
model_1,0.2,0.0,1.65,5,0.0,0.0,30
model_1,0.2,0.0,1.65,6,0.0,0.0,30
model_1,0.2,0.0,1.65,7,0.0,0.0,30
model_1,0.2,0.0,1.65,8,0.0,0.0,30
model_1,0.2,0.0,1.65,9,0.0,0.0,30
model_1,0.2,0.0,1.65,10,0.0,0.0,30
model_1,0.2,0.0,1.65,11,0.0,0.0,30
model_1,0.2,0.0,1.65,12,0.0,0.0,30
model_1,0.2,0.0,1.65,13,0.0,0.0,30
model_1,0.2,0.0,1.65,14,0.0,0.0,30
model_1,0.2,0.0,1.65,15,0.0,0.0,30
model_1,0.2,0.0,1.65,16,0.0,0.0,30
model_1,0.2,0.0,1.65,17,0.0,0.0,30
model_1,0.2,0.0,1.65,18,0.0,0.0,30
model_1,0.2,0.0,1.65,19,0.0,0.0,30
model_1,0.2,0.0,1.65,20,0.0,0.0,30
model_1,0.2,0.0,2.0,0,0.016666666666666666,0.24138888888888888,30
model_1,0.2,0.0,2.0,1,0.0,0.0,30
model_1,0.2,0.0,2.0,2,0.0,0.0,30
model_1,0.2,0.0,2.0,3,0.0,0.0,30
model_1,0.2,0.0,2.0,4,0.0,0.0,30
model_1,0.2,0.0,2.0,5,0.0,0.0,30
model_1,0.2,0.0,2.0,6,0.0,0.0,30
model_1,0.2,0.0,2.0,7,0.0,0.0,30
model_1,0.2,0.0,2.0,8,0.0,0.0,30
model_1,0.2,0.0,2.0,9,0.0,0.0,30
model_1,0.2,0.0,2.0,10,0.0,0.0,30
model_1,0.2,0.0,2.0,11,0.0,0.0,30
model_1,0.2,0.0,2.0,12,0.0,0.0,30
model_1,0.2,0.0,2.0,13,0.0,0.0,30
model_1,0.2,0.0,2.0,14,0.0,0.0,30
model_1,0.2,0.0,2.0,15,0.0,0.0,30
model_1,0.2,0.0,2.0,16,0.0,0.0,30
model_1,0.2,0.0,2.0,17,0.0,0.0,30
model_1,0.2,0.0,2.0,18,0.0,0.0,30
model_1,0.2,0.0,2.0,19,0.0,0.0,30
model_1,0.2,0.0,2.0,20,0.0,0.0,30
model_1,0.2,0.20000000000000007,0.6,0,0.016666666666666666,0.24138888888888888,30
model_1,0.2,0.20000000000000007,0.6,1,0.32151273753163445,0.0,30
model_1,0.2,0.20000000000000007,0.6,2,0.32151273753163445,0.0,30
model_1,0.2,0.20000000000000007,0.6,3,0.32151273753163445,0.0,30
model_1,0.2,0.20000000000000007,0.6,4,0.32151273753163445,0.0,30
model_1,0.2,0.20000000000000007,0.6,5,0.32151273753163445,0.0,30
model_1,0.2,0.20000000000000007,0.6,6,0.32151273753163445,0.0,30
model_1,0.2,0.20000000000000007,0.6,7,0.32151273753163445,0.0,30
model_1,0.2,0.20000000000000007,0.6,8,0.32151273753163445,0.0,30
model_1,0.2,0.20000000000000007,0.6,9,0.32151273753163445,0.0,30
model_1,0.2,0.20000000000000007,0.6,10,0.32151273753163445,0.0,30
model_1,0.2,0.20000000000000007,0.6,11,0.32151273753163445,0.0,30
model_1,0.2,0.20000000000000007,0.6,12,0.32151273753163445,0.0,30
model_1,0.2,0.20000000000000007,0.6,13,0.32151273753163445,0.0,30
model_1,0.2,0.20000000000000007,0.6,14,0.32151273753163445,0.0,30
model_1,0.2,0.20000000000000007,0.6,15,0.32151273753163445,0.0,30
model_1,0.2,0.20000000000000007,0.6,16,0.32151273753163445,0.0,30
model_1,0.2,0.20000000000000007,0.6,17,0.32151273753163445,0.0,30
model_1,0.2,0.20000000000000007,0.6,18,0.32151273753163445,0.0,30
model_1,0.2,0.20000000000000007,0.6,19,0.32151273753163445,0.0,30
model_1,0.2,0.20000000000000007,0.6,20,0.32151273753163445,0.0,30
model_1,0.2,0.20000000000000007,0.95,0,0.016666666666666666,0.24138888888888888,30
model_1,0.2,0.20000000000000007,0.95,1,0.20747021579643543,0.0,30
model_1,0.2,0.20000000000000007,0.95,2,0.20747021579643543,0.0,30
model_1,0.2,0.20000000000000007,0.95,3,0.20747021579643543,0.0,30
model_1,0.2,0.20000000000000007,0.95,4,0.20747021579643543,0.0,30
model_1,0.2,0.20000000000000007,0.95,5,0.20747021579643543,0.0,30
model_1,0.2,0.20000000000000007,0.95,6,0.20747021579643543,0.0,30
model_1,0.2,0.20000000000000007,0.95,7,0.20747021579643543,0.0,30
model_1,0.2,0.20000000000000007,0.95,8,0.20747021579643543,0.0,30
model_1,0.2,0.20000000000000007,0.95,9,0.20747021579643543,0.0,30
model_1,0.2,0.20000000000000007,0.95,10,0.20747021579643543,0.0,30
model_1,0.2,0.20000000000000007,0.95,11,0.20747021579643543,0.0,30
model_1,0.2,0.20000000000000007,0.95,12,0.20747021579643543,0.0,30
model_1,0.2,0.20000000000000007,0.95,13,0.20747021579643543,0.0,30
model_1,0.2,0.20000000000000007,0.95,14,0.20747021579643543,0.0,30
model_1,0.2,0.20000000000000007,0.95,15,0.20747021579643543,0.0,30
model_1,0.2,0.20000000000000007,0.95,16,0.20747021579643543,0.0,30
model_1,0.2,0.20000000000000007,0.95,17,0.20747021579643543,0.0,30
model_1,0.2,0.20000000000000007,0.95,18,0.20747021579643543,0.0,30
model_1,0.2,0.20000000000000007,0.95,19,0.20747021579643543,0.0,30
model_1,0.2,0.20000000000000007,0.95,20,0.20747021579643543,0.0,30
model_1,0.2,0.20000000000000007,1.2999999999999998,0,0.016666666666666666,0.24138888888888888,30
model_1,0.2,0.20000000000000007,1.2999999999999998,1,0.15264375981490508,0.0,30
model_1,0.2,0.20000000000000007,1.2999999999999998,2,0.15264375981490508,0.0,30
model_1,0.2,0.20000000000000007,1.2999999999999998,3,0.15264375981490508,0.0,30
model_1,0.2,0.20000000000000007,1.2999999999999998,4,0.15264375981490508,0.0,30
model_1,0.2,0.20000000000000007,1.2999999999999998,5,0.15264375981490508,0.0,30
model_1,0.2,0.20000000000000007,1.2999999999999998,6,0.15264375981490508,0.0,30
model_1,0.2,0.20000000000000007,1.2999999999999998,7,0.15264375981490508,0.0,30
model_1,0.2,0.20000000000000007,1.2999999999999998,8,0.15264375981490508,0.0,30
model_1,0.2,0.20000000000000007,1.2999999999999998,9,0.15264375981490508,0.0,30
model_1,0.2,0.20000000000000007,1.2999999999999998,10,0.15264375981490508,0.0,30
model_1,0.2,0.20000000000000007,1.2999999999999998,11,0.15264375981490508,0.0,30
model_1,0.2,0.20000000000000007,1.2999999999999998,12,0.15264375981490508,0.0,30
model_1,0.2,0.20000000000000007,1.2999999999999998,13,0.15264375981490508,0.0,30
model_1,0.2,0.20000000000000007,1.2999999999999998,14,0.15264375981490508,0.0,30
model_1,0.2,0.20000000000000007,1.2999999999999998,15,0.15264375981490508,0.0,30
model_1,0.2,0.20000000000000007,1.2999999999999998,16,0.15264375981490508,0.0,30
model_1,0.2,0.20000000000000007,1.2999999999999998,17,0.15264375981490508,0.0,30
model_1,0.2,0.20000000000000007,1.2999999999999998,18,0.15264375981490508,0.0,30
model_1,0.2,0.20000000000000007,1.2999999999999998,19,0.15264375981490508,0.0,30
model_1,0.2,0.20000000000000007,1.2999999999999998,20,0.15264375981490508,0.0,30
model_1,0.2,0.20000000000000007,1.65,0,0.016666666666666666,0.24138888888888888,30
model_1,0.2,0.20000000000000007,1.65,1,0.12062195788315622,0.0,30
model_1,0.2,0.20000000000000007,1.65,2,0.12062195788315622,0.0,30
model_1,0.2,0.20000000000000007,1.65,3,0.12062195788315622,0.0,30
model_1,0.2,0.20000000000000007,1.65,4,0.12062195788315622,0.0,30
model_1,0.2,0.20000000000000007,1.65,5,0.12062195788315622,0.0,30
model_1,0.2,0.20000000000000007,1.65,6,0.12062195788315622,0.0,30
model_1,0.2,0.20000000000000007,1.65,7,0.12062195788315622,0.0,30
model_1,0.2,0.20000000000000007,1.65,8,0.12062195788315622,0.0,30
model_1,0.2,0.20000000000000007,1.65,9,0.12062195788315622,0.0,30
model_1,0.2,0.20000000000000007,1.65,10,0.12062195788315622,0.0,30
model_1,0.2,0.20000000000000007,1.65,11,0.12062195788315622,0.0,30
model_1,0.2,0.20000000000000007,1.65,12,0.12062195788315622,0.0,30
model_1,0.2,0.20000000000000007,1.65,13,0.12062195788315622,0.0,30
model_1,0.2,0.20000000000000007,1.65,14,0.12062195788315622,0.0,30
model_1,0.2,0.20000000000000007,1.65,15,0.12062195788315622,0.0,30
model_1,0.2,0.20000000000000007,1.65,16,0.12062195788315622,0.0,30
model_1,0.2,0.20000000000000007,1.65,17,0.12062195788315622,0.0,30
model_1,0.2,0.20000000000000007,1.65,18,0.12062195788315622,0.0,30
model_1,0.2,0.20000000000000007,1.65,19,0.12062195788315622,0.0,30
model_1,0.2,0.20000000000000007,1.65,20,0.12062195788315622,0.0,30
model_1,0.2,0.20000000000000007,2.0,0,0.016666666666666666,0.24138888888888888,30
model_1,0.2,0.20000000000000007,2.0,1,0.0996679946249559,0.0,30
model_1,0.2,0.20000000000000007,2.0,2,0.0996679946249559,0.0,30
model_1,0.2,0.20000000000000007,2.0,3,0.0996679946249559,0.0,30
model_1,0.2,0.20000000000000007,2.0,4,0.0996679946249559,0.0,30
model_1,0.2,0.20000000000000007,2.0,5,0.0996679946249559,0.0,30
model_1,0.2,0.20000000000000007,2.0,6,0.0996679946249559,0.0,30
model_1,0.2,0.20000000000000007,2.0,7,0.0996679946249559,0.0,30
model_1,0.2,0.20000000000000007,2.0,8,0.0996679946249559,0.0,30
model_1,0.2,0.20000000000000007,2.0,9,0.0996679946249559,0.0,30
model_1,0.2,0.20000000000000007,2.0,10,0.0996679946249559,0.0,30
model_1,0.2,0.20000000000000007,2.0,11,0.0996679946249559,0.0,30
model_1,0.2,0.20000000000000007,2.0,12,0.0996679946249559,0.0,30
model_1,0.2,0.20000000000000007,2.0,13,0.0996679946249559,0.0,30
model_1,0.2,0.20000000000000007,2.0,14,0.0996679946249559,0.0,30
model_1,0.2,0.20000000000000007,2.0,15,0.0996679946249559,0.0,30
model_1,0.2,0.20000000000000007,2.0,16,0.0996679946249559,0.0,30
model_1,0.2,0.20000000000000007,2.0,17,0.0996679946249559,0.0,30
model_1,0.2,0.20000000000000007,2.0,18,0.0996679946249559,0.0,30
model_1,0.2,0.20000000000000007,2.0,19,0.0996679946249559,0.0,30
model_1,0.2,0.20000000000000007,2.0,20,0.0996679946249559,0.0,30
model_1,0.2,0.4,0.6,0,0.016666666666666666,0.24138888888888888,30
model_1,0.2,0.4,0.6,1,0.5827829453479101,0.0,30
model_1,0.2,0.4,0.6,2,0.5827829453479101,0.0,30
model_1,0.2,0.4,0.6,3,0.5827829453479101,0.0,30
model_1,0.2,0.4,0.6,4,0.5827829453479101,0.0,30
model_1,0.2,0.4,0.6,5,0.5827829453479101,0.0,30
model_1,0.2,0.4,0.6,6,0.5827829453479101,0.0,30
model_1,0.2,0.4,0.6,7,0.5827829453479101,0.0,30
model_1,0.2,0.4,0.6,8,0.5827829453479101,0.0,30
model_1,0.2,0.4,0.6,9,0.5827829453479101,0.0,30
model_1,0.2,0.4,0.6,10,0.5827829453479101,0.0,30
model_1,0.2,0.4,0.6,11,0.5827829453479101,0.0,30
model_1,0.2,0.4,0.6,12,0.5827829453479101,0.0,30
model_1,0.2,0.4,0.6,13,0.5827829453479101,0.0,30
model_1,0.2,0.4,0.6,14,0.5827829453479101,0.0,30
model_1,0.2,0.4,0.6,15,0.5827829453479101,0.0,30
model_1,0.2,0.4,0.6,16,0.5827829453479101,0.0,30
model_1,0.2,0.4,0.6,17,0.5827829453479101,0.0,30
model_1,0.2,0.4,0.6,18,0.5827829453479101,0.0,30
model_1,0.2,0.4,0.6,19,0.5827829453479101,0.0,30
model_1,0.2,0.4,0.6,20,0.5827829453479101,0.0,30
model_1,0.2,0.4,0.95,0,0.016666666666666666,0.24138888888888888,30
model_1,0.2,0.4,0.95,1,0.3978168468220349,0.0,30
model_1,0.2,0.4,0.95,2,0.3978168468220349,0.0,30
model_1,0.2,0.4,0.95,3,0.3978168468220349,0.0,30
model_1,0.2,0.4,0.95,4,0.3978168468220349,0.0,30
model_1,0.2,0.4,0.95,5,0.3978168468220349,0.0,30
model_1,0.2,0.4,0.95,6,0.3978168468220349,0.0,30
model_1,0.2,0.4,0.95,7,0.3978168468220349,0.0,30
model_1,0.2,0.4,0.95,8,0.3978168468220349,0.0,30
model_1,0.2,0.4,0.95,9,0.3978168468220349,0.0,30
model_1,0.2,0.4,0.95,10,0.3978168468220349,0.0,30
model_1,0.2,0.4,0.95,11,0.3978168468220349,0.0,30
model_1,0.2,0.4,0.95,12,0.3978168468220349,0.0,30
model_1,0.2,0.4,0.95,13,0.3978168468220349,0.0,30
model_1,0.2,0.4,0.95,14,0.3978168468220349,0.0,30
model_1,0.2,0.4,0.95,15,0.3978168468220349,0.0,30
model_1,0.2,0.4,0.95,16,0.3978168468220349,0.0,30
model_1,0.2,0.4,0.95,17,0.3978168468220349,0.0,30
model_1,0.2,0.4,0.95,18,0.3978168468220349,0.0,30
model_1,0.2,0.4,0.95,19,0.3978168468220349,0.0,30
model_1,0.2,0.4,0.95,20,0.3978168468220349,0.0,30
model_1,0.2,0.4,1.2999999999999998,0,0.016666666666666666,0.24138888888888888,30
model_1,0.2,0.4,1.2999999999999998,1,0.2983362499775455,0.0,30
model_1,0.2,0.4,1.2999999999999998,2,0.2983362499775455,0.0,30
model_1,0.2,0.4,1.2999999999999998,3,0.2983362499775455,0.0,30
model_1,0.2,0.4,1.2999999999999998,4,0.2983362499775455,0.0,30
model_1,0.2,0.4,1.2999999999999998,5,0.2983362499775455,0.0,30
model_1,0.2,0.4,1.2999999999999998,6,0.2983362499775455,0.0,30
model_1,0.2,0.4,1.2999999999999998,7,0.2983362499775455,0.0,30
model_1,0.2,0.4,1.2999999999999998,8,0.2983362499775455,0.0,30
model_1,0.2,0.4,1.2999999999999998,9,0.2983362499775455,0.0,30
model_1,0.2,0.4,1.2999999999999998,10,0.2983362499775455,0.0,30
model_1,0.2,0.4,1.2999999999999998,11,0.2983362499775455,0.0,30
model_1,0.2,0.4,1.2999999999999998,12,0.2983362499775455,0.0,30
model_1,0.2,0.4,1.2999999999999998,13,0.2983362499775455,0.0,30
model_1,0.2,0.4,1.2999999999999998,14,0.2983362499775455,0.0,30
model_1,0.2,0.4,1.2999999999999998,15,0.2983362499775455,0.0,30
model_1,0.2,0.4,1.2999999999999998,16,0.2983362499775455,0.0,30
model_1,0.2,0.4,1.2999999999999998,17,0.2983362499775455,0.0,30
model_1,0.2,0.4,1.2999999999999998,18,0.2983362499775455,0.0,30
model_1,0.2,0.4,1.2999999999999998,19,0.2983362499775455,0.0,30
model_1,0.2,0.4,1.2999999999999998,20,0.2983362499775455,0.0,30
model_1,0.2,0.4,1.65,0,0.016666666666666666,0.24138888888888888,30
model_1,0.2,0.4,1.65,1,0.23778423674736304,0.0,30
model_1,0.2,0.4,1.65,2,0.23778423674736304,0.0,30
model_1,0.2,0.4,1.65,3,0.23778423674736304,0.0,30
model_1,0.2,0.4,1.65,4,0.23778423674736304,0.0,30
model_1,0.2,0.4,1.65,5,0.23778423674736304,0.0,30
model_1,0.2,0.4,1.65,6,0.23778423674736304,0.0,30
model_1,0.2,0.4,1.65,7,0.23778423674736304,0.0,30
model_1,0.2,0.4,1.65,8,0.23778423674736304,0.0,30
model_1,0.2,0.4,1.65,9,0.23778423674736304,0.0,30
model_1,0.2,0.4,1.65,10,0.23778423674736304,0.0,30
model_1,0.2,0.4,1.65,11,0.23778423674736304,0.0,30
model_1,0.2,0.4,1.65,12,0.23778423674736304,0.0,30
model_1,0.2,0.4,1.65,13,0.23778423674736304,0.0,30
model_1,0.2,0.4,1.65,14,0.23778423674736304,0.0,30
model_1,0.2,0.4,1.65,15,0.23778423674736304,0.0,30
model_1,0.2,0.4,1.65,16,0.23778423674736304,0.0,30
model_1,0.2,0.4,1.65,17,0.23778423674736304,0.0,30
model_1,0.2,0.4,1.65,18,0.23778423674736304,0.0,30
model_1,0.2,0.4,1.65,19,0.23778423674736304,0.0,30
model_1,0.2,0.4,1.65,20,0.23778423674736304,0.0,30
model_1,0.2,0.4,2.0,0,0.016666666666666666,0.24138888888888888,30
model_1,0.2,0.4,2.0,1,0.197375320224904,0.0,30
model_1,0.2,0.4,2.0,2,0.197375320224904,0.0,30
model_1,0.2,0.4,2.0,3,0.197375320224904,0.0,30
model_1,0.2,0.4,2.0,4,0.197375320224904,0.0,30
model_1,0.2,0.4,2.0,5,0.197375320224904,0.0,30
model_1,0.2,0.4,2.0,6,0.197375320224904,0.0,30
model_1,0.2,0.4,2.0,7,0.197375320224904,0.0,30
model_1,0.2,0.4,2.0,8,0.197375320224904,0.0,30
model_1,0.2,0.4,2.0,9,0.197375320224904,0.0,30
model_1,0.2,0.4,2.0,10,0.197375320224904,0.0,30
model_1,0.2,0.4,2.0,11,0.197375320224904,0.0,30
model_1,0.2,0.4,2.0,12,0.197375320224904,0.0,30
model_1,0.2,0.4,2.0,13,0.197375320224904,0.0,30
model_1,0.2,0.4,2.0,14,0.197375320224904,0.0,30
model_1,0.2,0.4,2.0,15,0.197375320224904,0.0,30
model_1,0.2,0.4,2.0,16,0.197375320224904,0.0,30
model_1,0.2,0.4,2.0,17,0.197375320224904,0.0,30
model_1,0.2,0.4,2.0,18,0.197375320224904,0.0,30
model_1,0.2,0.4,2.0,19,0.197375320224904,0.0,30
model_1,0.2,0.4,2.0,20,0.197375320224904,0.0,30
model_1,0.45,-0.4,0.6,0,0.016666666666666666,0.24138888888888888,30
model_1,0.45,-0.4,0.6,1,-0.5827829453479102,0.0,30
model_1,0.45,-0.4,0.6,2,-0.5827829453479102,0.0,30
model_1,0.45,-0.4,0.6,3,-0.5827829453479102,0.0,30
model_1,0.45,-0.4,0.6,4,-0.5827829453479102,0.0,30
model_1,0.45,-0.4,0.6,5,-0.5827829453479102,0.0,30
model_1,0.45,-0.4,0.6,6,-0.5827829453479102,0.0,30
model_1,0.45,-0.4,0.6,7,-0.5827829453479102,0.0,30
model_1,0.45,-0.4,0.6,8,-0.5827829453479102,0.0,30
model_1,0.45,-0.4,0.6,9,-0.5827829453479102,0.0,30
model_1,0.45,-0.4,0.6,10,-0.5827829453479102,0.0,30
model_1,0.45,-0.4,0.6,11,-0.5827829453479102,0.0,30
model_1,0.45,-0.4,0.6,12,-0.5827829453479102,0.0,30
model_1,0.45,-0.4,0.6,13,-0.5827829453479102,0.0,30
model_1,0.45,-0.4,0.6,14,-0.5827829453479102,0.0,30
model_1,0.45,-0.4,0.6,15,-0.5827829453479102,0.0,30
model_1,0.45,-0.4,0.6,16,-0.5827829453479102,0.0,30
model_1,0.45,-0.4,0.6,17,-0.5827829453479102,0.0,30
model_1,0.45,-0.4,0.6,18,-0.5827829453479102,0.0,30
model_1,0.45,-0.4,0.6,19,-0.5827829453479102,0.0,30
model_1,0.45,-0.4,0.6,20,-0.5827829453479102,0.0,30
model_1,0.45,-0.4,0.95,0,0.016666666666666666,0.24138888888888888,30
model_1,0.45,-0.4,0.95,1,-0.39781684682203466,0.0,30
model_1,0.45,-0.4,0.95,2,-0.39781684682203466,0.0,30
model_1,0.45,-0.4,0.95,3,-0.39781684682203466,0.0,30
model_1,0.45,-0.4,0.95,4,-0.39781684682203466,0.0,30
model_1,0.45,-0.4,0.95,5,-0.39781684682203466,0.0,30
model_1,0.45,-0.4,0.95,6,-0.39781684682203466,0.0,30
model_1,0.45,-0.4,0.95,7,-0.39781684682203466,0.0,30
model_1,0.45,-0.4,0.95,8,-0.39781684682203466,0.0,30
model_1,0.45,-0.4,0.95,9,-0.39781684682203466,0.0,30
model_1,0.45,-0.4,0.95,10,-0.39781684682203466,0.0,30
model_1,0.45,-0.4,0.95,11,-0.39781684682203466,0.0,30
model_1,0.45,-0.4,0.95,12,-0.39781684682203466,0.0,30
model_1,0.45,-0.4,0.95,13,-0.39781684682203466,0.0,30
model_1,0.45,-0.4,0.95,14,-0.39781684682203466,0.0,30
model_1,0.45,-0.4,0.95,15,-0.39781684682203466,0.0,30
model_1,0.45,-0.4,0.95,16,-0.39781684682203466,0.0,30
model_1,0.45,-0.4,0.95,17,-0.39781684682203466,0.0,30
model_1,0.45,-0.4,0.95,18,-0.39781684682203466,0.0,30
model_1,0.45,-0.4,0.95,19,-0.39781684682203466,0.0,30
model_1,0.45,-0.4,0.95,20,-0.39781684682203466,0.0,30
model_1,0.45,-0.4,1.2999999999999998,0,0.016666666666666666,0.24138888888888888,30
model_1,0.45,-0.4,1.2999999999999998,1,-0.2983362499775455,0.0,30
model_1,0.45,-0.4,1.2999999999999998,2,-0.2983362499775455,0.0,30
model_1,0.45,-0.4,1.2999999999999998,3,-0.2983362499775455,0.0,30
model_1,0.45,-0.4,1.2999999999999998,4,-0.2983362499775455,0.0,30
model_1,0.45,-0.4,1.2999999999999998,5,-0.2983362499775455,0.0,30
model_1,0.45,-0.4,1.2999999999999998,6,-0.2983362499775455,0.0,30
model_1,0.45,-0.4,1.2999999999999998,7,-0.2983362499775455,0.0,30
model_1,0.45,-0.4,1.2999999999999998,8,-0.2983362499775455,0.0,30
model_1,0.45,-0.4,1.2999999999999998,9,-0.2983362499775455,0.0,30
model_1,0.45,-0.4,1.2999999999999998,10,-0.2983362499775455,0.0,30
model_1,0.45,-0.4,1.2999999999999998,11,-0.2983362499775455,0.0,30
model_1,0.45,-0.4,1.2999999999999998,12,-0.2983362499775455,0.0,30
model_1,0.45,-0.4,1.2999999999999998,13,-0.2983362499775455,0.0,30
model_1,0.45,-0.4,1.2999999999999998,14,-0.2983362499775455,0.0,30
model_1,0.45,-0.4,1.2999999999999998,15,-0.2983362499775455,0.0,30
model_1,0.45,-0.4,1.2999999999999998,16,-0.2983362499775455,0.0,30
model_1,0.45,-0.4,1.2999999999999998,17,-0.2983362499775455,0.0,30
model_1,0.45,-0.4,1.2999999999999998,18,-0.2983362499775455,0.0,30
model_1,0.45,-0.4,1.2999999999999998,19,-0.2983362499775455,0.0,30
model_1,0.45,-0.4,1.2999999999999998,20,-0.2983362499775455,0.0,30
model_1,0.45,-0.4,1.65,0,0.016666666666666666,0.24138888888888888,30
model_1,0.45,-0.4,1.65,1,-0.23778423674736315,0.0,30
model_1,0.45,-0.4,1.65,2,-0.23778423674736315,0.0,30
model_1,0.45,-0.4,1.65,3,-0.23778423674736315,0.0,30
model_1,0.45,-0.4,1.65,4,-0.23778423674736315,0.0,30
model_1,0.45,-0.4,1.65,5,-0.23778423674736315,0.0,30
model_1,0.45,-0.4,1.65,6,-0.23778423674736315,0.0,30
model_1,0.45,-0.4,1.65,7,-0.23778423674736315,0.0,30
model_1,0.45,-0.4,1.65,8,-0.23778423674736315,0.0,30
model_1,0.45,-0.4,1.65,9,-0.23778423674736315,0.0,30
model_1,0.45,-0.4,1.65,10,-0.23778423674736315,0.0,30
model_1,0.45,-0.4,1.65,11,-0.23778423674736315,0.0,30
model_1,0.45,-0.4,1.65,12,-0.23778423674736315,0.0,30
model_1,0.45,-0.4,1.65,13,-0.23778423674736315,0.0,30
model_1,0.45,-0.4,1.65,14,-0.23778423674736315,0.0,30
model_1,0.45,-0.4,1.65,15,-0.23778423674736315,0.0,30
model_1,0.45,-0.4,1.65,16,-0.23778423674736315,0.0,30
model_1,0.45,-0.4,1.65,17,-0.23778423674736315,0.0,30
model_1,0.45,-0.4,1.65,18,-0.23778423674736315,0.0,30
model_1,0.45,-0.4,1.65,19,-0.23778423674736315,0.0,30
model_1,0.45,-0.4,1.65,20,-0.23778423674736315,0.0,30
model_1,0.45,-0.4,2.0,0,0.016666666666666666,0.24138888888888888,30
model_1,0.45,-0.4,2.0,1,-0.197375320224904,0.0,30
model_1,0.45,-0.4,2.0,2,-0.197375320224904,0.0,30
model_1,0.45,-0.4,2.0,3,-0.197375320224904,0.0,30
model_1,0.45,-0.4,2.0,4,-0.197375320224904,0.0,30
model_1,0.45,-0.4,2.0,5,-0.197375320224904,0.0,30
model_1,0.45,-0.4,2.0,6,-0.197375320224904,0.0,30
model_1,0.45,-0.4,2.0,7,-0.197375320224904,0.0,30
model_1,0.45,-0.4,2.0,8,-0.197375320224904,0.0,30
model_1,0.45,-0.4,2.0,9,-0.197375320224904,0.0,30
model_1,0.45,-0.4,2.0,10,-0.197375320224904,0.0,30
model_1,0.45,-0.4,2.0,11,-0.197375320224904,0.0,30
model_1,0.45,-0.4,2.0,12,-0.197375320224904,0.0,30
model_1,0.45,-0.4,2.0,13,-0.197375320224904,0.0,30
model_1,0.45,-0.4,2.0,14,-0.197375320224904,0.0,30
model_1,0.45,-0.4,2.0,15,-0.197375320224904,0.0,30
model_1,0.45,-0.4,2.0,16,-0.197375320224904,0.0,30
model_1,0.45,-0.4,2.0,17,-0.197375320224904,0.0,30
model_1,0.45,-0.4,2.0,18,-0.197375320224904,0.0,30
model_1,0.45,-0.4,2.0,19,-0.197375320224904,0.0,30
model_1,0.45,-0.4,2.0,20,-0.197375320224904,0.0,30
model_1,0.45,-0.2,0.6,0,0.016666666666666666,0.24138888888888888,30
model_1,0.45,-0.2,0.6,1,-0.32151273753163434,0.0,30
model_1,0.45,-0.2,0.6,2,-0.32151273753163434,0.0,30
model_1,0.45,-0.2,0.6,3,-0.32151273753163434,0.0,30
model_1,0.45,-0.2,0.6,4,-0.32151273753163434,0.0,30
model_1,0.45,-0.2,0.6,5,-0.32151273753163434,0.0,30
model_1,0.45,-0.2,0.6,6,-0.32151273753163434,0.0,30
model_1,0.45,-0.2,0.6,7,-0.32151273753163434,0.0,30
model_1,0.45,-0.2,0.6,8,-0.32151273753163434,0.0,30
model_1,0.45,-0.2,0.6,9,-0.32151273753163434,0.0,30
model_1,0.45,-0.2,0.6,10,-0.32151273753163434,0.0,30
model_1,0.45,-0.2,0.6,11,-0.32151273753163434,0.0,30
model_1,0.45,-0.2,0.6,12,-0.32151273753163434,0.0,30
model_1,0.45,-0.2,0.6,13,-0.32151273753163434,0.0,30
model_1,0.45,-0.2,0.6,14,-0.32151273753163434,0.0,30
model_1,0.45,-0.2,0.6,15,-0.32151273753163434,0.0,30
model_1,0.45,-0.2,0.6,16,-0.32151273753163434,0.0,30
model_1,0.45,-0.2,0.6,17,-0.32151273753163434,0.0,30
model_1,0.45,-0.2,0.6,18,-0.32151273753163434,0.0,30
model_1,0.45,-0.2,0.6,19,-0.32151273753163434,0.0,30
model_1,0.45,-0.2,0.6,20,-0.32151273753163434,0.0,30
model_1,0.45,-0.2,0.95,0,0.016666666666666666,0.24138888888888888,30
model_1,0.45,-0.2,0.95,1,-0.20747021579643532,0.0,30
model_1,0.45,-0.2,0.95,2,-0.20747021579643532,0.0,30
model_1,0.45,-0.2,0.95,3,-0.20747021579643532,0.0,30
model_1,0.45,-0.2,0.95,4,-0.20747021579643532,0.0,30
model_1,0.45,-0.2,0.95,5,-0.20747021579643532,0.0,30
model_1,0.45,-0.2,0.95,6,-0.20747021579643532,0.0,30
model_1,0.45,-0.2,0.95,7,-0.20747021579643532,0.0,30
model_1,0.45,-0.2,0.95,8,-0.20747021579643532,0.0,30
model_1,0.45,-0.2,0.95,9,-0.20747021579643532,0.0,30
model_1,0.45,-0.2,0.95,10,-0.20747021579643532,0.0,30
model_1,0.45,-0.2,0.95,11,-0.20747021579643532,0.0,30
model_1,0.45,-0.2,0.95,12,-0.20747021579643532,0.0,30
model_1,0.45,-0.2,0.95,13,-0.20747021579643532,0.0,30
model_1,0.45,-0.2,0.95,14,-0.20747021579643532,0.0,30
model_1,0.45,-0.2,0.95,15,-0.20747021579643532,0.0,30
model_1,0.45,-0.2,0.95,16,-0.20747021579643532,0.0,30
model_1,0.45,-0.2,0.95,17,-0.20747021579643532,0.0,30
model_1,0.45,-0.2,0.95,18,-0.20747021579643532,0.0,30
model_1,0.45,-0.2,0.95,19,-0.20747021579643532,0.0,30
model_1,0.45,-0.2,0.95,20,-0.20747021579643532,0.0,30
model_1,0.45,-0.2,1.2999999999999998,0,0.016666666666666666,0.24138888888888888,30
model_1,0.45,-0.2,1.2999999999999998,1,-0.15264375981490486,0.0,30
model_1,0.45,-0.2,1.2999999999999998,2,-0.15264375981490486,0.0,30
model_1,0.45,-0.2,1.2999999999999998,3,-0.15264375981490486,0.0,30
model_1,0.45,-0.2,1.2999999999999998,4,-0.15264375981490486,0.0,30
model_1,0.45,-0.2,1.2999999999999998,5,-0.15264375981490486,0.0,30
model_1,0.45,-0.2,1.2999999999999998,6,-0.15264375981490486,0.0,30
model_1,0.45,-0.2,1.2999999999999998,7,-0.15264375981490486,0.0,30
model_1,0.45,-0.2,1.2999999999999998,8,-0.15264375981490486,0.0,30
model_1,0.45,-0.2,1.2999999999999998,9,-0.15264375981490486,0.0,30
model_1,0.45,-0.2,1.2999999999999998,10,-0.15264375981490486,0.0,30
model_1,0.45,-0.2,1.2999999999999998,11,-0.15264375981490486,0.0,30
model_1,0.45,-0.2,1.2999999999999998,12,-0.15264375981490486,0.0,30
model_1,0.45,-0.2,1.2999999999999998,13,-0.15264375981490486,0.0,30
model_1,0.45,-0.2,1.2999999999999998,14,-0.15264375981490486,0.0,30
model_1,0.45,-0.2,1.2999999999999998,15,-0.15264375981490486,0.0,30
model_1,0.45,-0.2,1.2999999999999998,16,-0.15264375981490486,0.0,30
model_1,0.45,-0.2,1.2999999999999998,17,-0.15264375981490486,0.0,30
model_1,0.45,-0.2,1.2999999999999998,18,-0.15264375981490486,0.0,30
model_1,0.45,-0.2,1.2999999999999998,19,-0.15264375981490486,0.0,30
model_1,0.45,-0.2,1.2999999999999998,20,-0.15264375981490486,0.0,30
model_1,0.45,-0.2,1.65,0,0.016666666666666666,0.24138888888888888,30
model_1,0.45,-0.2,1.65,1,-0.12062195788315633,0.0,30
model_1,0.45,-0.2,1.65,2,-0.12062195788315633,0.0,30
model_1,0.45,-0.2,1.65,3,-0.12062195788315633,0.0,30
model_1,0.45,-0.2,1.65,4,-0.12062195788315633,0.0,30
model_1,0.45,-0.2,1.65,5,-0.12062195788315633,0.0,30
model_1,0.45,-0.2,1.65,6,-0.12062195788315633,0.0,30
model_1,0.45,-0.2,1.65,7,-0.12062195788315633,0.0,30
model_1,0.45,-0.2,1.65,8,-0.12062195788315633,0.0,30
model_1,0.45,-0.2,1.65,9,-0.12062195788315633,0.0,30
model_1,0.45,-0.2,1.65,10,-0.12062195788315633,0.0,30
model_1,0.45,-0.2,1.65,11,-0.12062195788315633,0.0,30
model_1,0.45,-0.2,1.65,12,-0.12062195788315633,0.0,30
model_1,0.45,-0.2,1.65,13,-0.12062195788315633,0.0,30
model_1,0.45,-0.2,1.65,14,-0.12062195788315633,0.0,30
model_1,0.45,-0.2,1.65,15,-0.12062195788315633,0.0,30
model_1,0.45,-0.2,1.65,16,-0.12062195788315633,0.0,30
model_1,0.45,-0.2,1.65,17,-0.12062195788315633,0.0,30
model_1,0.45,-0.2,1.65,18,-0.12062195788315633,0.0,30
model_1,0.45,-0.2,1.65,19,-0.12062195788315633,0.0,30
model_1,0.45,-0.2,1.65,20,-0.12062195788315633,0.0,30
model_1,0.45,-0.2,2.0,0,0.016666666666666666,0.24138888888888888,30
model_1,0.45,-0.2,2.0,1,-0.09966799462495568,0.0,30
model_1,0.45,-0.2,2.0,2,-0.09966799462495568,0.0,30
model_1,0.45,-0.2,2.0,3,-0.09966799462495568,0.0,30
model_1,0.45,-0.2,2.0,4,-0.09966799462495568,0.0,30
model_1,0.45,-0.2,2.0,5,-0.09966799462495568,0.0,30
model_1,0.45,-0.2,2.0,6,-0.09966799462495568,0.0,30
model_1,0.45,-0.2,2.0,7,-0.09966799462495568,0.0,30
model_1,0.45,-0.2,2.0,8,-0.09966799462495568,0.0,30
model_1,0.45,-0.2,2.0,9,-0.09966799462495568,0.0,30
model_1,0.45,-0.2,2.0,10,-0.09966799462495568,0.0,30
model_1,0.45,-0.2,2.0,11,-0.09966799462495568,0.0,30
model_1,0.45,-0.2,2.0,12,-0.09966799462495568,0.0,30
model_1,0.45,-0.2,2.0,13,-0.09966799462495568,0.0,30
model_1,0.45,-0.2,2.0,14,-0.09966799462495568,0.0,30
model_1,0.45,-0.2,2.0,15,-0.09966799462495568,0.0,30
model_1,0.45,-0.2,2.0,16,-0.09966799462495568,0.0,30
model_1,0.45,-0.2,2.0,17,-0.09966799462495568,0.0,30
model_1,0.45,-0.2,2.0,18,-0.09966799462495568,0.0,30
model_1,0.45,-0.2,2.0,19,-0.09966799462495568,0.0,30
model_1,0.45,-0.2,2.0,20,-0.09966799462495568,0.0,30
model_1,0.45,0.0,0.6,0,0.016666666666666666,0.24138888888888888,30
model_1,0.45,0.0,0.6,1,0.0,0.0,30
model_1,0.45,0.0,0.6,2,0.0,0.0,30
model_1,0.45,0.0,0.6,3,0.0,0.0,30
model_1,0.45,0.0,0.6,4,0.0,0.0,30
model_1,0.45,0.0,0.6,5,0.0,0.0,30
model_1,0.45,0.0,0.6,6,0.0,0.0,30
model_1,0.45,0.0,0.6,7,0.0,0.0,30
model_1,0.45,0.0,0.6,8,0.0,0.0,30
model_1,0.45,0.0,0.6,9,0.0,0.0,30
model_1,0.45,0.0,0.6,10,0.0,0.0,30
model_1,0.45,0.0,0.6,11,0.0,0.0,30
model_1,0.45,0.0,0.6,12,0.0,0.0,30
model_1,0.45,0.0,0.6,13,0.0,0.0,30
model_1,0.45,0.0,0.6,14,0.0,0.0,30
model_1,0.45,0.0,0.6,15,0.0,0.0,30
model_1,0.45,0.0,0.6,16,0.0,0.0,30
model_1,0.45,0.0,0.6,17,0.0,0.0,30
model_1,0.45,0.0,0.6,18,0.0,0.0,30
model_1,0.45,0.0,0.6,19,0.0,0.0,30
model_1,0.45,0.0,0.6,20,0.0,0.0,30
model_1,0.45,0.0,0.95,0,0.016666666666666666,0.24138888888888888,30
model_1,0.45,0.0,0.95,1,0.0,0.0,30
model_1,0.45,0.0,0.95,2,0.0,0.0,30
model_1,0.45,0.0,0.95,3,0.0,0.0,30
model_1,0.45,0.0,0.95,4,0.0,0.0,30
model_1,0.45,0.0,0.95,5,0.0,0.0,30
model_1,0.45,0.0,0.95,6,0.0,0.0,30
model_1,0.45,0.0,0.95,7,0.0,0.0,30
model_1,0.45,0.0,0.95,8,0.0,0.0,30
model_1,0.45,0.0,0.95,9,0.0,0.0,30
model_1,0.45,0.0,0.95,10,0.0,0.0,30
model_1,0.45,0.0,0.95,11,0.0,0.0,30
model_1,0.45,0.0,0.95,12,0.0,0.0,30
model_1,0.45,0.0,0.95,13,0.0,0.0,30
model_1,0.45,0.0,0.95,14,0.0,0.0,30
model_1,0.45,0.0,0.95,15,0.0,0.0,30
model_1,0.45,0.0,0.95,16,0.0,0.0,30
model_1,0.45,0.0,0.95,17,0.0,0.0,30
model_1,0.45,0.0,0.95,18,0.0,0.0,30
model_1,0.45,0.0,0.95,19,0.0,0.0,30
model_1,0.45,0.0,0.95,20,0.0,0.0,30
model_1,0.45,0.0,1.2999999999999998,0,0.016666666666666666,0.24138888888888888,30
model_1,0.45,0.0,1.2999999999999998,1,0.0,0.0,30
model_1,0.45,0.0,1.2999999999999998,2,0.0,0.0,30
model_1,0.45,0.0,1.2999999999999998,3,0.0,0.0,30
model_1,0.45,0.0,1.2999999999999998,4,0.0,0.0,30
model_1,0.45,0.0,1.2999999999999998,5,0.0,0.0,30
model_1,0.45,0.0,1.2999999999999998,6,0.0,0.0,30
model_1,0.45,0.0,1.2999999999999998,7,0.0,0.0,30
model_1,0.45,0.0,1.2999999999999998,8,0.0,0.0,30
model_1,0.45,0.0,1.2999999999999998,9,0.0,0.0,30
model_1,0.45,0.0,1.2999999999999998,10,0.0,0.0,30
model_1,0.45,0.0,1.2999999999999998,11,0.0,0.0,30
model_1,0.45,0.0,1.2999999999999998,12,0.0,0.0,30
model_1,0.45,0.0,1.2999999999999998,13,0.0,0.0,30
model_1,0.45,0.0,1.2999999999999998,14,0.0,0.0,30
model_1,0.45,0.0,1.2999999999999998,15,0.0,0.0,30
model_1,0.45,0.0,1.2999999999999998,16,0.0,0.0,30
model_1,0.45,0.0,1.2999999999999998,17,0.0,0.0,30
model_1,0.45,0.0,1.2999999999999998,18,0.0,0.0,30
model_1,0.45,0.0,1.2999999999999998,19,0.0,0.0,30
model_1,0.45,0.0,1.2999999999999998,20,0.0,0.0,30
model_1,0.45,0.0,1.65,0,0.016666666666666666,0.24138888888888888,30
model_1,0.45,0.0,1.65,1,0.0,0.0,30
model_1,0.45,0.0,1.65,2,0.0,0.0,30
model_1,0.45,0.0,1.65,3,0.0,0.0,30
model_1,0.45,0.0,1.65,4,0.0,0.0,30
model_1,0.45,0.0,1.65,5,0.0,0.0,30
model_1,0.45,0.0,1.65,6,0.0,0.0,30
model_1,0.45,0.0,1.65,7,0.0,0.0,30
model_1,0.45,0.0,1.65,8,0.0,0.0,30
model_1,0.45,0.0,1.65,9,0.0,0.0,30
model_1,0.45,0.0,1.65,10,0.0,0.0,30
model_1,0.45,0.0,1.65,11,0.0,0.0,30
model_1,0.45,0.0,1.65,12,0.0,0.0,30
model_1,0.45,0.0,1.65,13,0.0,0.0,30
model_1,0.45,0.0,1.65,14,0.0,0.0,30
model_1,0.45,0.0,1.65,15,0.0,0.0,30
model_1,0.45,0.0,1.65,16,0.0,0.0,30
model_1,0.45,0.0,1.65,17,0.0,0.0,30
model_1,0.45,0.0,1.65,18,0.0,0.0,30
model_1,0.45,0.0,1.65,19,0.0,0.0,30
model_1,0.45,0.0,1.65,20,0.0,0.0,30
model_1,0.45,0.0,2.0,0,0.016666666666666666,0.24138888888888888,30
model_1,0.45,0.0,2.0,1,0.0,0.0,30
model_1,0.45,0.0,2.0,2,0.0,0.0,30
model_1,0.45,0.0,2.0,3,0.0,0.0,30
model_1,0.45,0.0,2.0,4,0.0,0.0,30
model_1,0.45,0.0,2.0,5,0.0,0.0,30
model_1,0.45,0.0,2.0,6,0.0,0.0,30
model_1,0.45,0.0,2.0,7,0.0,0.0,30
model_1,0.45,0.0,2.0,8,0.0,0.0,30
model_1,0.45,0.0,2.0,9,0.0,0.0,30
model_1,0.45,0.0,2.0,10,0.0,0.0,30
model_1,0.45,0.0,2.0,11,0.0,0.0,30
model_1,0.45,0.0,2.0,12,0.0,0.0,30
model_1,0.45,0.0,2.0,13,0.0,0.0,30
model_1,0.45,0.0,2.0,14,0.0,0.0,30
model_1,0.45,0.0,2.0,15,0.0,0.0,30
model_1,0.45,0.0,2.0,16,0.0,0.0,30
model_1,0.45,0.0,2.0,17,0.0,0.0,30
model_1,0.45,0.0,2.0,18,0.0,0.0,30
model_1,0.45,0.0,2.0,19,0.0,0.0,30
model_1,0.45,0.0,2.0,20,0.0,0.0,30
model_1,0.45,0.20000000000000007,0.6,0,0.016666666666666666,0.24138888888888888,30
model_1,0.45,0.20000000000000007,0.6,1,0.32151273753163445,0.0,30
model_1,0.45,0.20000000000000007,0.6,2,0.32151273753163445,0.0,30
model_1,0.45,0.20000000000000007,0.6,3,0.32151273753163445,0.0,30
model_1,0.45,0.20000000000000007,0.6,4,0.32151273753163445,0.0,30
model_1,0.45,0.20000000000000007,0.6,5,0.32151273753163445,0.0,30
model_1,0.45,0.20000000000000007,0.6,6,0.32151273753163445,0.0,30
model_1,0.45,0.20000000000000007,0.6,7,0.32151273753163445,0.0,30
model_1,0.45,0.20000000000000007,0.6,8,0.32151273753163445,0.0,30
model_1,0.45,0.20000000000000007,0.6,9,0.32151273753163445,0.0,30
model_1,0.45,0.20000000000000007,0.6,10,0.32151273753163445,0.0,30
model_1,0.45,0.20000000000000007,0.6,11,0.32151273753163445,0.0,30
model_1,0.45,0.20000000000000007,0.6,12,0.32151273753163445,0.0,30
model_1,0.45,0.20000000000000007,0.6,13,0.32151273753163445,0.0,30
model_1,0.45,0.20000000000000007,0.6,14,0.32151273753163445,0.0,30
model_1,0.45,0.20000000000000007,0.6,15,0.32151273753163445,0.0,30
model_1,0.45,0.20000000000000007,0.6,16,0.32151273753163445,0.0,30
model_1,0.45,0.20000000000000007,0.6,17,0.32151273753163445,0.0,30
model_1,0.45,0.20000000000000007,0.6,18,0.32151273753163445,0.0,30
model_1,0.45,0.20000000000000007,0.6,19,0.32151273753163445,0.0,30
model_1,0.45,0.20000000000000007,0.6,20,0.32151273753163445,0.0,30
model_1,0.45,0.20000000000000007,0.95,0,0.016666666666666666,0.24138888888888888,30
model_1,0.45,0.20000000000000007,0.95,1,0.20747021579643543,0.0,30
model_1,0.45,0.20000000000000007,0.95,2,0.20747021579643543,0.0,30
model_1,0.45,0.20000000000000007,0.95,3,0.20747021579643543,0.0,30
model_1,0.45,0.20000000000000007,0.95,4,0.20747021579643543,0.0,30
model_1,0.45,0.20000000000000007,0.95,5,0.20747021579643543,0.0,30
model_1,0.45,0.20000000000000007,0.95,6,0.20747021579643543,0.0,30
model_1,0.45,0.20000000000000007,0.95,7,0.20747021579643543,0.0,30
model_1,0.45,0.20000000000000007,0.95,8,0.20747021579643543,0.0,30
model_1,0.45,0.20000000000000007,0.95,9,0.20747021579643543,0.0,30
model_1,0.45,0.20000000000000007,0.95,10,0.20747021579643543,0.0,30
model_1,0.45,0.20000000000000007,0.95,11,0.20747021579643543,0.0,30
model_1,0.45,0.20000000000000007,0.95,12,0.20747021579643543,0.0,30
model_1,0.45,0.20000000000000007,0.95,13,0.20747021579643543,0.0,30
model_1,0.45,0.20000000000000007,0.95,14,0.20747021579643543,0.0,30
model_1,0.45,0.20000000000000007,0.95,15,0.20747021579643543,0.0,30
model_1,0.45,0.20000000000000007,0.95,16,0.20747021579643543,0.0,30
model_1,0.45,0.20000000000000007,0.95,17,0.20747021579643543,0.0,30
model_1,0.45,0.20000000000000007,0.95,18,0.20747021579643543,0.0,30
model_1,0.45,0.20000000000000007,0.95,19,0.20747021579643543,0.0,30
model_1,0.45,0.20000000000000007,0.95,20,0.20747021579643543,0.0,30
model_1,0.45,0.20000000000000007,1.2999999999999998,0,0.016666666666666666,0.24138888888888888,30
model_1,0.45,0.20000000000000007,1.2999999999999998,1,0.15264375981490508,0.0,30
model_1,0.45,0.20000000000000007,1.2999999999999998,2,0.15264375981490508,0.0,30
model_1,0.45,0.20000000000000007,1.2999999999999998,3,0.15264375981490508,0.0,30
model_1,0.45,0.20000000000000007,1.2999999999999998,4,0.15264375981490508,0.0,30
model_1,0.45,0.20000000000000007,1.2999999999999998,5,0.15264375981490508,0.0,30
model_1,0.45,0.20000000000000007,1.2999999999999998,6,0.15264375981490508,0.0,30
model_1,0.45,0.20000000000000007,1.2999999999999998,7,0.15264375981490508,0.0,30
model_1,0.45,0.20000000000000007,1.2999999999999998,8,0.15264375981490508,0.0,30
model_1,0.45,0.20000000000000007,1.2999999999999998,9,0.15264375981490508,0.0,30
model_1,0.45,0.20000000000000007,1.2999999999999998,10,0.15264375981490508,0.0,30
model_1,0.45,0.20000000000000007,1.2999999999999998,11,0.15264375981490508,0.0,30
model_1,0.45,0.20000000000000007,1.2999999999999998,12,0.15264375981490508,0.0,30
model_1,0.45,0.20000000000000007,1.2999999999999998,13,0.15264375981490508,0.0,30
model_1,0.45,0.20000000000000007,1.2999999999999998,14,0.15264375981490508,0.0,30
model_1,0.45,0.20000000000000007,1.2999999999999998,15,0.15264375981490508,0.0,30
model_1,0.45,0.20000000000000007,1.2999999999999998,16,0.15264375981490508,0.0,30
model_1,0.45,0.20000000000000007,1.2999999999999998,17,0.15264375981490508,0.0,30
model_1,0.45,0.20000000000000007,1.2999999999999998,18,0.15264375981490508,0.0,30
model_1,0.45,0.20000000000000007,1.2999999999999998,19,0.15264375981490508,0.0,30
model_1,0.45,0.20000000000000007,1.2999999999999998,20,0.15264375981490508,0.0,30
model_1,0.45,0.20000000000000007,1.65,0,0.016666666666666666,0.24138888888888888,30
model_1,0.45,0.20000000000000007,1.65,1,0.12062195788315622,0.0,30
model_1,0.45,0.20000000000000007,1.65,2,0.12062195788315622,0.0,30
model_1,0.45,0.20000000000000007,1.65,3,0.12062195788315622,0.0,30
model_1,0.45,0.20000000000000007,1.65,4,0.12062195788315622,0.0,30
model_1,0.45,0.20000000000000007,1.65,5,0.12062195788315622,0.0,30
model_1,0.45,0.20000000000000007,1.65,6,0.12062195788315622,0.0,30
model_1,0.45,0.20000000000000007,1.65,7,0.12062195788315622,0.0,30
model_1,0.45,0.20000000000000007,1.65,8,0.12062195788315622,0.0,30
model_1,0.45,0.20000000000000007,1.65,9,0.12062195788315622,0.0,30
model_1,0.45,0.20000000000000007,1.65,10,0.12062195788315622,0.0,30
model_1,0.45,0.20000000000000007,1.65,11,0.12062195788315622,0.0,30
model_1,0.45,0.20000000000000007,1.65,12,0.12062195788315622,0.0,30
model_1,0.45,0.20000000000000007,1.65,13,0.12062195788315622,0.0,30
model_1,0.45,0.20000000000000007,1.65,14,0.12062195788315622,0.0,30
model_1,0.45,0.20000000000000007,1.65,15,0.12062195788315622,0.0,30
model_1,0.45,0.20000000000000007,1.65,16,0.12062195788315622,0.0,30
model_1,0.45,0.20000000000000007,1.65,17,0.12062195788315622,0.0,30
model_1,0.45,0.20000000000000007,1.65,18,0.12062195788315622,0.0,30
model_1,0.45,0.20000000000000007,1.65,19,0.12062195788315622,0.0,30
model_1,0.45,0.20000000000000007,1.65,20,0.12062195788315622,0.0,30
model_1,0.45,0.20000000000000007,2.0,0,0.016666666666666666,0.24138888888888888,30
model_1,0.45,0.20000000000000007,2.0,1,0.0996679946249559,0.0,30
model_1,0.45,0.20000000000000007,2.0,2,0.0996679946249559,0.0,30
model_1,0.45,0.20000000000000007,2.0,3,0.0996679946249559,0.0,30
model_1,0.45,0.20000000000000007,2.0,4,0.0996679946249559,0.0,30
model_1,0.45,0.20000000000000007,2.0,5,0.0996679946249559,0.0,30
model_1,0.45,0.20000000000000007,2.0,6,0.0996679946249559,0.0,30
model_1,0.45,0.20000000000000007,2.0,7,0.0996679946249559,0.0,30
model_1,0.45,0.20000000000000007,2.0,8,0.0996679946249559,0.0,30
model_1,0.45,0.20000000000000007,2.0,9,0.0996679946249559,0.0,30
model_1,0.45,0.20000000000000007,2.0,10,0.0996679946249559,0.0,30
model_1,0.45,0.20000000000000007,2.0,11,0.0996679946249559,0.0,30
model_1,0.45,0.20000000000000007,2.0,12,0.0996679946249559,0.0,30
model_1,0.45,0.20000000000000007,2.0,13,0.0996679946249559,0.0,30
model_1,0.45,0.20000000000000007,2.0,14,0.0996679946249559,0.0,30
model_1,0.45,0.20000000000000007,2.0,15,0.0996679946249559,0.0,30
model_1,0.45,0.20000000000000007,2.0,16,0.0996679946249559,0.0,30
model_1,0.45,0.20000000000000007,2.0,17,0.0996679946249559,0.0,30
model_1,0.45,0.20000000000000007,2.0,18,0.0996679946249559,0.0,30
model_1,0.45,0.20000000000000007,2.0,19,0.0996679946249559,0.0,30
model_1,0.45,0.20000000000000007,2.0,20,0.0996679946249559,0.0,30
model_1,0.45,0.4,0.6,0,0.016666666666666666,0.24138888888888888,30
model_1,0.45,0.4,0.6,1,0.5827829453479101,0.0,30
model_1,0.45,0.4,0.6,2,0.5827829453479101,0.0,30
model_1,0.45,0.4,0.6,3,0.5827829453479101,0.0,30
model_1,0.45,0.4,0.6,4,0.5827829453479101,0.0,30
model_1,0.45,0.4,0.6,5,0.5827829453479101,0.0,30
model_1,0.45,0.4,0.6,6,0.5827829453479101,0.0,30
model_1,0.45,0.4,0.6,7,0.5827829453479101,0.0,30
model_1,0.45,0.4,0.6,8,0.5827829453479101,0.0,30
model_1,0.45,0.4,0.6,9,0.5827829453479101,0.0,30
model_1,0.45,0.4,0.6,10,0.5827829453479101,0.0,30
model_1,0.45,0.4,0.6,11,0.5827829453479101,0.0,30
model_1,0.45,0.4,0.6,12,0.5827829453479101,0.0,30
model_1,0.45,0.4,0.6,13,0.5827829453479101,0.0,30
model_1,0.45,0.4,0.6,14,0.5827829453479101,0.0,30
model_1,0.45,0.4,0.6,15,0.5827829453479101,0.0,30
model_1,0.45,0.4,0.6,16,0.5827829453479101,0.0,30
model_1,0.45,0.4,0.6,17,0.5827829453479101,0.0,30
model_1,0.45,0.4,0.6,18,0.5827829453479101,0.0,30
model_1,0.45,0.4,0.6,19,0.5827829453479101,0.0,30
model_1,0.45,0.4,0.6,20,0.5827829453479101,0.0,30
model_1,0.45,0.4,0.95,0,0.016666666666666666,0.24138888888888888,30
model_1,0.45,0.4,0.95,1,0.3978168468220349,0.0,30
model_1,0.45,0.4,0.95,2,0.3978168468220349,0.0,30
model_1,0.45,0.4,0.95,3,0.3978168468220349,0.0,30
model_1,0.45,0.4,0.95,4,0.3978168468220349,0.0,30
model_1,0.45,0.4,0.95,5,0.3978168468220349,0.0,30
model_1,0.45,0.4,0.95,6,0.3978168468220349,0.0,30
model_1,0.45,0.4,0.95,7,0.3978168468220349,0.0,30
model_1,0.45,0.4,0.95,8,0.3978168468220349,0.0,30
model_1,0.45,0.4,0.95,9,0.3978168468220349,0.0,30
model_1,0.45,0.4,0.95,10,0.3978168468220349,0.0,30
model_1,0.45,0.4,0.95,11,0.3978168468220349,0.0,30
model_1,0.45,0.4,0.95,12,0.3978168468220349,0.0,30
model_1,0.45,0.4,0.95,13,0.3978168468220349,0.0,30
model_1,0.45,0.4,0.95,14,0.3978168468220349,0.0,30
model_1,0.45,0.4,0.95,15,0.3978168468220349,0.0,30
model_1,0.45,0.4,0.95,16,0.3978168468220349,0.0,30
model_1,0.45,0.4,0.95,17,0.3978168468220349,0.0,30
model_1,0.45,0.4,0.95,18,0.3978168468220349,0.0,30
model_1,0.45,0.4,0.95,19,0.3978168468220349,0.0,30
model_1,0.45,0.4,0.95,20,0.3978168468220349,0.0,30
model_1,0.45,0.4,1.2999999999999998,0,0.016666666666666666,0.24138888888888888,30
model_1,0.45,0.4,1.2999999999999998,1,0.2983362499775455,0.0,30
model_1,0.45,0.4,1.2999999999999998,2,0.2983362499775455,0.0,30
model_1,0.45,0.4,1.2999999999999998,3,0.2983362499775455,0.0,30
model_1,0.45,0.4,1.2999999999999998,4,0.2983362499775455,0.0,30
model_1,0.45,0.4,1.2999999999999998,5,0.2983362499775455,0.0,30
model_1,0.45,0.4,1.2999999999999998,6,0.2983362499775455,0.0,30
model_1,0.45,0.4,1.2999999999999998,7,0.2983362499775455,0.0,30
model_1,0.45,0.4,1.2999999999999998,8,0.2983362499775455,0.0,30
model_1,0.45,0.4,1.2999999999999998,9,0.2983362499775455,0.0,30
model_1,0.45,0.4,1.2999999999999998,10,0.2983362499775455,0.0,30
model_1,0.45,0.4,1.2999999999999998,11,0.2983362499775455,0.0,30
model_1,0.45,0.4,1.2999999999999998,12,0.2983362499775455,0.0,30
model_1,0.45,0.4,1.2999999999999998,13,0.2983362499775455,0.0,30
model_1,0.45,0.4,1.2999999999999998,14,0.2983362499775455,0.0,30
model_1,0.45,0.4,1.2999999999999998,15,0.2983362499775455,0.0,30
model_1,0.45,0.4,1.2999999999999998,16,0.2983362499775455,0.0,30
model_1,0.45,0.4,1.2999999999999998,17,0.2983362499775455,0.0,30
model_1,0.45,0.4,1.2999999999999998,18,0.2983362499775455,0.0,30
model_1,0.45,0.4,1.2999999999999998,19,0.2983362499775455,0.0,30
model_1,0.45,0.4,1.2999999999999998,20,0.2983362499775455,0.0,30
model_1,0.45,0.4,1.65,0,0.016666666666666666,0.24138888888888888,30
model_1,0.45,0.4,1.65,1,0.23778423674736304,0.0,30
model_1,0.45,0.4,1.65,2,0.23778423674736304,0.0,30
model_1,0.45,0.4,1.65,3,0.23778423674736304,0.0,30
model_1,0.45,0.4,1.65,4,0.23778423674736304,0.0,30
model_1,0.45,0.4,1.65,5,0.23778423674736304,0.0,30
model_1,0.45,0.4,1.65,6,0.23778423674736304,0.0,30
model_1,0.45,0.4,1.65,7,0.23778423674736304,0.0,30
model_1,0.45,0.4,1.65,8,0.23778423674736304,0.0,30
model_1,0.45,0.4,1.65,9,0.23778423674736304,0.0,30
model_1,0.45,0.4,1.65,10,0.23778423674736304,0.0,30
model_1,0.45,0.4,1.65,11,0.23778423674736304,0.0,30
model_1,0.45,0.4,1.65,12,0.23778423674736304,0.0,30
model_1,0.45,0.4,1.65,13,0.23778423674736304,0.0,30
model_1,0.45,0.4,1.65,14,0.23778423674736304,0.0,30
model_1,0.45,0.4,1.65,15,0.23778423674736304,0.0,30
model_1,0.45,0.4,1.65,16,0.23778423674736304,0.0,30
model_1,0.45,0.4,1.65,17,0.23778423674736304,0.0,30
model_1,0.45,0.4,1.65,18,0.23778423674736304,0.0,30
model_1,0.45,0.4,1.65,19,0.23778423674736304,0.0,30
model_1,0.45,0.4,1.65,20,0.23778423674736304,0.0,30
model_1,0.45,0.4,2.0,0,0.016666666666666666,0.24138888888888888,30
model_1,0.45,0.4,2.0,1,0.197375320224904,0.0,30
model_1,0.45,0.4,2.0,2,0.197375320224904,0.0,30
model_1,0.45,0.4,2.0,3,0.197375320224904,0.0,30
model_1,0.45,0.4,2.0,4,0.197375320224904,0.0,30
model_1,0.45,0.4,2.0,5,0.197375320224904,0.0,30
model_1,0.45,0.4,2.0,6,0.197375320224904,0.0,30
model_1,0.45,0.4,2.0,7,0.197375320224904,0.0,30
model_1,0.45,0.4,2.0,8,0.197375320224904,0.0,30
model_1,0.45,0.4,2.0,9,0.197375320224904,0.0,30
model_1,0.45,0.4,2.0,10,0.197375320224904,0.0,30
model_1,0.45,0.4,2.0,11,0.197375320224904,0.0,30
model_1,0.45,0.4,2.0,12,0.197375320224904,0.0,30
model_1,0.45,0.4,2.0,13,0.197375320224904,0.0,30
model_1,0.45,0.4,2.0,14,0.197375320224904,0.0,30
model_1,0.45,0.4,2.0,15,0.197375320224904,0.0,30
model_1,0.45,0.4,2.0,16,0.197375320224904,0.0,30
model_1,0.45,0.4,2.0,17,0.197375320224904,0.0,30
model_1,0.45,0.4,2.0,18,0.197375320224904,0.0,30
model_1,0.45,0.4,2.0,19,0.197375320224904,0.0,30
model_1,0.45,0.4,2.0,20,0.197375320224904,0.0,30
model_1,0.7,-0.4,0.6,0,0.016666666666666666,0.24138888888888888,30
model_1,0.7,-0.4,0.6,1,-0.5827829453479102,0.0,30
model_1,0.7,-0.4,0.6,2,-0.5827829453479102,0.0,30
model_1,0.7,-0.4,0.6,3,-0.5827829453479102,0.0,30
model_1,0.7,-0.4,0.6,4,-0.5827829453479102,0.0,30
model_1,0.7,-0.4,0.6,5,-0.5827829453479102,0.0,30
model_1,0.7,-0.4,0.6,6,-0.5827829453479102,0.0,30
model_1,0.7,-0.4,0.6,7,-0.5827829453479102,0.0,30
model_1,0.7,-0.4,0.6,8,-0.5827829453479102,0.0,30
model_1,0.7,-0.4,0.6,9,-0.5827829453479102,0.0,30
model_1,0.7,-0.4,0.6,10,-0.5827829453479102,0.0,30
model_1,0.7,-0.4,0.6,11,-0.5827829453479102,0.0,30
model_1,0.7,-0.4,0.6,12,-0.5827829453479102,0.0,30
model_1,0.7,-0.4,0.6,13,-0.5827829453479102,0.0,30
model_1,0.7,-0.4,0.6,14,-0.5827829453479102,0.0,30
model_1,0.7,-0.4,0.6,15,-0.5827829453479102,0.0,30
model_1,0.7,-0.4,0.6,16,-0.5827829453479102,0.0,30
model_1,0.7,-0.4,0.6,17,-0.5827829453479102,0.0,30
model_1,0.7,-0.4,0.6,18,-0.5827829453479102,0.0,30
model_1,0.7,-0.4,0.6,19,-0.5827829453479102,0.0,30
model_1,0.7,-0.4,0.6,20,-0.5827829453479102,0.0,30
model_1,0.7,-0.4,0.95,0,0.016666666666666666,0.24138888888888888,30
model_1,0.7,-0.4,0.95,1,-0.39781684682203466,0.0,30
model_1,0.7,-0.4,0.95,2,-0.39781684682203466,0.0,30
model_1,0.7,-0.4,0.95,3,-0.39781684682203466,0.0,30
model_1,0.7,-0.4,0.95,4,-0.39781684682203466,0.0,30
model_1,0.7,-0.4,0.95,5,-0.39781684682203466,0.0,30
model_1,0.7,-0.4,0.95,6,-0.39781684682203466,0.0,30
model_1,0.7,-0.4,0.95,7,-0.39781684682203466,0.0,30
model_1,0.7,-0.4,0.95,8,-0.39781684682203466,0.0,30
model_1,0.7,-0.4,0.95,9,-0.39781684682203466,0.0,30
model_1,0.7,-0.4,0.95,10,-0.39781684682203466,0.0,30
model_1,0.7,-0.4,0.95,11,-0.39781684682203466,0.0,30
model_1,0.7,-0.4,0.95,12,-0.39781684682203466,0.0,30
model_1,0.7,-0.4,0.95,13,-0.39781684682203466,0.0,30
model_1,0.7,-0.4,0.95,14,-0.39781684682203466,0.0,30
model_1,0.7,-0.4,0.95,15,-0.39781684682203466,0.0,30
model_1,0.7,-0.4,0.95,16,-0.39781684682203466,0.0,30
model_1,0.7,-0.4,0.95,17,-0.39781684682203466,0.0,30
model_1,0.7,-0.4,0.95,18,-0.39781684682203466,0.0,30
model_1,0.7,-0.4,0.95,19,-0.39781684682203466,0.0,30
model_1,0.7,-0.4,0.95,20,-0.39781684682203466,0.0,30
model_1,0.7,-0.4,1.2999999999999998,0,0.016666666666666666,0.24138888888888888,30
model_1,0.7,-0.4,1.2999999999999998,1,-0.2983362499775455,0.0,30
model_1,0.7,-0.4,1.2999999999999998,2,-0.2983362499775455,0.0,30
model_1,0.7,-0.4,1.2999999999999998,3,-0.2983362499775455,0.0,30
model_1,0.7,-0.4,1.2999999999999998,4,-0.2983362499775455,0.0,30
model_1,0.7,-0.4,1.2999999999999998,5,-0.2983362499775455,0.0,30
model_1,0.7,-0.4,1.2999999999999998,6,-0.2983362499775455,0.0,30
model_1,0.7,-0.4,1.2999999999999998,7,-0.2983362499775455,0.0,30
model_1,0.7,-0.4,1.2999999999999998,8,-0.2983362499775455,0.0,30
model_1,0.7,-0.4,1.2999999999999998,9,-0.2983362499775455,0.0,30
model_1,0.7,-0.4,1.2999999999999998,10,-0.2983362499775455,0.0,30
model_1,0.7,-0.4,1.2999999999999998,11,-0.2983362499775455,0.0,30
model_1,0.7,-0.4,1.2999999999999998,12,-0.2983362499775455,0.0,30
model_1,0.7,-0.4,1.2999999999999998,13,-0.2983362499775455,0.0,30
model_1,0.7,-0.4,1.2999999999999998,14,-0.2983362499775455,0.0,30
model_1,0.7,-0.4,1.2999999999999998,15,-0.2983362499775455,0.0,30
model_1,0.7,-0.4,1.2999999999999998,16,-0.2983362499775455,0.0,30
model_1,0.7,-0.4,1.2999999999999998,17,-0.2983362499775455,0.0,30
model_1,0.7,-0.4,1.2999999999999998,18,-0.2983362499775455,0.0,30
model_1,0.7,-0.4,1.2999999999999998,19,-0.2983362499775455,0.0,30
model_1,0.7,-0.4,1.2999999999999998,20,-0.2983362499775455,0.0,30
model_1,0.7,-0.4,1.65,0,0.016666666666666666,0.24138888888888888,30
model_1,0.7,-0.4,1.65,1,-0.23778423674736315,0.0,30
model_1,0.7,-0.4,1.65,2,-0.23778423674736315,0.0,30
model_1,0.7,-0.4,1.65,3,-0.23778423674736315,0.0,30
model_1,0.7,-0.4,1.65,4,-0.23778423674736315,0.0,30
model_1,0.7,-0.4,1.65,5,-0.23778423674736315,0.0,30
model_1,0.7,-0.4,1.65,6,-0.23778423674736315,0.0,30
model_1,0.7,-0.4,1.65,7,-0.23778423674736315,0.0,30
model_1,0.7,-0.4,1.65,8,-0.23778423674736315,0.0,30
model_1,0.7,-0.4,1.65,9,-0.23778423674736315,0.0,30
model_1,0.7,-0.4,1.65,10,-0.23778423674736315,0.0,30
model_1,0.7,-0.4,1.65,11,-0.23778423674736315,0.0,30
model_1,0.7,-0.4,1.65,12,-0.23778423674736315,0.0,30
model_1,0.7,-0.4,1.65,13,-0.23778423674736315,0.0,30
model_1,0.7,-0.4,1.65,14,-0.23778423674736315,0.0,30
model_1,0.7,-0.4,1.65,15,-0.23778423674736315,0.0,30
model_1,0.7,-0.4,1.65,16,-0.23778423674736315,0.0,30
model_1,0.7,-0.4,1.65,17,-0.23778423674736315,0.0,30
model_1,0.7,-0.4,1.65,18,-0.23778423674736315,0.0,30
model_1,0.7,-0.4,1.65,19,-0.23778423674736315,0.0,30
model_1,0.7,-0.4,1.65,20,-0.23778423674736315,0.0,30
model_1,0.7,-0.4,2.0,0,0.016666666666666666,0.24138888888888888,30
model_1,0.7,-0.4,2.0,1,-0.197375320224904,0.0,30
model_1,0.7,-0.4,2.0,2,-0.197375320224904,0.0,30
model_1,0.7,-0.4,2.0,3,-0.197375320224904,0.0,30
model_1,0.7,-0.4,2.0,4,-0.197375320224904,0.0,30
model_1,0.7,-0.4,2.0,5,-0.197375320224904,0.0,30
model_1,0.7,-0.4,2.0,6,-0.197375320224904,0.0,30
model_1,0.7,-0.4,2.0,7,-0.197375320224904,0.0,30
model_1,0.7,-0.4,2.0,8,-0.197375320224904,0.0,30
model_1,0.7,-0.4,2.0,9,-0.197375320224904,0.0,30
model_1,0.7,-0.4,2.0,10,-0.197375320224904,0.0,30
model_1,0.7,-0.4,2.0,11,-0.197375320224904,0.0,30
model_1,0.7,-0.4,2.0,12,-0.197375320224904,0.0,30
model_1,0.7,-0.4,2.0,13,-0.197375320224904,0.0,30
model_1,0.7,-0.4,2.0,14,-0.197375320224904,0.0,30
model_1,0.7,-0.4,2.0,15,-0.197375320224904,0.0,30
model_1,0.7,-0.4,2.0,16,-0.197375320224904,0.0,30
model_1,0.7,-0.4,2.0,17,-0.197375320224904,0.0,30
model_1,0.7,-0.4,2.0,18,-0.197375320224904,0.0,30
model_1,0.7,-0.4,2.0,19,-0.197375320224904,0.0,30
model_1,0.7,-0.4,2.0,20,-0.197375320224904,0.0,30
model_1,0.7,-0.2,0.6,0,0.016666666666666666,0.24138888888888888,30
model_1,0.7,-0.2,0.6,1,-0.32151273753163434,0.0,30
model_1,0.7,-0.2,0.6,2,-0.32151273753163434,0.0,30
model_1,0.7,-0.2,0.6,3,-0.32151273753163434,0.0,30
model_1,0.7,-0.2,0.6,4,-0.32151273753163434,0.0,30
model_1,0.7,-0.2,0.6,5,-0.32151273753163434,0.0,30
model_1,0.7,-0.2,0.6,6,-0.32151273753163434,0.0,30
model_1,0.7,-0.2,0.6,7,-0.32151273753163434,0.0,30
model_1,0.7,-0.2,0.6,8,-0.32151273753163434,0.0,30
model_1,0.7,-0.2,0.6,9,-0.32151273753163434,0.0,30
model_1,0.7,-0.2,0.6,10,-0.32151273753163434,0.0,30
model_1,0.7,-0.2,0.6,11,-0.32151273753163434,0.0,30
model_1,0.7,-0.2,0.6,12,-0.32151273753163434,0.0,30
model_1,0.7,-0.2,0.6,13,-0.32151273753163434,0.0,30
model_1,0.7,-0.2,0.6,14,-0.32151273753163434,0.0,30
model_1,0.7,-0.2,0.6,15,-0.32151273753163434,0.0,30
model_1,0.7,-0.2,0.6,16,-0.32151273753163434,0.0,30
model_1,0.7,-0.2,0.6,17,-0.32151273753163434,0.0,30
model_1,0.7,-0.2,0.6,18,-0.32151273753163434,0.0,30
model_1,0.7,-0.2,0.6,19,-0.32151273753163434,0.0,30
model_1,0.7,-0.2,0.6,20,-0.32151273753163434,0.0,30
model_1,0.7,-0.2,0.95,0,0.016666666666666666,0.24138888888888888,30
model_1,0.7,-0.2,0.95,1,-0.20747021579643532,0.0,30
model_1,0.7,-0.2,0.95,2,-0.20747021579643532,0.0,30
model_1,0.7,-0.2,0.95,3,-0.20747021579643532,0.0,30
model_1,0.7,-0.2,0.95,4,-0.20747021579643532,0.0,30
model_1,0.7,-0.2,0.95,5,-0.20747021579643532,0.0,30
model_1,0.7,-0.2,0.95,6,-0.20747021579643532,0.0,30
model_1,0.7,-0.2,0.95,7,-0.20747021579643532,0.0,30
model_1,0.7,-0.2,0.95,8,-0.20747021579643532,0.0,30
model_1,0.7,-0.2,0.95,9,-0.20747021579643532,0.0,30
model_1,0.7,-0.2,0.95,10,-0.20747021579643532,0.0,30
model_1,0.7,-0.2,0.95,11,-0.20747021579643532,0.0,30
model_1,0.7,-0.2,0.95,12,-0.20747021579643532,0.0,30
model_1,0.7,-0.2,0.95,13,-0.20747021579643532,0.0,30
model_1,0.7,-0.2,0.95,14,-0.20747021579643532,0.0,30
model_1,0.7,-0.2,0.95,15,-0.20747021579643532,0.0,30
model_1,0.7,-0.2,0.95,16,-0.20747021579643532,0.0,30
model_1,0.7,-0.2,0.95,17,-0.20747021579643532,0.0,30
model_1,0.7,-0.2,0.95,18,-0.20747021579643532,0.0,30
model_1,0.7,-0.2,0.95,19,-0.20747021579643532,0.0,30
model_1,0.7,-0.2,0.95,20,-0.20747021579643532,0.0,30
model_1,0.7,-0.2,1.2999999999999998,0,0.016666666666666666,0.24138888888888888,30
model_1,0.7,-0.2,1.2999999999999998,1,-0.15264375981490486,0.0,30
model_1,0.7,-0.2,1.2999999999999998,2,-0.15264375981490486,0.0,30
model_1,0.7,-0.2,1.2999999999999998,3,-0.15264375981490486,0.0,30
model_1,0.7,-0.2,1.2999999999999998,4,-0.15264375981490486,0.0,30
model_1,0.7,-0.2,1.2999999999999998,5,-0.15264375981490486,0.0,30
model_1,0.7,-0.2,1.2999999999999998,6,-0.15264375981490486,0.0,30
model_1,0.7,-0.2,1.2999999999999998,7,-0.15264375981490486,0.0,30
model_1,0.7,-0.2,1.2999999999999998,8,-0.15264375981490486,0.0,30
model_1,0.7,-0.2,1.2999999999999998,9,-0.15264375981490486,0.0,30
model_1,0.7,-0.2,1.2999999999999998,10,-0.15264375981490486,0.0,30
model_1,0.7,-0.2,1.2999999999999998,11,-0.15264375981490486,0.0,30
model_1,0.7,-0.2,1.2999999999999998,12,-0.15264375981490486,0.0,30
model_1,0.7,-0.2,1.2999999999999998,13,-0.15264375981490486,0.0,30
model_1,0.7,-0.2,1.2999999999999998,14,-0.15264375981490486,0.0,30
model_1,0.7,-0.2,1.2999999999999998,15,-0.15264375981490486,0.0,30
model_1,0.7,-0.2,1.2999999999999998,16,-0.15264375981490486,0.0,30
model_1,0.7,-0.2,1.2999999999999998,17,-0.15264375981490486,0.0,30
model_1,0.7,-0.2,1.2999999999999998,18,-0.15264375981490486,0.0,30
model_1,0.7,-0.2,1.2999999999999998,19,-0.15264375981490486,0.0,30
model_1,0.7,-0.2,1.2999999999999998,20,-0.15264375981490486,0.0,30
model_1,0.7,-0.2,1.65,0,0.016666666666666666,0.24138888888888888,30
model_1,0.7,-0.2,1.65,1,-0.12062195788315633,0.0,30
model_1,0.7,-0.2,1.65,2,-0.12062195788315633,0.0,30
model_1,0.7,-0.2,1.65,3,-0.12062195788315633,0.0,30
model_1,0.7,-0.2,1.65,4,-0.12062195788315633,0.0,30
model_1,0.7,-0.2,1.65,5,-0.12062195788315633,0.0,30
model_1,0.7,-0.2,1.65,6,-0.12062195788315633,0.0,30
model_1,0.7,-0.2,1.65,7,-0.12062195788315633,0.0,30
model_1,0.7,-0.2,1.65,8,-0.12062195788315633,0.0,30
model_1,0.7,-0.2,1.65,9,-0.12062195788315633,0.0,30
model_1,0.7,-0.2,1.65,10,-0.12062195788315633,0.0,30
model_1,0.7,-0.2,1.65,11,-0.12062195788315633,0.0,30
model_1,0.7,-0.2,1.65,12,-0.12062195788315633,0.0,30
model_1,0.7,-0.2,1.65,13,-0.12062195788315633,0.0,30
model_1,0.7,-0.2,1.65,14,-0.12062195788315633,0.0,30
model_1,0.7,-0.2,1.65,15,-0.12062195788315633,0.0,30
model_1,0.7,-0.2,1.65,16,-0.12062195788315633,0.0,30
model_1,0.7,-0.2,1.65,17,-0.12062195788315633,0.0,30
model_1,0.7,-0.2,1.65,18,-0.12062195788315633,0.0,30
model_1,0.7,-0.2,1.65,19,-0.12062195788315633,0.0,30
model_1,0.7,-0.2,1.65,20,-0.12062195788315633,0.0,30
model_1,0.7,-0.2,2.0,0,0.016666666666666666,0.24138888888888888,30
model_1,0.7,-0.2,2.0,1,-0.09966799462495568,0.0,30
model_1,0.7,-0.2,2.0,2,-0.09966799462495568,0.0,30
model_1,0.7,-0.2,2.0,3,-0.09966799462495568,0.0,30
model_1,0.7,-0.2,2.0,4,-0.09966799462495568,0.0,30
model_1,0.7,-0.2,2.0,5,-0.09966799462495568,0.0,30
model_1,0.7,-0.2,2.0,6,-0.09966799462495568,0.0,30
model_1,0.7,-0.2,2.0,7,-0.09966799462495568,0.0,30
model_1,0.7,-0.2,2.0,8,-0.09966799462495568,0.0,30
model_1,0.7,-0.2,2.0,9,-0.09966799462495568,0.0,30
model_1,0.7,-0.2,2.0,10,-0.09966799462495568,0.0,30
model_1,0.7,-0.2,2.0,11,-0.09966799462495568,0.0,30
model_1,0.7,-0.2,2.0,12,-0.09966799462495568,0.0,30
model_1,0.7,-0.2,2.0,13,-0.09966799462495568,0.0,30
model_1,0.7,-0.2,2.0,14,-0.09966799462495568,0.0,30
model_1,0.7,-0.2,2.0,15,-0.09966799462495568,0.0,30
model_1,0.7,-0.2,2.0,16,-0.09966799462495568,0.0,30
model_1,0.7,-0.2,2.0,17,-0.09966799462495568,0.0,30
model_1,0.7,-0.2,2.0,18,-0.09966799462495568,0.0,30
model_1,0.7,-0.2,2.0,19,-0.09966799462495568,0.0,30
model_1,0.7,-0.2,2.0,20,-0.09966799462495568,0.0,30
model_1,0.7,0.0,0.6,0,0.016666666666666666,0.24138888888888888,30
model_1,0.7,0.0,0.6,1,0.0,0.0,30
model_1,0.7,0.0,0.6,2,0.0,0.0,30
model_1,0.7,0.0,0.6,3,0.0,0.0,30
model_1,0.7,0.0,0.6,4,0.0,0.0,30
model_1,0.7,0.0,0.6,5,0.0,0.0,30
model_1,0.7,0.0,0.6,6,0.0,0.0,30
model_1,0.7,0.0,0.6,7,0.0,0.0,30
model_1,0.7,0.0,0.6,8,0.0,0.0,30
model_1,0.7,0.0,0.6,9,0.0,0.0,30
model_1,0.7,0.0,0.6,10,0.0,0.0,30
model_1,0.7,0.0,0.6,11,0.0,0.0,30
model_1,0.7,0.0,0.6,12,0.0,0.0,30
model_1,0.7,0.0,0.6,13,0.0,0.0,30
model_1,0.7,0.0,0.6,14,0.0,0.0,30
model_1,0.7,0.0,0.6,15,0.0,0.0,30
model_1,0.7,0.0,0.6,16,0.0,0.0,30
model_1,0.7,0.0,0.6,17,0.0,0.0,30
model_1,0.7,0.0,0.6,18,0.0,0.0,30
model_1,0.7,0.0,0.6,19,0.0,0.0,30
model_1,0.7,0.0,0.6,20,0.0,0.0,30
model_1,0.7,0.0,0.95,0,0.016666666666666666,0.24138888888888888,30
model_1,0.7,0.0,0.95,1,0.0,0.0,30
model_1,0.7,0.0,0.95,2,0.0,0.0,30
model_1,0.7,0.0,0.95,3,0.0,0.0,30
model_1,0.7,0.0,0.95,4,0.0,0.0,30
model_1,0.7,0.0,0.95,5,0.0,0.0,30
model_1,0.7,0.0,0.95,6,0.0,0.0,30
model_1,0.7,0.0,0.95,7,0.0,0.0,30
model_1,0.7,0.0,0.95,8,0.0,0.0,30
model_1,0.7,0.0,0.95,9,0.0,0.0,30
model_1,0.7,0.0,0.95,10,0.0,0.0,30
model_1,0.7,0.0,0.95,11,0.0,0.0,30
model_1,0.7,0.0,0.95,12,0.0,0.0,30
model_1,0.7,0.0,0.95,13,0.0,0.0,30
model_1,0.7,0.0,0.95,14,0.0,0.0,30
model_1,0.7,0.0,0.95,15,0.0,0.0,30
model_1,0.7,0.0,0.95,16,0.0,0.0,30
model_1,0.7,0.0,0.95,17,0.0,0.0,30
model_1,0.7,0.0,0.95,18,0.0,0.0,30
model_1,0.7,0.0,0.95,19,0.0,0.0,30
model_1,0.7,0.0,0.95,20,0.0,0.0,30
model_1,0.7,0.0,1.2999999999999998,0,0.016666666666666666,0.24138888888888888,30
model_1,0.7,0.0,1.2999999999999998,1,0.0,0.0,30
model_1,0.7,0.0,1.2999999999999998,2,0.0,0.0,30
model_1,0.7,0.0,1.2999999999999998,3,0.0,0.0,30
model_1,0.7,0.0,1.2999999999999998,4,0.0,0.0,30
model_1,0.7,0.0,1.2999999999999998,5,0.0,0.0,30
model_1,0.7,0.0,1.2999999999999998,6,0.0,0.0,30
model_1,0.7,0.0,1.2999999999999998,7,0.0,0.0,30
model_1,0.7,0.0,1.2999999999999998,8,0.0,0.0,30
model_1,0.7,0.0,1.2999999999999998,9,0.0,0.0,30
model_1,0.7,0.0,1.2999999999999998,10,0.0,0.0,30
model_1,0.7,0.0,1.2999999999999998,11,0.0,0.0,30
model_1,0.7,0.0,1.2999999999999998,12,0.0,0.0,30
model_1,0.7,0.0,1.2999999999999998,13,0.0,0.0,30
model_1,0.7,0.0,1.2999999999999998,14,0.0,0.0,30
model_1,0.7,0.0,1.2999999999999998,15,0.0,0.0,30
model_1,0.7,0.0,1.2999999999999998,16,0.0,0.0,30
model_1,0.7,0.0,1.2999999999999998,17,0.0,0.0,30
model_1,0.7,0.0,1.2999999999999998,18,0.0,0.0,30
model_1,0.7,0.0,1.2999999999999998,19,0.0,0.0,30
model_1,0.7,0.0,1.2999999999999998,20,0.0,0.0,30
model_1,0.7,0.0,1.65,0,0.016666666666666666,0.24138888888888888,30
model_1,0.7,0.0,1.65,1,0.0,0.0,30
model_1,0.7,0.0,1.65,2,0.0,0.0,30
model_1,0.7,0.0,1.65,3,0.0,0.0,30
model_1,0.7,0.0,1.65,4,0.0,0.0,30
model_1,0.7,0.0,1.65,5,0.0,0.0,30
model_1,0.7,0.0,1.65,6,0.0,0.0,30
model_1,0.7,0.0,1.65,7,0.0,0.0,30
model_1,0.7,0.0,1.65,8,0.0,0.0,30
model_1,0.7,0.0,1.65,9,0.0,0.0,30
model_1,0.7,0.0,1.65,10,0.0,0.0,30
model_1,0.7,0.0,1.65,11,0.0,0.0,30
model_1,0.7,0.0,1.65,12,0.0,0.0,30
model_1,0.7,0.0,1.65,13,0.0,0.0,30
model_1,0.7,0.0,1.65,14,0.0,0.0,30
model_1,0.7,0.0,1.65,15,0.0,0.0,30
model_1,0.7,0.0,1.65,16,0.0,0.0,30
model_1,0.7,0.0,1.65,17,0.0,0.0,30
model_1,0.7,0.0,1.65,18,0.0,0.0,30
model_1,0.7,0.0,1.65,19,0.0,0.0,30
model_1,0.7,0.0,1.65,20,0.0,0.0,30
model_1,0.7,0.0,2.0,0,0.016666666666666666,0.24138888888888888,30
model_1,0.7,0.0,2.0,1,0.0,0.0,30
model_1,0.7,0.0,2.0,2,0.0,0.0,30
model_1,0.7,0.0,2.0,3,0.0,0.0,30
model_1,0.7,0.0,2.0,4,0.0,0.0,30
model_1,0.7,0.0,2.0,5,0.0,0.0,30
model_1,0.7,0.0,2.0,6,0.0,0.0,30
model_1,0.7,0.0,2.0,7,0.0,0.0,30
model_1,0.7,0.0,2.0,8,0.0,0.0,30
model_1,0.7,0.0,2.0,9,0.0,0.0,30
model_1,0.7,0.0,2.0,10,0.0,0.0,30
model_1,0.7,0.0,2.0,11,0.0,0.0,30
model_1,0.7,0.0,2.0,12,0.0,0.0,30
model_1,0.7,0.0,2.0,13,0.0,0.0,30
model_1,0.7,0.0,2.0,14,0.0,0.0,30
model_1,0.7,0.0,2.0,15,0.0,0.0,30
model_1,0.7,0.0,2.0,16,0.0,0.0,30
model_1,0.7,0.0,2.0,17,0.0,0.0,30
model_1,0.7,0.0,2.0,18,0.0,0.0,30
model_1,0.7,0.0,2.0,19,0.0,0.0,30
model_1,0.7,0.0,2.0,20,0.0,0.0,30
model_1,0.7,0.20000000000000007,0.6,0,0.016666666666666666,0.24138888888888888,30
model_1,0.7,0.20000000000000007,0.6,1,0.32151273753163445,0.0,30
model_1,0.7,0.20000000000000007,0.6,2,0.32151273753163445,0.0,30
model_1,0.7,0.20000000000000007,0.6,3,0.32151273753163445,0.0,30
model_1,0.7,0.20000000000000007,0.6,4,0.32151273753163445,0.0,30
model_1,0.7,0.20000000000000007,0.6,5,0.32151273753163445,0.0,30
model_1,0.7,0.20000000000000007,0.6,6,0.32151273753163445,0.0,30
model_1,0.7,0.20000000000000007,0.6,7,0.32151273753163445,0.0,30
model_1,0.7,0.20000000000000007,0.6,8,0.32151273753163445,0.0,30
model_1,0.7,0.20000000000000007,0.6,9,0.32151273753163445,0.0,30
model_1,0.7,0.20000000000000007,0.6,10,0.32151273753163445,0.0,30
model_1,0.7,0.20000000000000007,0.6,11,0.32151273753163445,0.0,30
model_1,0.7,0.20000000000000007,0.6,12,0.32151273753163445,0.0,30
model_1,0.7,0.20000000000000007,0.6,13,0.32151273753163445,0.0,30
model_1,0.7,0.20000000000000007,0.6,14,0.32151273753163445,0.0,30
model_1,0.7,0.20000000000000007,0.6,15,0.32151273753163445,0.0,30
model_1,0.7,0.20000000000000007,0.6,16,0.32151273753163445,0.0,30
model_1,0.7,0.20000000000000007,0.6,17,0.32151273753163445,0.0,30
model_1,0.7,0.20000000000000007,0.6,18,0.32151273753163445,0.0,30
model_1,0.7,0.20000000000000007,0.6,19,0.32151273753163445,0.0,30
model_1,0.7,0.20000000000000007,0.6,20,0.32151273753163445,0.0,30
model_1,0.7,0.20000000000000007,0.95,0,0.016666666666666666,0.24138888888888888,30
model_1,0.7,0.20000000000000007,0.95,1,0.20747021579643543,0.0,30
model_1,0.7,0.20000000000000007,0.95,2,0.20747021579643543,0.0,30
model_1,0.7,0.20000000000000007,0.95,3,0.20747021579643543,0.0,30
model_1,0.7,0.20000000000000007,0.95,4,0.20747021579643543,0.0,30
model_1,0.7,0.20000000000000007,0.95,5,0.20747021579643543,0.0,30
model_1,0.7,0.20000000000000007,0.95,6,0.20747021579643543,0.0,30
model_1,0.7,0.20000000000000007,0.95,7,0.20747021579643543,0.0,30
model_1,0.7,0.20000000000000007,0.95,8,0.20747021579643543,0.0,30
model_1,0.7,0.20000000000000007,0.95,9,0.20747021579643543,0.0,30
model_1,0.7,0.20000000000000007,0.95,10,0.20747021579643543,0.0,30
model_1,0.7,0.20000000000000007,0.95,11,0.20747021579643543,0.0,30
model_1,0.7,0.20000000000000007,0.95,12,0.20747021579643543,0.0,30
model_1,0.7,0.20000000000000007,0.95,13,0.20747021579643543,0.0,30
model_1,0.7,0.20000000000000007,0.95,14,0.20747021579643543,0.0,30
model_1,0.7,0.20000000000000007,0.95,15,0.20747021579643543,0.0,30
model_1,0.7,0.20000000000000007,0.95,16,0.20747021579643543,0.0,30
model_1,0.7,0.20000000000000007,0.95,17,0.20747021579643543,0.0,30
model_1,0.7,0.20000000000000007,0.95,18,0.20747021579643543,0.0,30
model_1,0.7,0.20000000000000007,0.95,19,0.20747021579643543,0.0,30
model_1,0.7,0.20000000000000007,0.95,20,0.20747021579643543,0.0,30
model_1,0.7,0.20000000000000007,1.2999999999999998,0,0.016666666666666666,0.24138888888888888,30
model_1,0.7,0.20000000000000007,1.2999999999999998,1,0.15264375981490508,0.0,30
model_1,0.7,0.20000000000000007,1.2999999999999998,2,0.15264375981490508,0.0,30
model_1,0.7,0.20000000000000007,1.2999999999999998,3,0.15264375981490508,0.0,30
model_1,0.7,0.20000000000000007,1.2999999999999998,4,0.15264375981490508,0.0,30
model_1,0.7,0.20000000000000007,1.2999999999999998,5,0.15264375981490508,0.0,30
model_1,0.7,0.20000000000000007,1.2999999999999998,6,0.15264375981490508,0.0,30
model_1,0.7,0.20000000000000007,1.2999999999999998,7,0.15264375981490508,0.0,30
model_1,0.7,0.20000000000000007,1.2999999999999998,8,0.15264375981490508,0.0,30
model_1,0.7,0.20000000000000007,1.2999999999999998,9,0.15264375981490508,0.0,30
model_1,0.7,0.20000000000000007,1.2999999999999998,10,0.15264375981490508,0.0,30
model_1,0.7,0.20000000000000007,1.2999999999999998,11,0.15264375981490508,0.0,30
model_1,0.7,0.20000000000000007,1.2999999999999998,12,0.15264375981490508,0.0,30
model_1,0.7,0.20000000000000007,1.2999999999999998,13,0.15264375981490508,0.0,30
model_1,0.7,0.20000000000000007,1.2999999999999998,14,0.15264375981490508,0.0,30
model_1,0.7,0.20000000000000007,1.2999999999999998,15,0.15264375981490508,0.0,30
model_1,0.7,0.20000000000000007,1.2999999999999998,16,0.15264375981490508,0.0,30
model_1,0.7,0.20000000000000007,1.2999999999999998,17,0.15264375981490508,0.0,30
model_1,0.7,0.20000000000000007,1.2999999999999998,18,0.15264375981490508,0.0,30
model_1,0.7,0.20000000000000007,1.2999999999999998,19,0.15264375981490508,0.0,30
model_1,0.7,0.20000000000000007,1.2999999999999998,20,0.15264375981490508,0.0,30
model_1,0.7,0.20000000000000007,1.65,0,0.016666666666666666,0.24138888888888888,30
model_1,0.7,0.20000000000000007,1.65,1,0.12062195788315622,0.0,30
model_1,0.7,0.20000000000000007,1.65,2,0.12062195788315622,0.0,30
model_1,0.7,0.20000000000000007,1.65,3,0.12062195788315622,0.0,30
model_1,0.7,0.20000000000000007,1.65,4,0.12062195788315622,0.0,30
model_1,0.7,0.20000000000000007,1.65,5,0.12062195788315622,0.0,30
model_1,0.7,0.20000000000000007,1.65,6,0.12062195788315622,0.0,30
model_1,0.7,0.20000000000000007,1.65,7,0.12062195788315622,0.0,30
model_1,0.7,0.20000000000000007,1.65,8,0.12062195788315622,0.0,30
model_1,0.7,0.20000000000000007,1.65,9,0.12062195788315622,0.0,30
model_1,0.7,0.20000000000000007,1.65,10,0.12062195788315622,0.0,30
model_1,0.7,0.20000000000000007,1.65,11,0.12062195788315622,0.0,30
model_1,0.7,0.20000000000000007,1.65,12,0.12062195788315622,0.0,30
model_1,0.7,0.20000000000000007,1.65,13,0.12062195788315622,0.0,30
model_1,0.7,0.20000000000000007,1.65,14,0.12062195788315622,0.0,30
model_1,0.7,0.20000000000000007,1.65,15,0.12062195788315622,0.0,30
model_1,0.7,0.20000000000000007,1.65,16,0.12062195788315622,0.0,30
model_1,0.7,0.20000000000000007,1.65,17,0.12062195788315622,0.0,30
model_1,0.7,0.20000000000000007,1.65,18,0.12062195788315622,0.0,30
model_1,0.7,0.20000000000000007,1.65,19,0.12062195788315622,0.0,30
model_1,0.7,0.20000000000000007,1.65,20,0.12062195788315622,0.0,30
model_1,0.7,0.20000000000000007,2.0,0,0.016666666666666666,0.24138888888888888,30
model_1,0.7,0.20000000000000007,2.0,1,0.0996679946249559,0.0,30
model_1,0.7,0.20000000000000007,2.0,2,0.0996679946249559,0.0,30
model_1,0.7,0.20000000000000007,2.0,3,0.0996679946249559,0.0,30
model_1,0.7,0.20000000000000007,2.0,4,0.0996679946249559,0.0,30
model_1,0.7,0.20000000000000007,2.0,5,0.0996679946249559,0.0,30
model_1,0.7,0.20000000000000007,2.0,6,0.0996679946249559,0.0,30
model_1,0.7,0.20000000000000007,2.0,7,0.0996679946249559,0.0,30
model_1,0.7,0.20000000000000007,2.0,8,0.0996679946249559,0.0,30
model_1,0.7,0.20000000000000007,2.0,9,0.0996679946249559,0.0,30
model_1,0.7,0.20000000000000007,2.0,10,0.0996679946249559,0.0,30
model_1,0.7,0.20000000000000007,2.0,11,0.0996679946249559,0.0,30
model_1,0.7,0.20000000000000007,2.0,12,0.0996679946249559,0.0,30
model_1,0.7,0.20000000000000007,2.0,13,0.0996679946249559,0.0,30
model_1,0.7,0.20000000000000007,2.0,14,0.0996679946249559,0.0,30
model_1,0.7,0.20000000000000007,2.0,15,0.0996679946249559,0.0,30
model_1,0.7,0.20000000000000007,2.0,16,0.0996679946249559,0.0,30
model_1,0.7,0.20000000000000007,2.0,17,0.0996679946249559,0.0,30
model_1,0.7,0.20000000000000007,2.0,18,0.0996679946249559,0.0,30
model_1,0.7,0.20000000000000007,2.0,19,0.0996679946249559,0.0,30
model_1,0.7,0.20000000000000007,2.0,20,0.0996679946249559,0.0,30
model_1,0.7,0.4,0.6,0,0.016666666666666666,0.24138888888888888,30
model_1,0.7,0.4,0.6,1,0.5827829453479101,0.0,30
model_1,0.7,0.4,0.6,2,0.5827829453479101,0.0,30
model_1,0.7,0.4,0.6,3,0.5827829453479101,0.0,30
model_1,0.7,0.4,0.6,4,0.5827829453479101,0.0,30
model_1,0.7,0.4,0.6,5,0.5827829453479101,0.0,30
model_1,0.7,0.4,0.6,6,0.5827829453479101,0.0,30
model_1,0.7,0.4,0.6,7,0.5827829453479101,0.0,30
model_1,0.7,0.4,0.6,8,0.5827829453479101,0.0,30
model_1,0.7,0.4,0.6,9,0.5827829453479101,0.0,30
model_1,0.7,0.4,0.6,10,0.5827829453479101,0.0,30
model_1,0.7,0.4,0.6,11,0.5827829453479101,0.0,30
model_1,0.7,0.4,0.6,12,0.5827829453479101,0.0,30
model_1,0.7,0.4,0.6,13,0.5827829453479101,0.0,30
model_1,0.7,0.4,0.6,14,0.5827829453479101,0.0,30
model_1,0.7,0.4,0.6,15,0.5827829453479101,0.0,30
model_1,0.7,0.4,0.6,16,0.5827829453479101,0.0,30
model_1,0.7,0.4,0.6,17,0.5827829453479101,0.0,30
model_1,0.7,0.4,0.6,18,0.5827829453479101,0.0,30
model_1,0.7,0.4,0.6,19,0.5827829453479101,0.0,30
model_1,0.7,0.4,0.6,20,0.5827829453479101,0.0,30
model_1,0.7,0.4,0.95,0,0.016666666666666666,0.24138888888888888,30
model_1,0.7,0.4,0.95,1,0.3978168468220349,0.0,30
model_1,0.7,0.4,0.95,2,0.3978168468220349,0.0,30
model_1,0.7,0.4,0.95,3,0.3978168468220349,0.0,30
model_1,0.7,0.4,0.95,4,0.3978168468220349,0.0,30
model_1,0.7,0.4,0.95,5,0.3978168468220349,0.0,30
model_1,0.7,0.4,0.95,6,0.3978168468220349,0.0,30
model_1,0.7,0.4,0.95,7,0.3978168468220349,0.0,30
model_1,0.7,0.4,0.95,8,0.3978168468220349,0.0,30
model_1,0.7,0.4,0.95,9,0.3978168468220349,0.0,30
model_1,0.7,0.4,0.95,10,0.3978168468220349,0.0,30
model_1,0.7,0.4,0.95,11,0.3978168468220349,0.0,30
model_1,0.7,0.4,0.95,12,0.3978168468220349,0.0,30
model_1,0.7,0.4,0.95,13,0.3978168468220349,0.0,30
model_1,0.7,0.4,0.95,14,0.3978168468220349,0.0,30
model_1,0.7,0.4,0.95,15,0.3978168468220349,0.0,30
model_1,0.7,0.4,0.95,16,0.3978168468220349,0.0,30
model_1,0.7,0.4,0.95,17,0.3978168468220349,0.0,30
model_1,0.7,0.4,0.95,18,0.3978168468220349,0.0,30
model_1,0.7,0.4,0.95,19,0.3978168468220349,0.0,30
model_1,0.7,0.4,0.95,20,0.3978168468220349,0.0,30
model_1,0.7,0.4,1.2999999999999998,0,0.016666666666666666,0.24138888888888888,30
model_1,0.7,0.4,1.2999999999999998,1,0.2983362499775455,0.0,30
model_1,0.7,0.4,1.2999999999999998,2,0.2983362499775455,0.0,30
model_1,0.7,0.4,1.2999999999999998,3,0.2983362499775455,0.0,30
model_1,0.7,0.4,1.2999999999999998,4,0.2983362499775455,0.0,30
model_1,0.7,0.4,1.2999999999999998,5,0.2983362499775455,0.0,30
model_1,0.7,0.4,1.2999999999999998,6,0.2983362499775455,0.0,30
model_1,0.7,0.4,1.2999999999999998,7,0.2983362499775455,0.0,30
model_1,0.7,0.4,1.2999999999999998,8,0.2983362499775455,0.0,30
model_1,0.7,0.4,1.2999999999999998,9,0.2983362499775455,0.0,30
model_1,0.7,0.4,1.2999999999999998,10,0.2983362499775455,0.0,30
model_1,0.7,0.4,1.2999999999999998,11,0.2983362499775455,0.0,30
model_1,0.7,0.4,1.2999999999999998,12,0.2983362499775455,0.0,30
model_1,0.7,0.4,1.2999999999999998,13,0.2983362499775455,0.0,30
model_1,0.7,0.4,1.2999999999999998,14,0.2983362499775455,0.0,30
model_1,0.7,0.4,1.2999999999999998,15,0.2983362499775455,0.0,30
model_1,0.7,0.4,1.2999999999999998,16,0.2983362499775455,0.0,30
model_1,0.7,0.4,1.2999999999999998,17,0.2983362499775455,0.0,30
model_1,0.7,0.4,1.2999999999999998,18,0.2983362499775455,0.0,30
model_1,0.7,0.4,1.2999999999999998,19,0.2983362499775455,0.0,30
model_1,0.7,0.4,1.2999999999999998,20,0.2983362499775455,0.0,30
model_1,0.7,0.4,1.65,0,0.016666666666666666,0.24138888888888888,30
model_1,0.7,0.4,1.65,1,0.23778423674736304,0.0,30
model_1,0.7,0.4,1.65,2,0.23778423674736304,0.0,30
model_1,0.7,0.4,1.65,3,0.23778423674736304,0.0,30
model_1,0.7,0.4,1.65,4,0.23778423674736304,0.0,30
model_1,0.7,0.4,1.65,5,0.23778423674736304,0.0,30
model_1,0.7,0.4,1.65,6,0.23778423674736304,0.0,30
model_1,0.7,0.4,1.65,7,0.23778423674736304,0.0,30
model_1,0.7,0.4,1.65,8,0.23778423674736304,0.0,30
model_1,0.7,0.4,1.65,9,0.23778423674736304,0.0,30
model_1,0.7,0.4,1.65,10,0.23778423674736304,0.0,30
model_1,0.7,0.4,1.65,11,0.23778423674736304,0.0,30
model_1,0.7,0.4,1.65,12,0.23778423674736304,0.0,30
model_1,0.7,0.4,1.65,13,0.23778423674736304,0.0,30
model_1,0.7,0.4,1.65,14,0.23778423674736304,0.0,30
model_1,0.7,0.4,1.65,15,0.23778423674736304,0.0,30
model_1,0.7,0.4,1.65,16,0.23778423674736304,0.0,30
model_1,0.7,0.4,1.65,17,0.23778423674736304,0.0,30
model_1,0.7,0.4,1.65,18,0.23778423674736304,0.0,30
model_1,0.7,0.4,1.65,19,0.23778423674736304,0.0,30
model_1,0.7,0.4,1.65,20,0.23778423674736304,0.0,30
model_1,0.7,0.4,2.0,0,0.016666666666666666,0.24138888888888888,30
model_1,0.7,0.4,2.0,1,0.197375320224904,0.0,30
model_1,0.7,0.4,2.0,2,0.197375320224904,0.0,30
model_1,0.7,0.4,2.0,3,0.197375320224904,0.0,30
model_1,0.7,0.4,2.0,4,0.197375320224904,0.0,30
model_1,0.7,0.4,2.0,5,0.197375320224904,0.0,30
model_1,0.7,0.4,2.0,6,0.197375320224904,0.0,30
model_1,0.7,0.4,2.0,7,0.197375320224904,0.0,30
model_1,0.7,0.4,2.0,8,0.197375320224904,0.0,30
model_1,0.7,0.4,2.0,9,0.197375320224904,0.0,30
model_1,0.7,0.4,2.0,10,0.197375320224904,0.0,30
model_1,0.7,0.4,2.0,11,0.197375320224904,0.0,30
model_1,0.7,0.4,2.0,12,0.197375320224904,0.0,30
model_1,0.7,0.4,2.0,13,0.197375320224904,0.0,30
model_1,0.7,0.4,2.0,14,0.197375320224904,0.0,30
model_1,0.7,0.4,2.0,15,0.197375320224904,0.0,30
model_1,0.7,0.4,2.0,16,0.197375320224904,0.0,30
model_1,0.7,0.4,2.0,17,0.197375320224904,0.0,30
model_1,0.7,0.4,2.0,18,0.197375320224904,0.0,30
model_1,0.7,0.4,2.0,19,0.197375320224904,0.0,30
model_1,0.7,0.4,2.0,20,0.197375320224904,0.0,30
model_1,0.95,-0.4,0.6,0,0.016666666666666666,0.24138888888888888,30
model_1,0.95,-0.4,0.6,1,-0.5827829453479102,0.0,30
model_1,0.95,-0.4,0.6,2,-0.5827829453479102,0.0,30
model_1,0.95,-0.4,0.6,3,-0.5827829453479102,0.0,30
model_1,0.95,-0.4,0.6,4,-0.5827829453479102,0.0,30
model_1,0.95,-0.4,0.6,5,-0.5827829453479102,0.0,30
model_1,0.95,-0.4,0.6,6,-0.5827829453479102,0.0,30
model_1,0.95,-0.4,0.6,7,-0.5827829453479102,0.0,30
model_1,0.95,-0.4,0.6,8,-0.5827829453479102,0.0,30
model_1,0.95,-0.4,0.6,9,-0.5827829453479102,0.0,30
model_1,0.95,-0.4,0.6,10,-0.5827829453479102,0.0,30
model_1,0.95,-0.4,0.6,11,-0.5827829453479102,0.0,30
model_1,0.95,-0.4,0.6,12,-0.5827829453479102,0.0,30
model_1,0.95,-0.4,0.6,13,-0.5827829453479102,0.0,30
model_1,0.95,-0.4,0.6,14,-0.5827829453479102,0.0,30
model_1,0.95,-0.4,0.6,15,-0.5827829453479102,0.0,30
model_1,0.95,-0.4,0.6,16,-0.5827829453479102,0.0,30
model_1,0.95,-0.4,0.6,17,-0.5827829453479102,0.0,30
model_1,0.95,-0.4,0.6,18,-0.5827829453479102,0.0,30
model_1,0.95,-0.4,0.6,19,-0.5827829453479102,0.0,30
model_1,0.95,-0.4,0.6,20,-0.5827829453479102,0.0,30
model_1,0.95,-0.4,0.95,0,0.016666666666666666,0.24138888888888888,30
model_1,0.95,-0.4,0.95,1,-0.39781684682203466,0.0,30
model_1,0.95,-0.4,0.95,2,-0.39781684682203466,0.0,30
model_1,0.95,-0.4,0.95,3,-0.39781684682203466,0.0,30
model_1,0.95,-0.4,0.95,4,-0.39781684682203466,0.0,30
model_1,0.95,-0.4,0.95,5,-0.39781684682203466,0.0,30
model_1,0.95,-0.4,0.95,6,-0.39781684682203466,0.0,30
model_1,0.95,-0.4,0.95,7,-0.39781684682203466,0.0,30
model_1,0.95,-0.4,0.95,8,-0.39781684682203466,0.0,30
model_1,0.95,-0.4,0.95,9,-0.39781684682203466,0.0,30
model_1,0.95,-0.4,0.95,10,-0.39781684682203466,0.0,30
model_1,0.95,-0.4,0.95,11,-0.39781684682203466,0.0,30
model_1,0.95,-0.4,0.95,12,-0.39781684682203466,0.0,30
model_1,0.95,-0.4,0.95,13,-0.39781684682203466,0.0,30
model_1,0.95,-0.4,0.95,14,-0.39781684682203466,0.0,30
model_1,0.95,-0.4,0.95,15,-0.39781684682203466,0.0,30
model_1,0.95,-0.4,0.95,16,-0.39781684682203466,0.0,30
model_1,0.95,-0.4,0.95,17,-0.39781684682203466,0.0,30
model_1,0.95,-0.4,0.95,18,-0.39781684682203466,0.0,30
model_1,0.95,-0.4,0.95,19,-0.39781684682203466,0.0,30
model_1,0.95,-0.4,0.95,20,-0.39781684682203466,0.0,30
model_1,0.95,-0.4,1.2999999999999998,0,0.016666666666666666,0.24138888888888888,30
model_1,0.95,-0.4,1.2999999999999998,1,-0.2983362499775455,0.0,30
model_1,0.95,-0.4,1.2999999999999998,2,-0.2983362499775455,0.0,30
model_1,0.95,-0.4,1.2999999999999998,3,-0.2983362499775455,0.0,30
model_1,0.95,-0.4,1.2999999999999998,4,-0.2983362499775455,0.0,30
model_1,0.95,-0.4,1.2999999999999998,5,-0.2983362499775455,0.0,30
model_1,0.95,-0.4,1.2999999999999998,6,-0.2983362499775455,0.0,30
model_1,0.95,-0.4,1.2999999999999998,7,-0.2983362499775455,0.0,30
model_1,0.95,-0.4,1.2999999999999998,8,-0.2983362499775455,0.0,30
model_1,0.95,-0.4,1.2999999999999998,9,-0.2983362499775455,0.0,30
model_1,0.95,-0.4,1.2999999999999998,10,-0.2983362499775455,0.0,30
model_1,0.95,-0.4,1.2999999999999998,11,-0.2983362499775455,0.0,30
model_1,0.95,-0.4,1.2999999999999998,12,-0.2983362499775455,0.0,30
model_1,0.95,-0.4,1.2999999999999998,13,-0.2983362499775455,0.0,30
model_1,0.95,-0.4,1.2999999999999998,14,-0.2983362499775455,0.0,30
model_1,0.95,-0.4,1.2999999999999998,15,-0.2983362499775455,0.0,30
model_1,0.95,-0.4,1.2999999999999998,16,-0.2983362499775455,0.0,30
model_1,0.95,-0.4,1.2999999999999998,17,-0.2983362499775455,0.0,30
model_1,0.95,-0.4,1.2999999999999998,18,-0.2983362499775455,0.0,30
model_1,0.95,-0.4,1.2999999999999998,19,-0.2983362499775455,0.0,30
model_1,0.95,-0.4,1.2999999999999998,20,-0.2983362499775455,0.0,30
model_1,0.95,-0.4,1.65,0,0.016666666666666666,0.24138888888888888,30
model_1,0.95,-0.4,1.65,1,-0.23778423674736315,0.0,30
model_1,0.95,-0.4,1.65,2,-0.23778423674736315,0.0,30
model_1,0.95,-0.4,1.65,3,-0.23778423674736315,0.0,30
model_1,0.95,-0.4,1.65,4,-0.23778423674736315,0.0,30
model_1,0.95,-0.4,1.65,5,-0.23778423674736315,0.0,30
model_1,0.95,-0.4,1.65,6,-0.23778423674736315,0.0,30
model_1,0.95,-0.4,1.65,7,-0.23778423674736315,0.0,30
model_1,0.95,-0.4,1.65,8,-0.23778423674736315,0.0,30
model_1,0.95,-0.4,1.65,9,-0.23778423674736315,0.0,30
model_1,0.95,-0.4,1.65,10,-0.23778423674736315,0.0,30
model_1,0.95,-0.4,1.65,11,-0.23778423674736315,0.0,30
model_1,0.95,-0.4,1.65,12,-0.23778423674736315,0.0,30
model_1,0.95,-0.4,1.65,13,-0.23778423674736315,0.0,30
model_1,0.95,-0.4,1.65,14,-0.23778423674736315,0.0,30
model_1,0.95,-0.4,1.65,15,-0.23778423674736315,0.0,30
model_1,0.95,-0.4,1.65,16,-0.23778423674736315,0.0,30
model_1,0.95,-0.4,1.65,17,-0.23778423674736315,0.0,30
model_1,0.95,-0.4,1.65,18,-0.23778423674736315,0.0,30
model_1,0.95,-0.4,1.65,19,-0.23778423674736315,0.0,30
model_1,0.95,-0.4,1.65,20,-0.23778423674736315,0.0,30
model_1,0.95,-0.4,2.0,0,0.016666666666666666,0.24138888888888888,30
model_1,0.95,-0.4,2.0,1,-0.197375320224904,0.0,30
model_1,0.95,-0.4,2.0,2,-0.197375320224904,0.0,30
model_1,0.95,-0.4,2.0,3,-0.197375320224904,0.0,30
model_1,0.95,-0.4,2.0,4,-0.197375320224904,0.0,30
model_1,0.95,-0.4,2.0,5,-0.197375320224904,0.0,30
model_1,0.95,-0.4,2.0,6,-0.197375320224904,0.0,30
model_1,0.95,-0.4,2.0,7,-0.197375320224904,0.0,30
model_1,0.95,-0.4,2.0,8,-0.197375320224904,0.0,30
model_1,0.95,-0.4,2.0,9,-0.197375320224904,0.0,30
model_1,0.95,-0.4,2.0,10,-0.197375320224904,0.0,30
model_1,0.95,-0.4,2.0,11,-0.197375320224904,0.0,30
model_1,0.95,-0.4,2.0,12,-0.197375320224904,0.0,30
model_1,0.95,-0.4,2.0,13,-0.197375320224904,0.0,30
model_1,0.95,-0.4,2.0,14,-0.197375320224904,0.0,30
model_1,0.95,-0.4,2.0,15,-0.197375320224904,0.0,30
model_1,0.95,-0.4,2.0,16,-0.197375320224904,0.0,30
model_1,0.95,-0.4,2.0,17,-0.197375320224904,0.0,30
model_1,0.95,-0.4,2.0,18,-0.197375320224904,0.0,30
model_1,0.95,-0.4,2.0,19,-0.197375320224904,0.0,30
model_1,0.95,-0.4,2.0,20,-0.197375320224904,0.0,30
model_1,0.95,-0.2,0.6,0,0.016666666666666666,0.24138888888888888,30
model_1,0.95,-0.2,0.6,1,-0.32151273753163434,0.0,30
model_1,0.95,-0.2,0.6,2,-0.32151273753163434,0.0,30
model_1,0.95,-0.2,0.6,3,-0.32151273753163434,0.0,30
model_1,0.95,-0.2,0.6,4,-0.32151273753163434,0.0,30
model_1,0.95,-0.2,0.6,5,-0.32151273753163434,0.0,30
model_1,0.95,-0.2,0.6,6,-0.32151273753163434,0.0,30
model_1,0.95,-0.2,0.6,7,-0.32151273753163434,0.0,30
model_1,0.95,-0.2,0.6,8,-0.32151273753163434,0.0,30
model_1,0.95,-0.2,0.6,9,-0.32151273753163434,0.0,30
model_1,0.95,-0.2,0.6,10,-0.32151273753163434,0.0,30
model_1,0.95,-0.2,0.6,11,-0.32151273753163434,0.0,30
model_1,0.95,-0.2,0.6,12,-0.32151273753163434,0.0,30
model_1,0.95,-0.2,0.6,13,-0.32151273753163434,0.0,30
model_1,0.95,-0.2,0.6,14,-0.32151273753163434,0.0,30
model_1,0.95,-0.2,0.6,15,-0.32151273753163434,0.0,30
model_1,0.95,-0.2,0.6,16,-0.32151273753163434,0.0,30
model_1,0.95,-0.2,0.6,17,-0.32151273753163434,0.0,30
model_1,0.95,-0.2,0.6,18,-0.32151273753163434,0.0,30
model_1,0.95,-0.2,0.6,19,-0.32151273753163434,0.0,30
model_1,0.95,-0.2,0.6,20,-0.32151273753163434,0.0,30
model_1,0.95,-0.2,0.95,0,0.016666666666666666,0.24138888888888888,30
model_1,0.95,-0.2,0.95,1,-0.20747021579643532,0.0,30
model_1,0.95,-0.2,0.95,2,-0.20747021579643532,0.0,30
model_1,0.95,-0.2,0.95,3,-0.20747021579643532,0.0,30
model_1,0.95,-0.2,0.95,4,-0.20747021579643532,0.0,30
model_1,0.95,-0.2,0.95,5,-0.20747021579643532,0.0,30
model_1,0.95,-0.2,0.95,6,-0.20747021579643532,0.0,30
model_1,0.95,-0.2,0.95,7,-0.20747021579643532,0.0,30
model_1,0.95,-0.2,0.95,8,-0.20747021579643532,0.0,30
model_1,0.95,-0.2,0.95,9,-0.20747021579643532,0.0,30
model_1,0.95,-0.2,0.95,10,-0.20747021579643532,0.0,30
model_1,0.95,-0.2,0.95,11,-0.20747021579643532,0.0,30
model_1,0.95,-0.2,0.95,12,-0.20747021579643532,0.0,30
model_1,0.95,-0.2,0.95,13,-0.20747021579643532,0.0,30
model_1,0.95,-0.2,0.95,14,-0.20747021579643532,0.0,30
model_1,0.95,-0.2,0.95,15,-0.20747021579643532,0.0,30
model_1,0.95,-0.2,0.95,16,-0.20747021579643532,0.0,30
model_1,0.95,-0.2,0.95,17,-0.20747021579643532,0.0,30
model_1,0.95,-0.2,0.95,18,-0.20747021579643532,0.0,30
model_1,0.95,-0.2,0.95,19,-0.20747021579643532,0.0,30
model_1,0.95,-0.2,0.95,20,-0.20747021579643532,0.0,30
model_1,0.95,-0.2,1.2999999999999998,0,0.016666666666666666,0.24138888888888888,30
model_1,0.95,-0.2,1.2999999999999998,1,-0.15264375981490486,0.0,30
model_1,0.95,-0.2,1.2999999999999998,2,-0.15264375981490486,0.0,30
model_1,0.95,-0.2,1.2999999999999998,3,-0.15264375981490486,0.0,30
model_1,0.95,-0.2,1.2999999999999998,4,-0.15264375981490486,0.0,30
model_1,0.95,-0.2,1.2999999999999998,5,-0.15264375981490486,0.0,30
model_1,0.95,-0.2,1.2999999999999998,6,-0.15264375981490486,0.0,30
model_1,0.95,-0.2,1.2999999999999998,7,-0.15264375981490486,0.0,30
model_1,0.95,-0.2,1.2999999999999998,8,-0.15264375981490486,0.0,30
model_1,0.95,-0.2,1.2999999999999998,9,-0.15264375981490486,0.0,30
model_1,0.95,-0.2,1.2999999999999998,10,-0.15264375981490486,0.0,30
model_1,0.95,-0.2,1.2999999999999998,11,-0.15264375981490486,0.0,30
model_1,0.95,-0.2,1.2999999999999998,12,-0.15264375981490486,0.0,30
model_1,0.95,-0.2,1.2999999999999998,13,-0.15264375981490486,0.0,30
model_1,0.95,-0.2,1.2999999999999998,14,-0.15264375981490486,0.0,30
model_1,0.95,-0.2,1.2999999999999998,15,-0.15264375981490486,0.0,30
model_1,0.95,-0.2,1.2999999999999998,16,-0.15264375981490486,0.0,30
model_1,0.95,-0.2,1.2999999999999998,17,-0.15264375981490486,0.0,30
model_1,0.95,-0.2,1.2999999999999998,18,-0.15264375981490486,0.0,30
model_1,0.95,-0.2,1.2999999999999998,19,-0.15264375981490486,0.0,30
model_1,0.95,-0.2,1.2999999999999998,20,-0.15264375981490486,0.0,30
model_1,0.95,-0.2,1.65,0,0.016666666666666666,0.24138888888888888,30
model_1,0.95,-0.2,1.65,1,-0.12062195788315633,0.0,30
model_1,0.95,-0.2,1.65,2,-0.12062195788315633,0.0,30
model_1,0.95,-0.2,1.65,3,-0.12062195788315633,0.0,30
model_1,0.95,-0.2,1.65,4,-0.12062195788315633,0.0,30
model_1,0.95,-0.2,1.65,5,-0.12062195788315633,0.0,30
model_1,0.95,-0.2,1.65,6,-0.12062195788315633,0.0,30
model_1,0.95,-0.2,1.65,7,-0.12062195788315633,0.0,30
model_1,0.95,-0.2,1.65,8,-0.12062195788315633,0.0,30
model_1,0.95,-0.2,1.65,9,-0.12062195788315633,0.0,30
model_1,0.95,-0.2,1.65,10,-0.12062195788315633,0.0,30
model_1,0.95,-0.2,1.65,11,-0.12062195788315633,0.0,30
model_1,0.95,-0.2,1.65,12,-0.12062195788315633,0.0,30
model_1,0.95,-0.2,1.65,13,-0.12062195788315633,0.0,30
model_1,0.95,-0.2,1.65,14,-0.12062195788315633,0.0,30
model_1,0.95,-0.2,1.65,15,-0.12062195788315633,0.0,30
model_1,0.95,-0.2,1.65,16,-0.12062195788315633,0.0,30
model_1,0.95,-0.2,1.65,17,-0.12062195788315633,0.0,30
model_1,0.95,-0.2,1.65,18,-0.12062195788315633,0.0,30
model_1,0.95,-0.2,1.65,19,-0.12062195788315633,0.0,30
model_1,0.95,-0.2,1.65,20,-0.12062195788315633,0.0,30
model_1,0.95,-0.2,2.0,0,0.016666666666666666,0.24138888888888888,30
model_1,0.95,-0.2,2.0,1,-0.09966799462495568,0.0,30
model_1,0.95,-0.2,2.0,2,-0.09966799462495568,0.0,30
model_1,0.95,-0.2,2.0,3,-0.09966799462495568,0.0,30
model_1,0.95,-0.2,2.0,4,-0.09966799462495568,0.0,30
model_1,0.95,-0.2,2.0,5,-0.09966799462495568,0.0,30
model_1,0.95,-0.2,2.0,6,-0.09966799462495568,0.0,30
model_1,0.95,-0.2,2.0,7,-0.09966799462495568,0.0,30
model_1,0.95,-0.2,2.0,8,-0.09966799462495568,0.0,30
model_1,0.95,-0.2,2.0,9,-0.09966799462495568,0.0,30
model_1,0.95,-0.2,2.0,10,-0.09966799462495568,0.0,30
model_1,0.95,-0.2,2.0,11,-0.09966799462495568,0.0,30
model_1,0.95,-0.2,2.0,12,-0.09966799462495568,0.0,30
model_1,0.95,-0.2,2.0,13,-0.09966799462495568,0.0,30
model_1,0.95,-0.2,2.0,14,-0.09966799462495568,0.0,30
model_1,0.95,-0.2,2.0,15,-0.09966799462495568,0.0,30
model_1,0.95,-0.2,2.0,16,-0.09966799462495568,0.0,30
model_1,0.95,-0.2,2.0,17,-0.09966799462495568,0.0,30
model_1,0.95,-0.2,2.0,18,-0.09966799462495568,0.0,30
model_1,0.95,-0.2,2.0,19,-0.09966799462495568,0.0,30
model_1,0.95,-0.2,2.0,20,-0.09966799462495568,0.0,30
model_1,0.95,0.0,0.6,0,0.016666666666666666,0.24138888888888888,30
model_1,0.95,0.0,0.6,1,0.0,0.0,30
model_1,0.95,0.0,0.6,2,0.0,0.0,30
model_1,0.95,0.0,0.6,3,0.0,0.0,30
model_1,0.95,0.0,0.6,4,0.0,0.0,30
model_1,0.95,0.0,0.6,5,0.0,0.0,30
model_1,0.95,0.0,0.6,6,0.0,0.0,30
model_1,0.95,0.0,0.6,7,0.0,0.0,30
model_1,0.95,0.0,0.6,8,0.0,0.0,30
model_1,0.95,0.0,0.6,9,0.0,0.0,30
model_1,0.95,0.0,0.6,10,0.0,0.0,30
model_1,0.95,0.0,0.6,11,0.0,0.0,30
model_1,0.95,0.0,0.6,12,0.0,0.0,30
model_1,0.95,0.0,0.6,13,0.0,0.0,30
model_1,0.95,0.0,0.6,14,0.0,0.0,30
model_1,0.95,0.0,0.6,15,0.0,0.0,30
model_1,0.95,0.0,0.6,16,0.0,0.0,30
model_1,0.95,0.0,0.6,17,0.0,0.0,30
model_1,0.95,0.0,0.6,18,0.0,0.0,30
model_1,0.95,0.0,0.6,19,0.0,0.0,30
model_1,0.95,0.0,0.6,20,0.0,0.0,30
model_1,0.95,0.0,0.95,0,0.016666666666666666,0.24138888888888888,30
model_1,0.95,0.0,0.95,1,0.0,0.0,30
model_1,0.95,0.0,0.95,2,0.0,0.0,30
model_1,0.95,0.0,0.95,3,0.0,0.0,30
model_1,0.95,0.0,0.95,4,0.0,0.0,30
model_1,0.95,0.0,0.95,5,0.0,0.0,30
model_1,0.95,0.0,0.95,6,0.0,0.0,30
model_1,0.95,0.0,0.95,7,0.0,0.0,30
model_1,0.95,0.0,0.95,8,0.0,0.0,30
model_1,0.95,0.0,0.95,9,0.0,0.0,30
model_1,0.95,0.0,0.95,10,0.0,0.0,30
model_1,0.95,0.0,0.95,11,0.0,0.0,30
model_1,0.95,0.0,0.95,12,0.0,0.0,30
model_1,0.95,0.0,0.95,13,0.0,0.0,30
model_1,0.95,0.0,0.95,14,0.0,0.0,30
model_1,0.95,0.0,0.95,15,0.0,0.0,30
model_1,0.95,0.0,0.95,16,0.0,0.0,30
model_1,0.95,0.0,0.95,17,0.0,0.0,30
model_1,0.95,0.0,0.95,18,0.0,0.0,30
model_1,0.95,0.0,0.95,19,0.0,0.0,30
model_1,0.95,0.0,0.95,20,0.0,0.0,30
model_1,0.95,0.0,1.2999999999999998,0,0.016666666666666666,0.24138888888888888,30
model_1,0.95,0.0,1.2999999999999998,1,0.0,0.0,30
model_1,0.95,0.0,1.2999999999999998,2,0.0,0.0,30
model_1,0.95,0.0,1.2999999999999998,3,0.0,0.0,30
model_1,0.95,0.0,1.2999999999999998,4,0.0,0.0,30
model_1,0.95,0.0,1.2999999999999998,5,0.0,0.0,30
model_1,0.95,0.0,1.2999999999999998,6,0.0,0.0,30
model_1,0.95,0.0,1.2999999999999998,7,0.0,0.0,30
model_1,0.95,0.0,1.2999999999999998,8,0.0,0.0,30
model_1,0.95,0.0,1.2999999999999998,9,0.0,0.0,30
model_1,0.95,0.0,1.2999999999999998,10,0.0,0.0,30
model_1,0.95,0.0,1.2999999999999998,11,0.0,0.0,30
model_1,0.95,0.0,1.2999999999999998,12,0.0,0.0,30
model_1,0.95,0.0,1.2999999999999998,13,0.0,0.0,30
model_1,0.95,0.0,1.2999999999999998,14,0.0,0.0,30
model_1,0.95,0.0,1.2999999999999998,15,0.0,0.0,30
model_1,0.95,0.0,1.2999999999999998,16,0.0,0.0,30
model_1,0.95,0.0,1.2999999999999998,17,0.0,0.0,30
model_1,0.95,0.0,1.2999999999999998,18,0.0,0.0,30
model_1,0.95,0.0,1.2999999999999998,19,0.0,0.0,30
model_1,0.95,0.0,1.2999999999999998,20,0.0,0.0,30
model_1,0.95,0.0,1.65,0,0.016666666666666666,0.24138888888888888,30
model_1,0.95,0.0,1.65,1,0.0,0.0,30
model_1,0.95,0.0,1.65,2,0.0,0.0,30
model_1,0.95,0.0,1.65,3,0.0,0.0,30
model_1,0.95,0.0,1.65,4,0.0,0.0,30
model_1,0.95,0.0,1.65,5,0.0,0.0,30
model_1,0.95,0.0,1.65,6,0.0,0.0,30
model_1,0.95,0.0,1.65,7,0.0,0.0,30
model_1,0.95,0.0,1.65,8,0.0,0.0,30
model_1,0.95,0.0,1.65,9,0.0,0.0,30
model_1,0.95,0.0,1.65,10,0.0,0.0,30
model_1,0.95,0.0,1.65,11,0.0,0.0,30
model_1,0.95,0.0,1.65,12,0.0,0.0,30
model_1,0.95,0.0,1.65,13,0.0,0.0,30
model_1,0.95,0.0,1.65,14,0.0,0.0,30
model_1,0.95,0.0,1.65,15,0.0,0.0,30
model_1,0.95,0.0,1.65,16,0.0,0.0,30
model_1,0.95,0.0,1.65,17,0.0,0.0,30
model_1,0.95,0.0,1.65,18,0.0,0.0,30
model_1,0.95,0.0,1.65,19,0.0,0.0,30
model_1,0.95,0.0,1.65,20,0.0,0.0,30
model_1,0.95,0.0,2.0,0,0.016666666666666666,0.24138888888888888,30
model_1,0.95,0.0,2.0,1,0.0,0.0,30
model_1,0.95,0.0,2.0,2,0.0,0.0,30
model_1,0.95,0.0,2.0,3,0.0,0.0,30
model_1,0.95,0.0,2.0,4,0.0,0.0,30
model_1,0.95,0.0,2.0,5,0.0,0.0,30
model_1,0.95,0.0,2.0,6,0.0,0.0,30
model_1,0.95,0.0,2.0,7,0.0,0.0,30
model_1,0.95,0.0,2.0,8,0.0,0.0,30
model_1,0.95,0.0,2.0,9,0.0,0.0,30
model_1,0.95,0.0,2.0,10,0.0,0.0,30
model_1,0.95,0.0,2.0,11,0.0,0.0,30
model_1,0.95,0.0,2.0,12,0.0,0.0,30
model_1,0.95,0.0,2.0,13,0.0,0.0,30
model_1,0.95,0.0,2.0,14,0.0,0.0,30
model_1,0.95,0.0,2.0,15,0.0,0.0,30
model_1,0.95,0.0,2.0,16,0.0,0.0,30
model_1,0.95,0.0,2.0,17,0.0,0.0,30
model_1,0.95,0.0,2.0,18,0.0,0.0,30
model_1,0.95,0.0,2.0,19,0.0,0.0,30
model_1,0.95,0.0,2.0,20,0.0,0.0,30
model_1,0.95,0.20000000000000007,0.6,0,0.016666666666666666,0.24138888888888888,30
model_1,0.95,0.20000000000000007,0.6,1,0.32151273753163445,0.0,30
model_1,0.95,0.20000000000000007,0.6,2,0.32151273753163445,0.0,30
model_1,0.95,0.20000000000000007,0.6,3,0.32151273753163445,0.0,30
model_1,0.95,0.20000000000000007,0.6,4,0.32151273753163445,0.0,30
model_1,0.95,0.20000000000000007,0.6,5,0.32151273753163445,0.0,30
model_1,0.95,0.20000000000000007,0.6,6,0.32151273753163445,0.0,30
model_1,0.95,0.20000000000000007,0.6,7,0.32151273753163445,0.0,30
model_1,0.95,0.20000000000000007,0.6,8,0.32151273753163445,0.0,30
model_1,0.95,0.20000000000000007,0.6,9,0.32151273753163445,0.0,30
model_1,0.95,0.20000000000000007,0.6,10,0.32151273753163445,0.0,30
model_1,0.95,0.20000000000000007,0.6,11,0.32151273753163445,0.0,30
model_1,0.95,0.20000000000000007,0.6,12,0.32151273753163445,0.0,30
model_1,0.95,0.20000000000000007,0.6,13,0.32151273753163445,0.0,30
model_1,0.95,0.20000000000000007,0.6,14,0.32151273753163445,0.0,30
model_1,0.95,0.20000000000000007,0.6,15,0.32151273753163445,0.0,30
model_1,0.95,0.20000000000000007,0.6,16,0.32151273753163445,0.0,30
model_1,0.95,0.20000000000000007,0.6,17,0.32151273753163445,0.0,30
model_1,0.95,0.20000000000000007,0.6,18,0.32151273753163445,0.0,30
model_1,0.95,0.20000000000000007,0.6,19,0.32151273753163445,0.0,30
model_1,0.95,0.20000000000000007,0.6,20,0.32151273753163445,0.0,30
model_1,0.95,0.20000000000000007,0.95,0,0.016666666666666666,0.24138888888888888,30
model_1,0.95,0.20000000000000007,0.95,1,0.20747021579643543,0.0,30
model_1,0.95,0.20000000000000007,0.95,2,0.20747021579643543,0.0,30
model_1,0.95,0.20000000000000007,0.95,3,0.20747021579643543,0.0,30
model_1,0.95,0.20000000000000007,0.95,4,0.20747021579643543,0.0,30
model_1,0.95,0.20000000000000007,0.95,5,0.20747021579643543,0.0,30
model_1,0.95,0.20000000000000007,0.95,6,0.20747021579643543,0.0,30
model_1,0.95,0.20000000000000007,0.95,7,0.20747021579643543,0.0,30
model_1,0.95,0.20000000000000007,0.95,8,0.20747021579643543,0.0,30
model_1,0.95,0.20000000000000007,0.95,9,0.20747021579643543,0.0,30
model_1,0.95,0.20000000000000007,0.95,10,0.20747021579643543,0.0,30
model_1,0.95,0.20000000000000007,0.95,11,0.20747021579643543,0.0,30
model_1,0.95,0.20000000000000007,0.95,12,0.20747021579643543,0.0,30
model_1,0.95,0.20000000000000007,0.95,13,0.20747021579643543,0.0,30
model_1,0.95,0.20000000000000007,0.95,14,0.20747021579643543,0.0,30
model_1,0.95,0.20000000000000007,0.95,15,0.20747021579643543,0.0,30
model_1,0.95,0.20000000000000007,0.95,16,0.20747021579643543,0.0,30
model_1,0.95,0.20000000000000007,0.95,17,0.20747021579643543,0.0,30
model_1,0.95,0.20000000000000007,0.95,18,0.20747021579643543,0.0,30
model_1,0.95,0.20000000000000007,0.95,19,0.20747021579643543,0.0,30
model_1,0.95,0.20000000000000007,0.95,20,0.20747021579643543,0.0,30
model_1,0.95,0.20000000000000007,1.2999999999999998,0,0.016666666666666666,0.24138888888888888,30
model_1,0.95,0.20000000000000007,1.2999999999999998,1,0.15264375981490508,0.0,30
model_1,0.95,0.20000000000000007,1.2999999999999998,2,0.15264375981490508,0.0,30
model_1,0.95,0.20000000000000007,1.2999999999999998,3,0.15264375981490508,0.0,30
model_1,0.95,0.20000000000000007,1.2999999999999998,4,0.15264375981490508,0.0,30
model_1,0.95,0.20000000000000007,1.2999999999999998,5,0.15264375981490508,0.0,30
model_1,0.95,0.20000000000000007,1.2999999999999998,6,0.15264375981490508,0.0,30
model_1,0.95,0.20000000000000007,1.2999999999999998,7,0.15264375981490508,0.0,30
model_1,0.95,0.20000000000000007,1.2999999999999998,8,0.15264375981490508,0.0,30
model_1,0.95,0.20000000000000007,1.2999999999999998,9,0.15264375981490508,0.0,30
model_1,0.95,0.20000000000000007,1.2999999999999998,10,0.15264375981490508,0.0,30
model_1,0.95,0.20000000000000007,1.2999999999999998,11,0.15264375981490508,0.0,30
model_1,0.95,0.20000000000000007,1.2999999999999998,12,0.15264375981490508,0.0,30
model_1,0.95,0.20000000000000007,1.2999999999999998,13,0.15264375981490508,0.0,30
model_1,0.95,0.20000000000000007,1.2999999999999998,14,0.15264375981490508,0.0,30
model_1,0.95,0.20000000000000007,1.2999999999999998,15,0.15264375981490508,0.0,30
model_1,0.95,0.20000000000000007,1.2999999999999998,16,0.15264375981490508,0.0,30
model_1,0.95,0.20000000000000007,1.2999999999999998,17,0.15264375981490508,0.0,30
model_1,0.95,0.20000000000000007,1.2999999999999998,18,0.15264375981490508,0.0,30
model_1,0.95,0.20000000000000007,1.2999999999999998,19,0.15264375981490508,0.0,30
model_1,0.95,0.20000000000000007,1.2999999999999998,20,0.15264375981490508,0.0,30
model_1,0.95,0.20000000000000007,1.65,0,0.016666666666666666,0.24138888888888888,30
model_1,0.95,0.20000000000000007,1.65,1,0.12062195788315622,0.0,30
model_1,0.95,0.20000000000000007,1.65,2,0.12062195788315622,0.0,30
model_1,0.95,0.20000000000000007,1.65,3,0.12062195788315622,0.0,30
model_1,0.95,0.20000000000000007,1.65,4,0.12062195788315622,0.0,30
model_1,0.95,0.20000000000000007,1.65,5,0.12062195788315622,0.0,30
model_1,0.95,0.20000000000000007,1.65,6,0.12062195788315622,0.0,30
model_1,0.95,0.20000000000000007,1.65,7,0.12062195788315622,0.0,30
model_1,0.95,0.20000000000000007,1.65,8,0.12062195788315622,0.0,30
model_1,0.95,0.20000000000000007,1.65,9,0.12062195788315622,0.0,30
model_1,0.95,0.20000000000000007,1.65,10,0.12062195788315622,0.0,30
model_1,0.95,0.20000000000000007,1.65,11,0.12062195788315622,0.0,30
model_1,0.95,0.20000000000000007,1.65,12,0.12062195788315622,0.0,30
model_1,0.95,0.20000000000000007,1.65,13,0.12062195788315622,0.0,30
model_1,0.95,0.20000000000000007,1.65,14,0.12062195788315622,0.0,30
model_1,0.95,0.20000000000000007,1.65,15,0.12062195788315622,0.0,30
model_1,0.95,0.20000000000000007,1.65,16,0.12062195788315622,0.0,30
model_1,0.95,0.20000000000000007,1.65,17,0.12062195788315622,0.0,30
model_1,0.95,0.20000000000000007,1.65,18,0.12062195788315622,0.0,30
model_1,0.95,0.20000000000000007,1.65,19,0.12062195788315622,0.0,30
model_1,0.95,0.20000000000000007,1.65,20,0.12062195788315622,0.0,30
model_1,0.95,0.20000000000000007,2.0,0,0.016666666666666666,0.24138888888888888,30
model_1,0.95,0.20000000000000007,2.0,1,0.0996679946249559,0.0,30
model_1,0.95,0.20000000000000007,2.0,2,0.0996679946249559,0.0,30
model_1,0.95,0.20000000000000007,2.0,3,0.0996679946249559,0.0,30
model_1,0.95,0.20000000000000007,2.0,4,0.0996679946249559,0.0,30
model_1,0.95,0.20000000000000007,2.0,5,0.0996679946249559,0.0,30
model_1,0.95,0.20000000000000007,2.0,6,0.0996679946249559,0.0,30
model_1,0.95,0.20000000000000007,2.0,7,0.0996679946249559,0.0,30
model_1,0.95,0.20000000000000007,2.0,8,0.0996679946249559,0.0,30
model_1,0.95,0.20000000000000007,2.0,9,0.0996679946249559,0.0,30
model_1,0.95,0.20000000000000007,2.0,10,0.0996679946249559,0.0,30
model_1,0.95,0.20000000000000007,2.0,11,0.0996679946249559,0.0,30
model_1,0.95,0.20000000000000007,2.0,12,0.0996679946249559,0.0,30
model_1,0.95,0.20000000000000007,2.0,13,0.0996679946249559,0.0,30
model_1,0.95,0.20000000000000007,2.0,14,0.0996679946249559,0.0,30
model_1,0.95,0.20000000000000007,2.0,15,0.0996679946249559,0.0,30
model_1,0.95,0.20000000000000007,2.0,16,0.0996679946249559,0.0,30
model_1,0.95,0.20000000000000007,2.0,17,0.0996679946249559,0.0,30
model_1,0.95,0.20000000000000007,2.0,18,0.0996679946249559,0.0,30
model_1,0.95,0.20000000000000007,2.0,19,0.0996679946249559,0.0,30
model_1,0.95,0.20000000000000007,2.0,20,0.0996679946249559,0.0,30
model_1,0.95,0.4,0.6,0,0.016666666666666666,0.24138888888888888,30
model_1,0.95,0.4,0.6,1,0.5827829453479101,0.0,30
model_1,0.95,0.4,0.6,2,0.5827829453479101,0.0,30
model_1,0.95,0.4,0.6,3,0.5827829453479101,0.0,30
model_1,0.95,0.4,0.6,4,0.5827829453479101,0.0,30
model_1,0.95,0.4,0.6,5,0.5827829453479101,0.0,30
model_1,0.95,0.4,0.6,6,0.5827829453479101,0.0,30
model_1,0.95,0.4,0.6,7,0.5827829453479101,0.0,30
model_1,0.95,0.4,0.6,8,0.5827829453479101,0.0,30
model_1,0.95,0.4,0.6,9,0.5827829453479101,0.0,30
model_1,0.95,0.4,0.6,10,0.5827829453479101,0.0,30
model_1,0.95,0.4,0.6,11,0.5827829453479101,0.0,30
model_1,0.95,0.4,0.6,12,0.5827829453479101,0.0,30
model_1,0.95,0.4,0.6,13,0.5827829453479101,0.0,30
model_1,0.95,0.4,0.6,14,0.5827829453479101,0.0,30
model_1,0.95,0.4,0.6,15,0.5827829453479101,0.0,30
model_1,0.95,0.4,0.6,16,0.5827829453479101,0.0,30
model_1,0.95,0.4,0.6,17,0.5827829453479101,0.0,30
model_1,0.95,0.4,0.6,18,0.5827829453479101,0.0,30
model_1,0.95,0.4,0.6,19,0.5827829453479101,0.0,30
model_1,0.95,0.4,0.6,20,0.5827829453479101,0.0,30
model_1,0.95,0.4,0.95,0,0.016666666666666666,0.24138888888888888,30
model_1,0.95,0.4,0.95,1,0.3978168468220349,0.0,30
model_1,0.95,0.4,0.95,2,0.3978168468220349,0.0,30
model_1,0.95,0.4,0.95,3,0.3978168468220349,0.0,30
model_1,0.95,0.4,0.95,4,0.3978168468220349,0.0,30
model_1,0.95,0.4,0.95,5,0.3978168468220349,0.0,30
model_1,0.95,0.4,0.95,6,0.3978168468220349,0.0,30
model_1,0.95,0.4,0.95,7,0.3978168468220349,0.0,30
model_1,0.95,0.4,0.95,8,0.3978168468220349,0.0,30
model_1,0.95,0.4,0.95,9,0.3978168468220349,0.0,30
model_1,0.95,0.4,0.95,10,0.3978168468220349,0.0,30
model_1,0.95,0.4,0.95,11,0.3978168468220349,0.0,30
model_1,0.95,0.4,0.95,12,0.3978168468220349,0.0,30
model_1,0.95,0.4,0.95,13,0.3978168468220349,0.0,30
model_1,0.95,0.4,0.95,14,0.3978168468220349,0.0,30
model_1,0.95,0.4,0.95,15,0.3978168468220349,0.0,30
model_1,0.95,0.4,0.95,16,0.3978168468220349,0.0,30
model_1,0.95,0.4,0.95,17,0.3978168468220349,0.0,30
model_1,0.95,0.4,0.95,18,0.3978168468220349,0.0,30
model_1,0.95,0.4,0.95,19,0.3978168468220349,0.0,30
model_1,0.95,0.4,0.95,20,0.3978168468220349,0.0,30
model_1,0.95,0.4,1.2999999999999998,0,0.016666666666666666,0.24138888888888888,30
model_1,0.95,0.4,1.2999999999999998,1,0.2983362499775455,0.0,30
model_1,0.95,0.4,1.2999999999999998,2,0.2983362499775455,0.0,30
model_1,0.95,0.4,1.2999999999999998,3,0.2983362499775455,0.0,30
model_1,0.95,0.4,1.2999999999999998,4,0.2983362499775455,0.0,30
model_1,0.95,0.4,1.2999999999999998,5,0.2983362499775455,0.0,30
model_1,0.95,0.4,1.2999999999999998,6,0.2983362499775455,0.0,30
model_1,0.95,0.4,1.2999999999999998,7,0.2983362499775455,0.0,30
model_1,0.95,0.4,1.2999999999999998,8,0.2983362499775455,0.0,30
model_1,0.95,0.4,1.2999999999999998,9,0.2983362499775455,0.0,30
model_1,0.95,0.4,1.2999999999999998,10,0.2983362499775455,0.0,30
model_1,0.95,0.4,1.2999999999999998,11,0.2983362499775455,0.0,30
model_1,0.95,0.4,1.2999999999999998,12,0.2983362499775455,0.0,30
model_1,0.95,0.4,1.2999999999999998,13,0.2983362499775455,0.0,30
model_1,0.95,0.4,1.2999999999999998,14,0.2983362499775455,0.0,30
model_1,0.95,0.4,1.2999999999999998,15,0.2983362499775455,0.0,30
model_1,0.95,0.4,1.2999999999999998,16,0.2983362499775455,0.0,30
model_1,0.95,0.4,1.2999999999999998,17,0.2983362499775455,0.0,30
model_1,0.95,0.4,1.2999999999999998,18,0.2983362499775455,0.0,30
model_1,0.95,0.4,1.2999999999999998,19,0.2983362499775455,0.0,30
model_1,0.95,0.4,1.2999999999999998,20,0.2983362499775455,0.0,30
model_1,0.95,0.4,1.65,0,0.016666666666666666,0.24138888888888888,30
model_1,0.95,0.4,1.65,1,0.23778423674736304,0.0,30
model_1,0.95,0.4,1.65,2,0.23778423674736304,0.0,30
model_1,0.95,0.4,1.65,3,0.23778423674736304,0.0,30
model_1,0.95,0.4,1.65,4,0.23778423674736304,0.0,30
model_1,0.95,0.4,1.65,5,0.23778423674736304,0.0,30
model_1,0.95,0.4,1.65,6,0.23778423674736304,0.0,30
model_1,0.95,0.4,1.65,7,0.23778423674736304,0.0,30
model_1,0.95,0.4,1.65,8,0.23778423674736304,0.0,30
model_1,0.95,0.4,1.65,9,0.23778423674736304,0.0,30
model_1,0.95,0.4,1.65,10,0.23778423674736304,0.0,30
model_1,0.95,0.4,1.65,11,0.23778423674736304,0.0,30
model_1,0.95,0.4,1.65,12,0.23778423674736304,0.0,30
model_1,0.95,0.4,1.65,13,0.23778423674736304,0.0,30
model_1,0.95,0.4,1.65,14,0.23778423674736304,0.0,30
model_1,0.95,0.4,1.65,15,0.23778423674736304,0.0,30
model_1,0.95,0.4,1.65,16,0.23778423674736304,0.0,30
model_1,0.95,0.4,1.65,17,0.23778423674736304,0.0,30
model_1,0.95,0.4,1.65,18,0.23778423674736304,0.0,30
model_1,0.95,0.4,1.65,19,0.23778423674736304,0.0,30
model_1,0.95,0.4,1.65,20,0.23778423674736304,0.0,30
model_1,0.95,0.4,2.0,0,0.016666666666666666,0.24138888888888888,30
model_1,0.95,0.4,2.0,1,0.197375320224904,0.0,30
model_1,0.95,0.4,2.0,2,0.197375320224904,0.0,30
model_1,0.95,0.4,2.0,3,0.197375320224904,0.0,30
model_1,0.95,0.4,2.0,4,0.197375320224904,0.0,30
model_1,0.95,0.4,2.0,5,0.197375320224904,0.0,30
model_1,0.95,0.4,2.0,6,0.197375320224904,0.0,30
model_1,0.95,0.4,2.0,7,0.197375320224904,0.0,30
model_1,0.95,0.4,2.0,8,0.197375320224904,0.0,30
model_1,0.95,0.4,2.0,9,0.197375320224904,0.0,30
model_1,0.95,0.4,2.0,10,0.197375320224904,0.0,30
model_1,0.95,0.4,2.0,11,0.197375320224904,0.0,30
model_1,0.95,0.4,2.0,12,0.197375320224904,0.0,30
model_1,0.95,0.4,2.0,13,0.197375320224904,0.0,30
model_1,0.95,0.4,2.0,14,0.197375320224904,0.0,30
model_1,0.95,0.4,2.0,15,0.197375320224904,0.0,30
model_1,0.95,0.4,2.0,16,0.197375320224904,0.0,30
model_1,0.95,0.4,2.0,17,0.197375320224904,0.0,30
model_1,0.95,0.4,2.0,18,0.197375320224904,0.0,30
model_1,0.95,0.4,2.0,19,0.197375320224904,0.0,30
model_1,0.95,0.4,2.0,20,0.197375320224904,0.0,30
model_1,1.2,-0.4,0.6,0,0.016666666666666666,0.24138888888888888,30
model_1,1.2,-0.4,0.6,1,-0.5827829453479102,0.0,30
model_1,1.2,-0.4,0.6,2,-0.5827829453479102,0.0,30
model_1,1.2,-0.4,0.6,3,-0.5827829453479102,0.0,30
model_1,1.2,-0.4,0.6,4,-0.5827829453479102,0.0,30
model_1,1.2,-0.4,0.6,5,-0.5827829453479102,0.0,30
model_1,1.2,-0.4,0.6,6,-0.5827829453479102,0.0,30
model_1,1.2,-0.4,0.6,7,-0.5827829453479102,0.0,30
model_1,1.2,-0.4,0.6,8,-0.5827829453479102,0.0,30
model_1,1.2,-0.4,0.6,9,-0.5827829453479102,0.0,30
model_1,1.2,-0.4,0.6,10,-0.5827829453479102,0.0,30
model_1,1.2,-0.4,0.6,11,-0.5827829453479102,0.0,30
model_1,1.2,-0.4,0.6,12,-0.5827829453479102,0.0,30
model_1,1.2,-0.4,0.6,13,-0.5827829453479102,0.0,30
model_1,1.2,-0.4,0.6,14,-0.5827829453479102,0.0,30
model_1,1.2,-0.4,0.6,15,-0.5827829453479102,0.0,30
model_1,1.2,-0.4,0.6,16,-0.5827829453479102,0.0,30
model_1,1.2,-0.4,0.6,17,-0.5827829453479102,0.0,30
model_1,1.2,-0.4,0.6,18,-0.5827829453479102,0.0,30
model_1,1.2,-0.4,0.6,19,-0.5827829453479102,0.0,30
model_1,1.2,-0.4,0.6,20,-0.5827829453479102,0.0,30
model_1,1.2,-0.4,0.95,0,0.016666666666666666,0.24138888888888888,30
model_1,1.2,-0.4,0.95,1,-0.39781684682203466,0.0,30
model_1,1.2,-0.4,0.95,2,-0.39781684682203466,0.0,30
model_1,1.2,-0.4,0.95,3,-0.39781684682203466,0.0,30
model_1,1.2,-0.4,0.95,4,-0.39781684682203466,0.0,30
model_1,1.2,-0.4,0.95,5,-0.39781684682203466,0.0,30
model_1,1.2,-0.4,0.95,6,-0.39781684682203466,0.0,30
model_1,1.2,-0.4,0.95,7,-0.39781684682203466,0.0,30
model_1,1.2,-0.4,0.95,8,-0.39781684682203466,0.0,30
model_1,1.2,-0.4,0.95,9,-0.39781684682203466,0.0,30
model_1,1.2,-0.4,0.95,10,-0.39781684682203466,0.0,30
model_1,1.2,-0.4,0.95,11,-0.39781684682203466,0.0,30
model_1,1.2,-0.4,0.95,12,-0.39781684682203466,0.0,30
model_1,1.2,-0.4,0.95,13,-0.39781684682203466,0.0,30
model_1,1.2,-0.4,0.95,14,-0.39781684682203466,0.0,30
model_1,1.2,-0.4,0.95,15,-0.39781684682203466,0.0,30
model_1,1.2,-0.4,0.95,16,-0.39781684682203466,0.0,30
model_1,1.2,-0.4,0.95,17,-0.39781684682203466,0.0,30
model_1,1.2,-0.4,0.95,18,-0.39781684682203466,0.0,30
model_1,1.2,-0.4,0.95,19,-0.39781684682203466,0.0,30
model_1,1.2,-0.4,0.95,20,-0.39781684682203466,0.0,30
model_1,1.2,-0.4,1.2999999999999998,0,0.016666666666666666,0.24138888888888888,30
model_1,1.2,-0.4,1.2999999999999998,1,-0.2983362499775455,0.0,30
model_1,1.2,-0.4,1.2999999999999998,2,-0.2983362499775455,0.0,30
model_1,1.2,-0.4,1.2999999999999998,3,-0.2983362499775455,0.0,30
model_1,1.2,-0.4,1.2999999999999998,4,-0.2983362499775455,0.0,30
model_1,1.2,-0.4,1.2999999999999998,5,-0.2983362499775455,0.0,30
model_1,1.2,-0.4,1.2999999999999998,6,-0.2983362499775455,0.0,30
model_1,1.2,-0.4,1.2999999999999998,7,-0.2983362499775455,0.0,30
model_1,1.2,-0.4,1.2999999999999998,8,-0.2983362499775455,0.0,30
model_1,1.2,-0.4,1.2999999999999998,9,-0.2983362499775455,0.0,30
model_1,1.2,-0.4,1.2999999999999998,10,-0.2983362499775455,0.0,30
model_1,1.2,-0.4,1.2999999999999998,11,-0.2983362499775455,0.0,30
model_1,1.2,-0.4,1.2999999999999998,12,-0.2983362499775455,0.0,30
model_1,1.2,-0.4,1.2999999999999998,13,-0.2983362499775455,0.0,30
model_1,1.2,-0.4,1.2999999999999998,14,-0.2983362499775455,0.0,30
model_1,1.2,-0.4,1.2999999999999998,15,-0.2983362499775455,0.0,30
model_1,1.2,-0.4,1.2999999999999998,16,-0.2983362499775455,0.0,30
model_1,1.2,-0.4,1.2999999999999998,17,-0.2983362499775455,0.0,30
model_1,1.2,-0.4,1.2999999999999998,18,-0.2983362499775455,0.0,30
model_1,1.2,-0.4,1.2999999999999998,19,-0.2983362499775455,0.0,30
model_1,1.2,-0.4,1.2999999999999998,20,-0.2983362499775455,0.0,30
model_1,1.2,-0.4,1.65,0,0.016666666666666666,0.24138888888888888,30
model_1,1.2,-0.4,1.65,1,-0.23778423674736315,0.0,30
model_1,1.2,-0.4,1.65,2,-0.23778423674736315,0.0,30
model_1,1.2,-0.4,1.65,3,-0.23778423674736315,0.0,30
model_1,1.2,-0.4,1.65,4,-0.23778423674736315,0.0,30
model_1,1.2,-0.4,1.65,5,-0.23778423674736315,0.0,30
model_1,1.2,-0.4,1.65,6,-0.23778423674736315,0.0,30
model_1,1.2,-0.4,1.65,7,-0.23778423674736315,0.0,30
model_1,1.2,-0.4,1.65,8,-0.23778423674736315,0.0,30
model_1,1.2,-0.4,1.65,9,-0.23778423674736315,0.0,30
model_1,1.2,-0.4,1.65,10,-0.23778423674736315,0.0,30
model_1,1.2,-0.4,1.65,11,-0.23778423674736315,0.0,30
model_1,1.2,-0.4,1.65,12,-0.23778423674736315,0.0,30
model_1,1.2,-0.4,1.65,13,-0.23778423674736315,0.0,30
model_1,1.2,-0.4,1.65,14,-0.23778423674736315,0.0,30
model_1,1.2,-0.4,1.65,15,-0.23778423674736315,0.0,30
model_1,1.2,-0.4,1.65,16,-0.23778423674736315,0.0,30
model_1,1.2,-0.4,1.65,17,-0.23778423674736315,0.0,30
model_1,1.2,-0.4,1.65,18,-0.23778423674736315,0.0,30
model_1,1.2,-0.4,1.65,19,-0.23778423674736315,0.0,30
model_1,1.2,-0.4,1.65,20,-0.23778423674736315,0.0,30
model_1,1.2,-0.4,2.0,0,0.016666666666666666,0.24138888888888888,30
model_1,1.2,-0.4,2.0,1,-0.197375320224904,0.0,30
model_1,1.2,-0.4,2.0,2,-0.197375320224904,0.0,30
model_1,1.2,-0.4,2.0,3,-0.197375320224904,0.0,30
model_1,1.2,-0.4,2.0,4,-0.197375320224904,0.0,30
model_1,1.2,-0.4,2.0,5,-0.197375320224904,0.0,30
model_1,1.2,-0.4,2.0,6,-0.197375320224904,0.0,30
model_1,1.2,-0.4,2.0,7,-0.197375320224904,0.0,30
model_1,1.2,-0.4,2.0,8,-0.197375320224904,0.0,30
model_1,1.2,-0.4,2.0,9,-0.197375320224904,0.0,30
model_1,1.2,-0.4,2.0,10,-0.197375320224904,0.0,30
model_1,1.2,-0.4,2.0,11,-0.197375320224904,0.0,30
model_1,1.2,-0.4,2.0,12,-0.197375320224904,0.0,30
model_1,1.2,-0.4,2.0,13,-0.197375320224904,0.0,30
model_1,1.2,-0.4,2.0,14,-0.197375320224904,0.0,30
model_1,1.2,-0.4,2.0,15,-0.197375320224904,0.0,30
model_1,1.2,-0.4,2.0,16,-0.197375320224904,0.0,30
model_1,1.2,-0.4,2.0,17,-0.197375320224904,0.0,30
model_1,1.2,-0.4,2.0,18,-0.197375320224904,0.0,30
model_1,1.2,-0.4,2.0,19,-0.197375320224904,0.0,30
model_1,1.2,-0.4,2.0,20,-0.197375320224904,0.0,30
model_1,1.2,-0.2,0.6,0,0.016666666666666666,0.24138888888888888,30
model_1,1.2,-0.2,0.6,1,-0.32151273753163434,0.0,30
model_1,1.2,-0.2,0.6,2,-0.32151273753163434,0.0,30
model_1,1.2,-0.2,0.6,3,-0.32151273753163434,0.0,30
model_1,1.2,-0.2,0.6,4,-0.32151273753163434,0.0,30
model_1,1.2,-0.2,0.6,5,-0.32151273753163434,0.0,30
model_1,1.2,-0.2,0.6,6,-0.32151273753163434,0.0,30
model_1,1.2,-0.2,0.6,7,-0.32151273753163434,0.0,30
model_1,1.2,-0.2,0.6,8,-0.32151273753163434,0.0,30
model_1,1.2,-0.2,0.6,9,-0.32151273753163434,0.0,30
model_1,1.2,-0.2,0.6,10,-0.32151273753163434,0.0,30
model_1,1.2,-0.2,0.6,11,-0.32151273753163434,0.0,30
model_1,1.2,-0.2,0.6,12,-0.32151273753163434,0.0,30
model_1,1.2,-0.2,0.6,13,-0.32151273753163434,0.0,30
model_1,1.2,-0.2,0.6,14,-0.32151273753163434,0.0,30
model_1,1.2,-0.2,0.6,15,-0.32151273753163434,0.0,30
model_1,1.2,-0.2,0.6,16,-0.32151273753163434,0.0,30
model_1,1.2,-0.2,0.6,17,-0.32151273753163434,0.0,30
model_1,1.2,-0.2,0.6,18,-0.32151273753163434,0.0,30
model_1,1.2,-0.2,0.6,19,-0.32151273753163434,0.0,30
model_1,1.2,-0.2,0.6,20,-0.32151273753163434,0.0,30
model_1,1.2,-0.2,0.95,0,0.016666666666666666,0.24138888888888888,30
model_1,1.2,-0.2,0.95,1,-0.20747021579643532,0.0,30
model_1,1.2,-0.2,0.95,2,-0.20747021579643532,0.0,30
model_1,1.2,-0.2,0.95,3,-0.20747021579643532,0.0,30
model_1,1.2,-0.2,0.95,4,-0.20747021579643532,0.0,30
model_1,1.2,-0.2,0.95,5,-0.20747021579643532,0.0,30
model_1,1.2,-0.2,0.95,6,-0.20747021579643532,0.0,30
model_1,1.2,-0.2,0.95,7,-0.20747021579643532,0.0,30
model_1,1.2,-0.2,0.95,8,-0.20747021579643532,0.0,30
model_1,1.2,-0.2,0.95,9,-0.20747021579643532,0.0,30
model_1,1.2,-0.2,0.95,10,-0.20747021579643532,0.0,30
model_1,1.2,-0.2,0.95,11,-0.20747021579643532,0.0,30
model_1,1.2,-0.2,0.95,12,-0.20747021579643532,0.0,30
model_1,1.2,-0.2,0.95,13,-0.20747021579643532,0.0,30
model_1,1.2,-0.2,0.95,14,-0.20747021579643532,0.0,30
model_1,1.2,-0.2,0.95,15,-0.20747021579643532,0.0,30
model_1,1.2,-0.2,0.95,16,-0.20747021579643532,0.0,30
model_1,1.2,-0.2,0.95,17,-0.20747021579643532,0.0,30
model_1,1.2,-0.2,0.95,18,-0.20747021579643532,0.0,30
model_1,1.2,-0.2,0.95,19,-0.20747021579643532,0.0,30
model_1,1.2,-0.2,0.95,20,-0.20747021579643532,0.0,30
model_1,1.2,-0.2,1.2999999999999998,0,0.016666666666666666,0.24138888888888888,30
model_1,1.2,-0.2,1.2999999999999998,1,-0.15264375981490486,0.0,30
model_1,1.2,-0.2,1.2999999999999998,2,-0.15264375981490486,0.0,30
model_1,1.2,-0.2,1.2999999999999998,3,-0.15264375981490486,0.0,30
model_1,1.2,-0.2,1.2999999999999998,4,-0.15264375981490486,0.0,30
model_1,1.2,-0.2,1.2999999999999998,5,-0.15264375981490486,0.0,30
model_1,1.2,-0.2,1.2999999999999998,6,-0.15264375981490486,0.0,30
model_1,1.2,-0.2,1.2999999999999998,7,-0.15264375981490486,0.0,30
model_1,1.2,-0.2,1.2999999999999998,8,-0.15264375981490486,0.0,30
model_1,1.2,-0.2,1.2999999999999998,9,-0.15264375981490486,0.0,30
model_1,1.2,-0.2,1.2999999999999998,10,-0.15264375981490486,0.0,30
model_1,1.2,-0.2,1.2999999999999998,11,-0.15264375981490486,0.0,30
model_1,1.2,-0.2,1.2999999999999998,12,-0.15264375981490486,0.0,30
model_1,1.2,-0.2,1.2999999999999998,13,-0.15264375981490486,0.0,30
model_1,1.2,-0.2,1.2999999999999998,14,-0.15264375981490486,0.0,30
model_1,1.2,-0.2,1.2999999999999998,15,-0.15264375981490486,0.0,30
model_1,1.2,-0.2,1.2999999999999998,16,-0.15264375981490486,0.0,30
model_1,1.2,-0.2,1.2999999999999998,17,-0.15264375981490486,0.0,30
model_1,1.2,-0.2,1.2999999999999998,18,-0.15264375981490486,0.0,30
model_1,1.2,-0.2,1.2999999999999998,19,-0.15264375981490486,0.0,30
model_1,1.2,-0.2,1.2999999999999998,20,-0.15264375981490486,0.0,30
model_1,1.2,-0.2,1.65,0,0.016666666666666666,0.24138888888888888,30
model_1,1.2,-0.2,1.65,1,-0.12062195788315633,0.0,30
model_1,1.2,-0.2,1.65,2,-0.12062195788315633,0.0,30
model_1,1.2,-0.2,1.65,3,-0.12062195788315633,0.0,30
model_1,1.2,-0.2,1.65,4,-0.12062195788315633,0.0,30
model_1,1.2,-0.2,1.65,5,-0.12062195788315633,0.0,30
model_1,1.2,-0.2,1.65,6,-0.12062195788315633,0.0,30
model_1,1.2,-0.2,1.65,7,-0.12062195788315633,0.0,30
model_1,1.2,-0.2,1.65,8,-0.12062195788315633,0.0,30
model_1,1.2,-0.2,1.65,9,-0.12062195788315633,0.0,30
model_1,1.2,-0.2,1.65,10,-0.12062195788315633,0.0,30
model_1,1.2,-0.2,1.65,11,-0.12062195788315633,0.0,30
model_1,1.2,-0.2,1.65,12,-0.12062195788315633,0.0,30
model_1,1.2,-0.2,1.65,13,-0.12062195788315633,0.0,30
model_1,1.2,-0.2,1.65,14,-0.12062195788315633,0.0,30
model_1,1.2,-0.2,1.65,15,-0.12062195788315633,0.0,30
model_1,1.2,-0.2,1.65,16,-0.12062195788315633,0.0,30
model_1,1.2,-0.2,1.65,17,-0.12062195788315633,0.0,30
model_1,1.2,-0.2,1.65,18,-0.12062195788315633,0.0,30
model_1,1.2,-0.2,1.65,19,-0.12062195788315633,0.0,30
model_1,1.2,-0.2,1.65,20,-0.12062195788315633,0.0,30
model_1,1.2,-0.2,2.0,0,0.016666666666666666,0.24138888888888888,30
model_1,1.2,-0.2,2.0,1,-0.09966799462495568,0.0,30
model_1,1.2,-0.2,2.0,2,-0.09966799462495568,0.0,30
model_1,1.2,-0.2,2.0,3,-0.09966799462495568,0.0,30
model_1,1.2,-0.2,2.0,4,-0.09966799462495568,0.0,30
model_1,1.2,-0.2,2.0,5,-0.09966799462495568,0.0,30
model_1,1.2,-0.2,2.0,6,-0.09966799462495568,0.0,30
model_1,1.2,-0.2,2.0,7,-0.09966799462495568,0.0,30
model_1,1.2,-0.2,2.0,8,-0.09966799462495568,0.0,30
model_1,1.2,-0.2,2.0,9,-0.09966799462495568,0.0,30
model_1,1.2,-0.2,2.0,10,-0.09966799462495568,0.0,30
model_1,1.2,-0.2,2.0,11,-0.09966799462495568,0.0,30
model_1,1.2,-0.2,2.0,12,-0.09966799462495568,0.0,30
model_1,1.2,-0.2,2.0,13,-0.09966799462495568,0.0,30
model_1,1.2,-0.2,2.0,14,-0.09966799462495568,0.0,30
model_1,1.2,-0.2,2.0,15,-0.09966799462495568,0.0,30
model_1,1.2,-0.2,2.0,16,-0.09966799462495568,0.0,30
model_1,1.2,-0.2,2.0,17,-0.09966799462495568,0.0,30
model_1,1.2,-0.2,2.0,18,-0.09966799462495568,0.0,30
model_1,1.2,-0.2,2.0,19,-0.09966799462495568,0.0,30
model_1,1.2,-0.2,2.0,20,-0.09966799462495568,0.0,30
model_1,1.2,0.0,0.6,0,0.016666666666666666,0.24138888888888888,30
model_1,1.2,0.0,0.6,1,0.0,0.0,30
model_1,1.2,0.0,0.6,2,0.0,0.0,30
model_1,1.2,0.0,0.6,3,0.0,0.0,30
model_1,1.2,0.0,0.6,4,0.0,0.0,30
model_1,1.2,0.0,0.6,5,0.0,0.0,30
model_1,1.2,0.0,0.6,6,0.0,0.0,30
model_1,1.2,0.0,0.6,7,0.0,0.0,30
model_1,1.2,0.0,0.6,8,0.0,0.0,30
model_1,1.2,0.0,0.6,9,0.0,0.0,30
model_1,1.2,0.0,0.6,10,0.0,0.0,30
model_1,1.2,0.0,0.6,11,0.0,0.0,30
model_1,1.2,0.0,0.6,12,0.0,0.0,30
model_1,1.2,0.0,0.6,13,0.0,0.0,30
model_1,1.2,0.0,0.6,14,0.0,0.0,30
model_1,1.2,0.0,0.6,15,0.0,0.0,30
model_1,1.2,0.0,0.6,16,0.0,0.0,30
model_1,1.2,0.0,0.6,17,0.0,0.0,30
model_1,1.2,0.0,0.6,18,0.0,0.0,30
model_1,1.2,0.0,0.6,19,0.0,0.0,30
model_1,1.2,0.0,0.6,20,0.0,0.0,30
model_1,1.2,0.0,0.95,0,0.016666666666666666,0.24138888888888888,30
model_1,1.2,0.0,0.95,1,0.0,0.0,30
model_1,1.2,0.0,0.95,2,0.0,0.0,30
model_1,1.2,0.0,0.95,3,0.0,0.0,30
model_1,1.2,0.0,0.95,4,0.0,0.0,30
model_1,1.2,0.0,0.95,5,0.0,0.0,30
model_1,1.2,0.0,0.95,6,0.0,0.0,30
model_1,1.2,0.0,0.95,7,0.0,0.0,30
model_1,1.2,0.0,0.95,8,0.0,0.0,30
model_1,1.2,0.0,0.95,9,0.0,0.0,30
model_1,1.2,0.0,0.95,10,0.0,0.0,30
model_1,1.2,0.0,0.95,11,0.0,0.0,30
model_1,1.2,0.0,0.95,12,0.0,0.0,30
model_1,1.2,0.0,0.95,13,0.0,0.0,30
model_1,1.2,0.0,0.95,14,0.0,0.0,30
model_1,1.2,0.0,0.95,15,0.0,0.0,30
model_1,1.2,0.0,0.95,16,0.0,0.0,30
model_1,1.2,0.0,0.95,17,0.0,0.0,30
model_1,1.2,0.0,0.95,18,0.0,0.0,30
model_1,1.2,0.0,0.95,19,0.0,0.0,30
model_1,1.2,0.0,0.95,20,0.0,0.0,30
model_1,1.2,0.0,1.2999999999999998,0,0.016666666666666666,0.24138888888888888,30
model_1,1.2,0.0,1.2999999999999998,1,0.0,0.0,30
model_1,1.2,0.0,1.2999999999999998,2,0.0,0.0,30
model_1,1.2,0.0,1.2999999999999998,3,0.0,0.0,30
model_1,1.2,0.0,1.2999999999999998,4,0.0,0.0,30
model_1,1.2,0.0,1.2999999999999998,5,0.0,0.0,30
model_1,1.2,0.0,1.2999999999999998,6,0.0,0.0,30
model_1,1.2,0.0,1.2999999999999998,7,0.0,0.0,30
model_1,1.2,0.0,1.2999999999999998,8,0.0,0.0,30
model_1,1.2,0.0,1.2999999999999998,9,0.0,0.0,30
model_1,1.2,0.0,1.2999999999999998,10,0.0,0.0,30
model_1,1.2,0.0,1.2999999999999998,11,0.0,0.0,30
model_1,1.2,0.0,1.2999999999999998,12,0.0,0.0,30
model_1,1.2,0.0,1.2999999999999998,13,0.0,0.0,30
model_1,1.2,0.0,1.2999999999999998,14,0.0,0.0,30
model_1,1.2,0.0,1.2999999999999998,15,0.0,0.0,30
model_1,1.2,0.0,1.2999999999999998,16,0.0,0.0,30
model_1,1.2,0.0,1.2999999999999998,17,0.0,0.0,30
model_1,1.2,0.0,1.2999999999999998,18,0.0,0.0,30
model_1,1.2,0.0,1.2999999999999998,19,0.0,0.0,30
model_1,1.2,0.0,1.2999999999999998,20,0.0,0.0,30
model_1,1.2,0.0,1.65,0,0.016666666666666666,0.24138888888888888,30
model_1,1.2,0.0,1.65,1,0.0,0.0,30
model_1,1.2,0.0,1.65,2,0.0,0.0,30
model_1,1.2,0.0,1.65,3,0.0,0.0,30
model_1,1.2,0.0,1.65,4,0.0,0.0,30
model_1,1.2,0.0,1.65,5,0.0,0.0,30
model_1,1.2,0.0,1.65,6,0.0,0.0,30
model_1,1.2,0.0,1.65,7,0.0,0.0,30
model_1,1.2,0.0,1.65,8,0.0,0.0,30
model_1,1.2,0.0,1.65,9,0.0,0.0,30
model_1,1.2,0.0,1.65,10,0.0,0.0,30
model_1,1.2,0.0,1.65,11,0.0,0.0,30
model_1,1.2,0.0,1.65,12,0.0,0.0,30
model_1,1.2,0.0,1.65,13,0.0,0.0,30
model_1,1.2,0.0,1.65,14,0.0,0.0,30
model_1,1.2,0.0,1.65,15,0.0,0.0,30
model_1,1.2,0.0,1.65,16,0.0,0.0,30
model_1,1.2,0.0,1.65,17,0.0,0.0,30
model_1,1.2,0.0,1.65,18,0.0,0.0,30
model_1,1.2,0.0,1.65,19,0.0,0.0,30
model_1,1.2,0.0,1.65,20,0.0,0.0,30
model_1,1.2,0.0,2.0,0,0.016666666666666666,0.24138888888888888,30
model_1,1.2,0.0,2.0,1,0.0,0.0,30
model_1,1.2,0.0,2.0,2,0.0,0.0,30
model_1,1.2,0.0,2.0,3,0.0,0.0,30
model_1,1.2,0.0,2.0,4,0.0,0.0,30
model_1,1.2,0.0,2.0,5,0.0,0.0,30
model_1,1.2,0.0,2.0,6,0.0,0.0,30
model_1,1.2,0.0,2.0,7,0.0,0.0,30
model_1,1.2,0.0,2.0,8,0.0,0.0,30
model_1,1.2,0.0,2.0,9,0.0,0.0,30
model_1,1.2,0.0,2.0,10,0.0,0.0,30
model_1,1.2,0.0,2.0,11,0.0,0.0,30
model_1,1.2,0.0,2.0,12,0.0,0.0,30
model_1,1.2,0.0,2.0,13,0.0,0.0,30
model_1,1.2,0.0,2.0,14,0.0,0.0,30
model_1,1.2,0.0,2.0,15,0.0,0.0,30
model_1,1.2,0.0,2.0,16,0.0,0.0,30
model_1,1.2,0.0,2.0,17,0.0,0.0,30
model_1,1.2,0.0,2.0,18,0.0,0.0,30
model_1,1.2,0.0,2.0,19,0.0,0.0,30
model_1,1.2,0.0,2.0,20,0.0,0.0,30
model_1,1.2,0.20000000000000007,0.6,0,0.016666666666666666,0.24138888888888888,30
model_1,1.2,0.20000000000000007,0.6,1,0.32151273753163445,0.0,30
model_1,1.2,0.20000000000000007,0.6,2,0.32151273753163445,0.0,30
model_1,1.2,0.20000000000000007,0.6,3,0.32151273753163445,0.0,30
model_1,1.2,0.20000000000000007,0.6,4,0.32151273753163445,0.0,30
model_1,1.2,0.20000000000000007,0.6,5,0.32151273753163445,0.0,30
model_1,1.2,0.20000000000000007,0.6,6,0.32151273753163445,0.0,30
model_1,1.2,0.20000000000000007,0.6,7,0.32151273753163445,0.0,30
model_1,1.2,0.20000000000000007,0.6,8,0.32151273753163445,0.0,30
model_1,1.2,0.20000000000000007,0.6,9,0.32151273753163445,0.0,30
model_1,1.2,0.20000000000000007,0.6,10,0.32151273753163445,0.0,30
model_1,1.2,0.20000000000000007,0.6,11,0.32151273753163445,0.0,30
model_1,1.2,0.20000000000000007,0.6,12,0.32151273753163445,0.0,30
model_1,1.2,0.20000000000000007,0.6,13,0.32151273753163445,0.0,30
model_1,1.2,0.20000000000000007,0.6,14,0.32151273753163445,0.0,30
model_1,1.2,0.20000000000000007,0.6,15,0.32151273753163445,0.0,30
model_1,1.2,0.20000000000000007,0.6,16,0.32151273753163445,0.0,30
model_1,1.2,0.20000000000000007,0.6,17,0.32151273753163445,0.0,30
model_1,1.2,0.20000000000000007,0.6,18,0.32151273753163445,0.0,30
model_1,1.2,0.20000000000000007,0.6,19,0.32151273753163445,0.0,30
model_1,1.2,0.20000000000000007,0.6,20,0.32151273753163445,0.0,30
model_1,1.2,0.20000000000000007,0.95,0,0.016666666666666666,0.24138888888888888,30
model_1,1.2,0.20000000000000007,0.95,1,0.20747021579643543,0.0,30
model_1,1.2,0.20000000000000007,0.95,2,0.20747021579643543,0.0,30
model_1,1.2,0.20000000000000007,0.95,3,0.20747021579643543,0.0,30
model_1,1.2,0.20000000000000007,0.95,4,0.20747021579643543,0.0,30
model_1,1.2,0.20000000000000007,0.95,5,0.20747021579643543,0.0,30
model_1,1.2,0.20000000000000007,0.95,6,0.20747021579643543,0.0,30
model_1,1.2,0.20000000000000007,0.95,7,0.20747021579643543,0.0,30
model_1,1.2,0.20000000000000007,0.95,8,0.20747021579643543,0.0,30
model_1,1.2,0.20000000000000007,0.95,9,0.20747021579643543,0.0,30
model_1,1.2,0.20000000000000007,0.95,10,0.20747021579643543,0.0,30
model_1,1.2,0.20000000000000007,0.95,11,0.20747021579643543,0.0,30
model_1,1.2,0.20000000000000007,0.95,12,0.20747021579643543,0.0,30
model_1,1.2,0.20000000000000007,0.95,13,0.20747021579643543,0.0,30
model_1,1.2,0.20000000000000007,0.95,14,0.20747021579643543,0.0,30
model_1,1.2,0.20000000000000007,0.95,15,0.20747021579643543,0.0,30
model_1,1.2,0.20000000000000007,0.95,16,0.20747021579643543,0.0,30
model_1,1.2,0.20000000000000007,0.95,17,0.20747021579643543,0.0,30
model_1,1.2,0.20000000000000007,0.95,18,0.20747021579643543,0.0,30
model_1,1.2,0.20000000000000007,0.95,19,0.20747021579643543,0.0,30
model_1,1.2,0.20000000000000007,0.95,20,0.20747021579643543,0.0,30
model_1,1.2,0.20000000000000007,1.2999999999999998,0,0.016666666666666666,0.24138888888888888,30
model_1,1.2,0.20000000000000007,1.2999999999999998,1,0.15264375981490508,0.0,30
model_1,1.2,0.20000000000000007,1.2999999999999998,2,0.15264375981490508,0.0,30
model_1,1.2,0.20000000000000007,1.2999999999999998,3,0.15264375981490508,0.0,30
model_1,1.2,0.20000000000000007,1.2999999999999998,4,0.15264375981490508,0.0,30
model_1,1.2,0.20000000000000007,1.2999999999999998,5,0.15264375981490508,0.0,30
model_1,1.2,0.20000000000000007,1.2999999999999998,6,0.15264375981490508,0.0,30
model_1,1.2,0.20000000000000007,1.2999999999999998,7,0.15264375981490508,0.0,30
model_1,1.2,0.20000000000000007,1.2999999999999998,8,0.15264375981490508,0.0,30
model_1,1.2,0.20000000000000007,1.2999999999999998,9,0.15264375981490508,0.0,30
model_1,1.2,0.20000000000000007,1.2999999999999998,10,0.15264375981490508,0.0,30
model_1,1.2,0.20000000000000007,1.2999999999999998,11,0.15264375981490508,0.0,30
model_1,1.2,0.20000000000000007,1.2999999999999998,12,0.15264375981490508,0.0,30
model_1,1.2,0.20000000000000007,1.2999999999999998,13,0.15264375981490508,0.0,30
model_1,1.2,0.20000000000000007,1.2999999999999998,14,0.15264375981490508,0.0,30
model_1,1.2,0.20000000000000007,1.2999999999999998,15,0.15264375981490508,0.0,30
model_1,1.2,0.20000000000000007,1.2999999999999998,16,0.15264375981490508,0.0,30
model_1,1.2,0.20000000000000007,1.2999999999999998,17,0.15264375981490508,0.0,30
model_1,1.2,0.20000000000000007,1.2999999999999998,18,0.15264375981490508,0.0,30
model_1,1.2,0.20000000000000007,1.2999999999999998,19,0.15264375981490508,0.0,30
model_1,1.2,0.20000000000000007,1.2999999999999998,20,0.15264375981490508,0.0,30
model_1,1.2,0.20000000000000007,1.65,0,0.016666666666666666,0.24138888888888888,30
model_1,1.2,0.20000000000000007,1.65,1,0.12062195788315622,0.0,30
model_1,1.2,0.20000000000000007,1.65,2,0.12062195788315622,0.0,30
model_1,1.2,0.20000000000000007,1.65,3,0.12062195788315622,0.0,30
model_1,1.2,0.20000000000000007,1.65,4,0.12062195788315622,0.0,30
model_1,1.2,0.20000000000000007,1.65,5,0.12062195788315622,0.0,30
model_1,1.2,0.20000000000000007,1.65,6,0.12062195788315622,0.0,30
model_1,1.2,0.20000000000000007,1.65,7,0.12062195788315622,0.0,30
model_1,1.2,0.20000000000000007,1.65,8,0.12062195788315622,0.0,30
model_1,1.2,0.20000000000000007,1.65,9,0.12062195788315622,0.0,30
model_1,1.2,0.20000000000000007,1.65,10,0.12062195788315622,0.0,30
model_1,1.2,0.20000000000000007,1.65,11,0.12062195788315622,0.0,30
model_1,1.2,0.20000000000000007,1.65,12,0.12062195788315622,0.0,30
model_1,1.2,0.20000000000000007,1.65,13,0.12062195788315622,0.0,30
model_1,1.2,0.20000000000000007,1.65,14,0.12062195788315622,0.0,30
model_1,1.2,0.20000000000000007,1.65,15,0.12062195788315622,0.0,30
model_1,1.2,0.20000000000000007,1.65,16,0.12062195788315622,0.0,30
model_1,1.2,0.20000000000000007,1.65,17,0.12062195788315622,0.0,30
model_1,1.2,0.20000000000000007,1.65,18,0.12062195788315622,0.0,30
model_1,1.2,0.20000000000000007,1.65,19,0.12062195788315622,0.0,30
model_1,1.2,0.20000000000000007,1.65,20,0.12062195788315622,0.0,30
model_1,1.2,0.20000000000000007,2.0,0,0.016666666666666666,0.24138888888888888,30
model_1,1.2,0.20000000000000007,2.0,1,0.0996679946249559,0.0,30
model_1,1.2,0.20000000000000007,2.0,2,0.0996679946249559,0.0,30
model_1,1.2,0.20000000000000007,2.0,3,0.0996679946249559,0.0,30
model_1,1.2,0.20000000000000007,2.0,4,0.0996679946249559,0.0,30
model_1,1.2,0.20000000000000007,2.0,5,0.0996679946249559,0.0,30
model_1,1.2,0.20000000000000007,2.0,6,0.0996679946249559,0.0,30
model_1,1.2,0.20000000000000007,2.0,7,0.0996679946249559,0.0,30
model_1,1.2,0.20000000000000007,2.0,8,0.0996679946249559,0.0,30
model_1,1.2,0.20000000000000007,2.0,9,0.0996679946249559,0.0,30
model_1,1.2,0.20000000000000007,2.0,10,0.0996679946249559,0.0,30
model_1,1.2,0.20000000000000007,2.0,11,0.0996679946249559,0.0,30
model_1,1.2,0.20000000000000007,2.0,12,0.0996679946249559,0.0,30
model_1,1.2,0.20000000000000007,2.0,13,0.0996679946249559,0.0,30
model_1,1.2,0.20000000000000007,2.0,14,0.0996679946249559,0.0,30
model_1,1.2,0.20000000000000007,2.0,15,0.0996679946249559,0.0,30
model_1,1.2,0.20000000000000007,2.0,16,0.0996679946249559,0.0,30
model_1,1.2,0.20000000000000007,2.0,17,0.0996679946249559,0.0,30
model_1,1.2,0.20000000000000007,2.0,18,0.0996679946249559,0.0,30
model_1,1.2,0.20000000000000007,2.0,19,0.0996679946249559,0.0,30
model_1,1.2,0.20000000000000007,2.0,20,0.0996679946249559,0.0,30
model_1,1.2,0.4,0.6,0,0.016666666666666666,0.24138888888888888,30
model_1,1.2,0.4,0.6,1,0.5827829453479101,0.0,30
model_1,1.2,0.4,0.6,2,0.5827829453479101,0.0,30
model_1,1.2,0.4,0.6,3,0.5827829453479101,0.0,30
model_1,1.2,0.4,0.6,4,0.5827829453479101,0.0,30
model_1,1.2,0.4,0.6,5,0.5827829453479101,0.0,30
model_1,1.2,0.4,0.6,6,0.5827829453479101,0.0,30
model_1,1.2,0.4,0.6,7,0.5827829453479101,0.0,30
model_1,1.2,0.4,0.6,8,0.5827829453479101,0.0,30
model_1,1.2,0.4,0.6,9,0.5827829453479101,0.0,30
model_1,1.2,0.4,0.6,10,0.5827829453479101,0.0,30
model_1,1.2,0.4,0.6,11,0.5827829453479101,0.0,30
model_1,1.2,0.4,0.6,12,0.5827829453479101,0.0,30
model_1,1.2,0.4,0.6,13,0.5827829453479101,0.0,30
model_1,1.2,0.4,0.6,14,0.5827829453479101,0.0,30
model_1,1.2,0.4,0.6,15,0.5827829453479101,0.0,30
model_1,1.2,0.4,0.6,16,0.5827829453479101,0.0,30
model_1,1.2,0.4,0.6,17,0.5827829453479101,0.0,30
model_1,1.2,0.4,0.6,18,0.5827829453479101,0.0,30
model_1,1.2,0.4,0.6,19,0.5827829453479101,0.0,30
model_1,1.2,0.4,0.6,20,0.5827829453479101,0.0,30
model_1,1.2,0.4,0.95,0,0.016666666666666666,0.24138888888888888,30
model_1,1.2,0.4,0.95,1,0.3978168468220349,0.0,30
model_1,1.2,0.4,0.95,2,0.3978168468220349,0.0,30
model_1,1.2,0.4,0.95,3,0.3978168468220349,0.0,30
model_1,1.2,0.4,0.95,4,0.3978168468220349,0.0,30
model_1,1.2,0.4,0.95,5,0.3978168468220349,0.0,30
model_1,1.2,0.4,0.95,6,0.3978168468220349,0.0,30
model_1,1.2,0.4,0.95,7,0.3978168468220349,0.0,30
model_1,1.2,0.4,0.95,8,0.3978168468220349,0.0,30
model_1,1.2,0.4,0.95,9,0.3978168468220349,0.0,30
model_1,1.2,0.4,0.95,10,0.3978168468220349,0.0,30
model_1,1.2,0.4,0.95,11,0.3978168468220349,0.0,30
model_1,1.2,0.4,0.95,12,0.3978168468220349,0.0,30
model_1,1.2,0.4,0.95,13,0.3978168468220349,0.0,30
model_1,1.2,0.4,0.95,14,0.3978168468220349,0.0,30
model_1,1.2,0.4,0.95,15,0.3978168468220349,0.0,30
model_1,1.2,0.4,0.95,16,0.3978168468220349,0.0,30
model_1,1.2,0.4,0.95,17,0.3978168468220349,0.0,30
model_1,1.2,0.4,0.95,18,0.3978168468220349,0.0,30
model_1,1.2,0.4,0.95,19,0.3978168468220349,0.0,30
model_1,1.2,0.4,0.95,20,0.3978168468220349,0.0,30
model_1,1.2,0.4,1.2999999999999998,0,0.016666666666666666,0.24138888888888888,30
model_1,1.2,0.4,1.2999999999999998,1,0.2983362499775455,0.0,30
model_1,1.2,0.4,1.2999999999999998,2,0.2983362499775455,0.0,30
model_1,1.2,0.4,1.2999999999999998,3,0.2983362499775455,0.0,30
model_1,1.2,0.4,1.2999999999999998,4,0.2983362499775455,0.0,30
model_1,1.2,0.4,1.2999999999999998,5,0.2983362499775455,0.0,30
model_1,1.2,0.4,1.2999999999999998,6,0.2983362499775455,0.0,30
model_1,1.2,0.4,1.2999999999999998,7,0.2983362499775455,0.0,30
model_1,1.2,0.4,1.2999999999999998,8,0.2983362499775455,0.0,30
model_1,1.2,0.4,1.2999999999999998,9,0.2983362499775455,0.0,30
model_1,1.2,0.4,1.2999999999999998,10,0.2983362499775455,0.0,30
model_1,1.2,0.4,1.2999999999999998,11,0.2983362499775455,0.0,30
model_1,1.2,0.4,1.2999999999999998,12,0.2983362499775455,0.0,30
model_1,1.2,0.4,1.2999999999999998,13,0.2983362499775455,0.0,30
model_1,1.2,0.4,1.2999999999999998,14,0.2983362499775455,0.0,30
model_1,1.2,0.4,1.2999999999999998,15,0.2983362499775455,0.0,30
model_1,1.2,0.4,1.2999999999999998,16,0.2983362499775455,0.0,30
model_1,1.2,0.4,1.2999999999999998,17,0.2983362499775455,0.0,30
model_1,1.2,0.4,1.2999999999999998,18,0.2983362499775455,0.0,30
model_1,1.2,0.4,1.2999999999999998,19,0.2983362499775455,0.0,30
model_1,1.2,0.4,1.2999999999999998,20,0.2983362499775455,0.0,30
model_1,1.2,0.4,1.65,0,0.016666666666666666,0.24138888888888888,30
model_1,1.2,0.4,1.65,1,0.23778423674736304,0.0,30
model_1,1.2,0.4,1.65,2,0.23778423674736304,0.0,30
model_1,1.2,0.4,1.65,3,0.23778423674736304,0.0,30
model_1,1.2,0.4,1.65,4,0.23778423674736304,0.0,30
model_1,1.2,0.4,1.65,5,0.23778423674736304,0.0,30
model_1,1.2,0.4,1.65,6,0.23778423674736304,0.0,30
model_1,1.2,0.4,1.65,7,0.23778423674736304,0.0,30
model_1,1.2,0.4,1.65,8,0.23778423674736304,0.0,30
model_1,1.2,0.4,1.65,9,0.23778423674736304,0.0,30
model_1,1.2,0.4,1.65,10,0.23778423674736304,0.0,30
model_1,1.2,0.4,1.65,11,0.23778423674736304,0.0,30
model_1,1.2,0.4,1.65,12,0.23778423674736304,0.0,30
model_1,1.2,0.4,1.65,13,0.23778423674736304,0.0,30
model_1,1.2,0.4,1.65,14,0.23778423674736304,0.0,30
model_1,1.2,0.4,1.65,15,0.23778423674736304,0.0,30
model_1,1.2,0.4,1.65,16,0.23778423674736304,0.0,30
model_1,1.2,0.4,1.65,17,0.23778423674736304,0.0,30
model_1,1.2,0.4,1.65,18,0.23778423674736304,0.0,30
model_1,1.2,0.4,1.65,19,0.23778423674736304,0.0,30
model_1,1.2,0.4,1.65,20,0.23778423674736304,0.0,30
model_1,1.2,0.4,2.0,0,0.016666666666666666,0.24138888888888888,30
model_1,1.2,0.4,2.0,1,0.197375320224904,0.0,30
model_1,1.2,0.4,2.0,2,0.197375320224904,0.0,30
model_1,1.2,0.4,2.0,3,0.197375320224904,0.0,30
model_1,1.2,0.4,2.0,4,0.197375320224904,0.0,30
model_1,1.2,0.4,2.0,5,0.197375320224904,0.0,30
model_1,1.2,0.4,2.0,6,0.197375320224904,0.0,30
model_1,1.2,0.4,2.0,7,0.197375320224904,0.0,30
model_1,1.2,0.4,2.0,8,0.197375320224904,0.0,30
model_1,1.2,0.4,2.0,9,0.197375320224904,0.0,30
model_1,1.2,0.4,2.0,10,0.197375320224904,0.0,30
model_1,1.2,0.4,2.0,11,0.197375320224904,0.0,30
model_1,1.2,0.4,2.0,12,0.197375320224904,0.0,30
model_1,1.2,0.4,2.0,13,0.197375320224904,0.0,30
model_1,1.2,0.4,2.0,14,0.197375320224904,0.0,30
model_1,1.2,0.4,2.0,15,0.197375320224904,0.0,30
model_1,1.2,0.4,2.0,16,0.197375320224904,0.0,30
model_1,1.2,0.4,2.0,17,0.197375320224904,0.0,30
model_1,1.2,0.4,2.0,18,0.197375320224904,0.0,30
model_1,1.2,0.4,2.0,19,0.197375320224904,0.0,30
model_1,1.2,0.4,2.0,20,0.197375320224904,0.0,30
model_2,0.2,-0.4,0.6,0,0.016666666666666666,0.24138888888888888,30
model_2,0.2,-0.4,0.6,1,-0.5690260972915573,0.011869716179925535,30
model_2,0.2,-0.4,0.6,2,-0.6938927910062951,0.00036178375611088345,30
model_2,0.2,-0.4,0.6,3,-0.7152911353492872,9.633791365368598e-06,30
model_2,0.2,-0.4,0.6,4,-0.7187702884265889,2.503082046639408e-07,30
model_2,0.2,-0.4,0.6,5,-0.7193307548643276,6.4773885786705164e-09,30
model_2,0.2,-0.4,0.6,6,-0.7194209056562083,1.675104656258821e-10,30
model_2,0.2,-0.4,0.6,7,-0.7194354028419562,4.331501093195227e-12,30
model_2,0.2,-0.4,0.6,8,-0.7194377340489894,1.1200246778473709e-13,30
model_2,0.2,-0.4,0.6,9,-0.7194381089142966,2.8961134987918676e-15,30
model_2,0.2,-0.4,0.6,10,-0.7194381691937373,7.488647298001299e-17,30
model_2,0.2,-0.4,0.6,11,-0.7194381788868466,1.936382488759568e-18,30
model_2,0.2,-0.4,0.6,12,-0.7194381804455267,5.0070163693509177e-20,30
model_2,0.2,-0.4,0.6,13,-0.7194381806961669,1.294691673503406e-21,30
model_2,0.2,-0.4,0.6,14,-0.7194381807364706,3.3477203717094454e-23,30
model_2,0.2,-0.4,0.6,15,-0.7194381807429516,8.655959848826737e-25,30
model_2,0.2,-0.4,0.6,16,-0.7194381807439938,2.2382624921692375e-26,30
model_2,0.2,-0.4,0.6,17,-0.7194381807441613,5.78069875774971e-28,30
model_2,0.2,-0.4,0.6,18,-0.7194381807441883,1.4767722664770221e-29,30
model_2,0.2,-0.4,0.6,19,-0.7194381807441926,3.664916288839284e-31,30
model_2,0.2,-0.4,0.6,20,-0.7194381807441933,1.479114197289397e-32,30
model_2,0.2,-0.4,0.95,0,0.016666666666666666,0.24138888888888888,30
model_2,0.2,-0.4,0.95,1,-0.3913352982404497,0.007524875093675903,30
model_2,0.2,-0.4,0.95,2,-0.46469605877991527,0.0002054487005452761,30
model_2,0.2,-0.4,0.95,3,-0.47683438861152594,5.438616883155279e-06,30
model_2,0.2,-0.4,0.95,4,-0.47880964383227126,1.4320503571262492e-07,30
model_2,0.2,-0.4,0.95,5,-0.47913017412791853,3.767461074389768e-09,30
model_2,0.2,-0.4,0.95,6,-0.479182163681049,9.910090783895409e-11,30
model_2,0.2,-0.4,0.95,7,-0.4791905956849501,2.606732669252672e-12,30
model_2,0.2,-0.4,0.95,8,-0.4791919632256988,6.856677689476468e-14,30
model_2,0.2,-0.4,0.95,9,-0.4791921850192443,1.8035604879585187e-15,30
model_2,0.2,-0.4,0.95,10,-0.47919222099064873,4.744032416642905e-17,30
model_2,0.2,-0.4,0.95,11,-0.4791922268246411,1.2478562883466323e-18,30
model_2,0.2,-0.4,0.95,12,-0.4791922277708223,3.2823243069637687e-20,30
model_2,0.2,-0.4,0.95,13,-0.479192227924278,8.633733571746366e-22,30
model_2,0.2,-0.4,0.95,14,-0.47919222794916605,2.2709850455444462e-23,30
model_2,0.2,-0.4,0.95,15,-0.47919222795320243,5.973243259840341e-25,30
model_2,0.2,-0.4,0.95,16,-0.47919222795385713,1.57139611151503e-26,30
model_2,0.2,-0.4,0.95,17,-0.4791922279539633,4.123396494842969e-28,30
model_2,0.2,-0.4,0.95,18,-0.4791922279539806,1.07661024635202e-29,30
model_2,0.2,-0.4,0.95,19,-0.47919222795398336,2.8411318539600504e-31,30
model_2,0.2,-0.4,0.95,20,-0.4791922279539838,1.1298789007071783e-32,30
model_2,0.2,-0.4,1.2999999999999998,0,0.016666666666666666,0.24138888888888888,30
model_2,0.2,-0.4,1.2999999999999998,1,-0.2944631349939277,0.00470980093219771,30
model_2,0.2,-0.4,1.2999999999999998,2,-0.33899495699248106,8.73430496494579e-05,30
model_2,0.2,-0.4,1.2999999999999998,3,-0.34507720320324364,1.6043701600239175e-06,30
model_2,0.2,-0.4,1.2999999999999998,4,-0.34590185834847764,2.943029576366412e-08,30
model_2,0.2,-0.4,1.2999999999999998,5,-0.34601355506255227,5.397651509229452e-10,30
model_2,0.2,-0.4,1.2999999999999998,6,-0.3460286819166523,9.899294316464761e-12,30
model_2,0.2,-0.4,1.2999999999999998,7,-0.34603073047688204,1.81552471692199e-13,30
model_2,0.2,-0.4,1.2999999999999998,8,-0.3460310079032646,3.329660060727361e-15,30
model_2,0.2,-0.4,1.2999999999999998,9,-0.3460310454737349,6.106573681740078e-17,30
model_2,0.2,-0.4,1.2999999999999998,10,-0.34603105056171596,1.119941420566487e-18,30
model_2,0.2,-0.4,1.2999999999999998,11,-0.34603105125075584,2.0539641233174582e-20,30
model_2,0.2,-0.4,1.2999999999999998,12,-0.34603105134406903,3.7669493112742717e-22,30
model_2,0.2,-0.4,1.2999999999999998,13,-0.34603105135670603,6.908630345246157e-24,30
model_2,0.2,-0.4,1.2999999999999998,14,-0.34603105135841733,1.2670995110482158e-25,30
model_2,0.2,-0.4,1.2999999999999998,15,-0.3460310513586491,2.3216250396364243e-27,30
model_2,0.2,-0.4,1.2999999999999998,16,-0.34603105135868045,4.2908075700728406e-29,30
model_2,0.2,-0.4,1.2999999999999998,17,-0.3460310513586848,8.363158190507132e-31,30
model_2,0.2,-0.4,1.2999999999999998,18,-0.34603105135868534,1.4585709445492666e-32,30
model_2,0.2,-0.4,1.2999999999999998,19,-0.3460310513586854,4.108650548026103e-33,30
model_2,0.2,-0.4,1.2999999999999998,20,-0.34603105135868545,3.0814879110195774e-33,30
model_2,0.2,-0.4,1.65,0,0.016666666666666666,0.24138888888888888,30
model_2,0.2,-0.4,1.65,1,-0.23508835169015538,0.0031411000926659187,30
model_2,0.2,-0.4,1.65,2,-0.2644691529840844,3.991820386204614e-05,30
model_2,0.2,-0.4,1.65,3,-0.2677894229385344,5.053960619677358e-07,30
model_2,0.2,-0.4,1.65,4,-0.26816312287386557,6.395921452799513e-09,30
model_2,0.2,-0.4,1.65,5,-0.2682051637789717,8.09380952628231e-11,30
model_2,0.2,-0.4,1.65,6,-0.2682098930967204,1.0242369247742735e-12,30
model_2,0.2,-0.4,1.65,7,-0.2682104251098958,1.2961271445561964e-14,30
model_2,0.2,-0.4,1.65,8,-0.26821048495739336,1.6401922410931837e-16,30
model_2,0.2,-0.4,1.65,9,-0.2682104916897881,2.075591500935158e-18,30
model_2,0.2,-0.4,1.65,10,-0.2682104924471321,2.6265687843871808e-20,30
model_2,0.2,-0.4,1.65,11,-0.26821049253232754,3.3237999636573054e-22,30
model_2,0.2,-0.4,1.65,12,-0.2682104925419114,4.20617582881476e-24,30
model_2,0.2,-0.4,1.65,13,-0.26821049254298956,5.322278784563059e-26,30
model_2,0.2,-0.4,1.65,14,-0.26821049254311086,6.721413332900493e-28,30
model_2,0.2,-0.4,1.65,15,-0.26821049254312446,8.363158190507133e-30,30
model_2,0.2,-0.4,1.65,16,-0.268210492543126,9.819674809782387e-32,30
model_2,0.2,-0.4,1.65,17,-0.2682104925431262,4.724948130230019e-33,30
model_2,0.2,-0.4,1.65,18,-0.2682104925431261,8.217301096052206e-34,30
model_2,0.2,-0.4,1.65,19,-0.2682104925431261,0.0,30
model_2,0.2,-0.4,1.65,20,-0.2682104925431261,0.0,30
model_2,0.2,-0.4,2.0,0,0.016666666666666666,0.24138888888888888,30
model_2,0.2,-0.4,2.0,1,-0.1953182528954109,0.002221209949657463,30
model_2,0.2,-0.4,2.0,2,-0.21606721401633402,2.0185152230857227e-05,30
model_2,0.2,-0.4,2.0,3,-0.2180488838793853,1.8311318331930562e-07,30
model_2,0.2,-0.4,2.0,4,-0.2182376623328514,1.6608601304466225e-09,30
model_2,0.2,-0.4,2.0,5,-0.21825564137333456,1.5063969441773275e-11,30
model_2,0.2,-0.4,2.0,6,-0.21825735363602866,1.366297009218066e-13,30
model_2,0.2,-0.4,2.0,7,-0.21825751670574178,1.2392266528429315e-15,30
model_2,0.2,-0.4,2.0,8,-0.21825753223590882,1.1239742733284087e-17,30
model_2,0.2,-0.4,2.0,9,-0.2182575337149455,1.0194407985572716e-19,30
model_2,0.2,-0.4,2.0,10,-0.2182575338558036,9.246290607037585e-22,30
model_2,0.2,-0.4,2.0,11,-0.21825753386921842,8.386366772928979e-24,30
model_2,0.2,-0.4,2.0,12,-0.218257533870496,7.605354882927442e-26,30
model_2,0.2,-0.4,2.0,13,-0.21825753387061766,6.89860864582917e-28,30
model_2,0.2,-0.4,2.0,14,-0.21825753387062924,6.307394888802272e-30,30
model_2,0.2,-0.4,2.0,15,-0.21825753387063032,6.691964580097515e-32,30
model_2,0.2,-0.4,2.0,16,-0.21825753387063043,2.4138321969653356e-33,30
model_2,0.2,-0.4,2.0,17,-0.21825753387063052,0.0,30
model_2,0.2,-0.4,2.0,18,-0.21825753387063052,0.0,30
model_2,0.2,-0.4,2.0,19,-0.21825753387063052,0.0,30
model_2,0.2,-0.4,2.0,20,-0.21825753387063052,0.0,30
model_2,0.2,-0.2,0.6,0,0.016666666666666666,0.24138888888888888,30
model_2,0.2,-0.2,0.6,1,-0.3091305770879844,0.020948311042041045,30
model_2,0.2,-0.2,0.6,2,-0.40984756038423337,0.001618656851510927,30
model_2,0.2,-0.2,0.6,3,-0.4380946786586607,0.00011781455169337186,30
model_2,0.2,-0.2,0.6,4,-0.44573015611829797,8.414241157175827e-06,30
model_2,0.2,-0.2,0.6,5,-0.44777166796466283,5.977684029094401e-07,30
model_2,0.2,-0.2,0.6,6,-0.4483158760863512,4.2406374185007616e-08,30
model_2,0.2,-0.2,0.6,7,-0.44846082949610655,3.0072097272378816e-09,30
model_2,0.2,-0.2,0.6,8,-0.4484994304940029,2.132318894746408e-10,30
model_2,0.2,-0.2,0.6,9,-0.44850970932592205,1.5119200871135684e-11,30
model_2,0.2,-0.2,0.6,10,-0.44851244637367915,1.0720187668871598e-12,30
model_2,0.2,-0.2,0.6,11,-0.4485131751919016,7.601076539257249e-14,30
model_2,0.2,-0.2,0.6,12,-0.44851336926064805,5.389489140742779e-15,30
model_2,0.2,-0.2,0.6,13,-0.44851342093700075,3.821378334814601e-16,30
model_2,0.2,-0.2,0.6,14,-0.44851343469730615,2.7095205802373362e-17,30
model_2,0.2,-0.2,0.6,15,-0.4485134383613805,1.9211659549550395e-18,30
model_2,0.2,-0.2,0.6,16,-0.4485134393370451,1.3621888247555423e-19,30
model_2,0.2,-0.2,0.6,17,-0.4485134395968436,9.658498947042901e-21,30
model_2,0.2,-0.2,0.6,18,-0.44851343966602236,6.848299925539941e-22,30
model_2,0.2,-0.2,0.6,19,-0.4485134396844432,4.855765032565543e-23,30
model_2,0.2,-0.2,0.6,20,-0.44851343968934826,3.442870090080147e-24,30
model_2,0.2,-0.2,0.95,0,0.016666666666666666,0.24138888888888888,30
model_2,0.2,-0.2,0.95,1,-0.20203492989159802,0.009641082711466383,30
model_2,0.2,-0.2,0.95,2,-0.24769371555056224,0.00037638655341255134,30
model_2,0.2,-0.2,0.95,3,-0.25678937885885095,1.455617114821035e-05,30
model_2,0.2,-0.2,0.95,4,-0.25858094607553006,5.617754369546681e-07,30
model_2,0.2,-0.2,0.95,5,-0.25893301412439423,2.1671969210814775e-08,30
model_2,0.2,-0.2,0.95,6,-0.2590021687241821,8.359850575678859e-10,30
model_2,0.2,-0.2,0.95,7,-0.2590157511197624,3.224717534899433e-11,30
model_2,0.2,-0.2,0.95,8,-0.2590184187398848,1.2438942869123143e-12,30
model_2,0.2,-0.2,0.95,9,-0.25901894266604475,4.798163007746393e-14,30
model_2,0.2,-0.2,0.95,10,-0.2590190455661658,1.8508297437780783e-15,30
model_2,0.2,-0.2,0.95,11,-0.25901906577594785,7.139337862883193e-17,30
model_2,0.2,-0.2,0.95,12,-0.25901906974518785,2.7539077016600367e-18,30
model_2,0.2,-0.2,0.95,13,-0.2590190705247542,1.0622844446923857e-19,30
model_2,0.2,-0.2,0.95,14,-0.2590190706778625,4.0976251945593615e-21,30
model_2,0.2,-0.2,0.95,15,-0.2590190707079333,1.5806080305243814e-22,30
model_2,0.2,-0.2,0.95,16,-0.2590190707138393,6.096871748096911e-24,30
model_2,0.2,-0.2,0.95,17,-0.2590190707149992,2.3515631368283216e-25,30
model_2,0.2,-0.2,0.95,18,-0.259019070715227,9.071826454331771e-27,30
model_2,0.2,-0.2,0.95,19,-0.25901907071527175,3.500878415709342e-28,30
model_2,0.2,-0.2,0.95,20,-0.2590190707152805,1.3557314213321734e-29,30
model_2,0.2,-0.2,1.2999999999999998,0,0.016666666666666666,0.24138888888888888,30
model_2,0.2,-0.2,1.2999999999999998,1,-0.1492997436992045,0.005399033344103043,30
model_2,0.2,-0.2,1.2999999999999998,2,-0.17497379261208748,0.0001200531256815061,30
model_2,0.2,-0.2,1.2999999999999998,3,-0.17882120742445853,2.6626668445570545e-06,30
model_2,0.2,-0.2,1.2999999999999998,4,-0.17939460998701665,5.903060961639121e-08,30
model_2,0.2,-0.2,1.2999999999999998,5,-0.17947999611561433,1.3086095634270316e-09,30
model_2,0.2,-0.2,1.2999999999999998,6,-0.1794927094889982,2.9009402991541916e-11,30
model_2,0.2,-0.2,1.2999999999999998,7,-0.17949460238260836,6.430827776207181e-13,30
model_2,0.2,-0.2,1.2999999999999998,8,-0.1794948842146753,1.4255907713374397e-14,30
model_2,0.2,-0.2,1.2999999999999998,9,-0.17949492617650603,3.160260312654327e-16,30
model_2,0.2,-0.2,1.2999999999999998,10,-0.17949493242418094,7.005688705944365e-18,30
model_2,0.2,-0.2,1.2999999999999998,11,-0.17949493335439393,1.5530261800568118e-19,30
model_2,0.2,-0.2,1.2999999999999998,12,-0.17949493349289286,3.442758780198911e-21,30
model_2,0.2,-0.2,1.2999999999999998,13,-0.1794949335135139,7.631956507234218e-23,30
model_2,0.2,-0.2,1.2999999999999998,14,-0.17949493351658413,1.691870333279098e-24,30
model_2,0.2,-0.2,1.2999999999999998,15,-0.17949493351704127,3.750126742976951e-26,30
model_2,0.2,-0.2,1.2999999999999998,16,-0.17949493351710938,8.309053425765452e-28,30
model_2,0.2,-0.2,1.2999999999999998,17,-0.17949493351711945,1.831672365002332e-29,30
model_2,0.2,-0.2,1.2999999999999998,18,-0.17949493351712095,4.284808940272723e-31,30
model_2,0.2,-0.2,1.2999999999999998,19,-0.1794949335171212,1.1915086589275699e-32,30
model_2,0.2,-0.2,1.2999999999999998,20,-0.1794949335171212,0.0,30
model_2,0.2,-0.2,1.65,0,0.016666666666666666,0.24138888888888888,30
model_2,0.2,-0.2,1.65,1,-0.11821408652939285,0.003423208942890001,30
model_2,0.2,-0.2,1.65,2,-0.1347104744383663,4.847921669945541e-05,30
model_2,0.2,-0.2,1.65,3,-0.13667977555533706,6.859063295422059e-07,30
model_2,0.2,-0.2,1.65,4,-0.1369141059535912,9.703311420291403e-09,30
model_2,0.2,-0.2,1.65,5,-0.13694197842408726,1.372677862509125e-10,30
model_2,0.2,-0.2,1.65,6,-0.13694529356569615,1.9418537387036528e-12,30
model_2,0.2,-0.2,1.65,7,-0.1369456878652627,2.747035736991404e-14,30
model_2,0.2,-0.2,1.65,8,-0.13694573476282065,3.8860831681326826e-16,30
model_2,0.2,-0.2,1.65,9,-0.13694574034076426,5.497432070387725e-18,30
model_2,0.2,-0.2,1.65,10,-0.1369457410041987,7.776920811568292e-20,30
model_2,0.2,-0.2,1.65,11,-0.13694574108310692,1.10015887078797e-21,30
model_2,0.2,-0.2,1.65,12,-0.13694574109249216,1.556339419316953e-23,30
model_2,0.2,-0.2,1.65,13,-0.1369457410936084,2.2016085447572815e-25,30
model_2,0.2,-0.2,1.65,14,-0.13694574109374122,3.1146797985462017e-27,30
model_2,0.2,-0.2,1.65,15,-0.13694574109375704,4.410507967976396e-29,30
model_2,0.2,-0.2,1.65,16,-0.13694574109375887,5.83171587160455e-31,30
model_2,0.2,-0.2,1.65,17,-0.1369457410937591,8.782240546405796e-33,30
model_2,0.2,-0.2,1.65,18,-0.13694574109375912,0.0,30
model_2,0.2,-0.2,1.65,19,-0.13694574109375912,0.0,30
model_2,0.2,-0.2,1.65,20,-0.13694574109375912,0.0,30
model_2,0.2,-0.2,2.0,0,0.016666666666666666,0.24138888888888888,30
model_2,0.2,-0.2,2.0,1,-0.09778177990064339,0.0023561784218679264,30
model_2,0.2,-0.2,2.0,2,-0.10933675860887895,2.2999836953480413e-05,30
model_2,0.2,-0.2,2.0,3,-0.11048081938822378,2.2441690657959865e-07,30
model_2,0.2,-0.2,2.0,4,-0.11059385245117388,2.189607040895996e-09,30
model_2,0.2,-0.2,2.0,5,-0.11060501773553386,2.13636166458819e-11,30
model_2,0.2,-0.2,2.0,6,-0.11060612060718547,2.0844101177033665e-13,30
model_2,0.2,-0.2,2.0,7,-0.11060622954515074,2.0337218254884e-15,30
model_2,0.2,-0.2,2.0,8,-0.11060624030567565,1.984266151328791e-17,30
model_2,0.2,-0.2,2.0,9,-0.11060624136856398,1.9360131372937714e-19,30
model_2,0.2,-0.2,2.0,10,-0.11060624147355251,1.8889343210637258e-21,30
model_2,0.2,-0.2,2.0,11,-0.11060624148392292,1.8430065022656767e-23,30
model_2,0.2,-0.2,2.0,12,-0.11060624148494727,1.798179027325743e-25,30
model_2,0.2,-0.2,2.0,13,-0.11060624148504848,1.7546266289374226e-27,30
model_2,0.2,-0.2,2.0,14,-0.11060624148505845,1.705941238466252e-29,30
model_2,0.2,-0.2,2.0,15,-0.11060624148505946,1.7785321059767995e-31,30
model_2,0.2,-0.2,2.0,16,-0.11060624148505957,2.6192647243666407e-33,30
model_2,0.2,-0.2,2.0,17,-0.1106062414850596,0.0,30
model_2,0.2,-0.2,2.0,18,-0.1106062414850596,0.0,30
model_2,0.2,-0.2,2.0,19,-0.1106062414850596,0.0,30
model_2,0.2,-0.2,2.0,20,-0.1106062414850596,0.0,30
model_2,0.2,0.0,0.6,0,0.016666666666666666,0.24138888888888888,30
model_2,0.2,0.0,0.6,1,0.0055046804308210035,0.025570011471096703,30
model_2,0.2,0.0,0.6,2,0.0018330423859789446,0.00282682092145848,30
model_2,0.2,0.0,0.6,3,0.0006109457033696216,0.0003139162173717513,30
model_2,0.2,0.0,0.6,4,0.00020364603406849795,3.487742122039546e-05,30
model_2,0.2,0.0,0.6,5,6.788191751689876e-05,3.87524237917703e-06,30
model_2,0.2,0.0,0.6,6,2.2627302363479688e-05,4.3058215762448316e-07,30
model_2,0.2,0.0,0.6,7,7.542433992450507e-06,4.7842457897162636e-08,30
model_2,0.2,0.0,0.6,8,2.5141446593934804e-06,5.315828605106344e-09,30
model_2,0.2,0.0,0.6,9,8.380482195831836e-07,5.906476221695534e-10,30
model_2,0.2,0.0,0.6,10,2.793494065326622e-07,6.562751356701325e-11,30
model_2,0.2,0.0,0.6,11,9.311646886889235e-08,7.291945951940902e-12,30
model_2,0.2,0.0,0.6,12,3.1038822948895965e-08,8.102162168965659e-13,30
model_2,0.2,0.0,0.6,13,1.0346274333568791e-08,9.002402410241491e-14,30
model_2,0.2,0.0,0.6,14,3.4487581309268953e-09,1.0002669347159462e-14,30
model_2,0.2,0.0,0.6,15,1.1495860263721625e-09,1.111407703247652e-15,30
model_2,0.2,0.0,0.6,16,3.831953125181068e-10,1.2348974438090983e-16,30
model_2,0.2,0.0,0.6,17,1.2773178070801806e-10,1.3721082613048373e-17,30
model_2,0.2,0.0,0.6,18,4.2577252834519185e-11,1.5245647231813487e-18,30
model_2,0.2,0.0,0.6,19,1.4192395407045903e-11,1.6939606850279532e-19,30
model_2,0.2,0.0,0.6,20,4.73081573915124e-12,1.8821793587917467e-20,30
model_2,0.2,0.0,0.95,0,0.016666666666666666,0.24138888888888888,30
model_2,0.2,0.0,0.95,1,0.0034958696582807628,0.01049319510807983,30
model_2,0.2,0.0,0.95,2,0.0007358529898542206,0.0004646807340246298,30
model_2,0.2,0.0,0.95,3,0.0001549153035700727,2.0594499698571556e-05,30
model_2,0.2,0.0,0.95,4,3.261373771305346e-05,9.127741007801994e-07,30
model_2,0.2,0.0,0.95,5,6.866049947743906e-06,4.0455358842934084e-08,30
model_2,0.2,0.0,0.95,6,1.4454841985959514e-06,1.7930352891541412e-09,30
model_2,0.2,0.0,0.95,7,3.0431246285841e-07,7.946970809498669e-11,30
model_2,0.2,0.0,0.95,8,6.406578167972299e-08,3.5222031289544963e-12,30
model_2,0.2,0.0,0.95,9,1.348753297936156e-08,1.5610872592370079e-13,30
model_2,0.2,0.0,0.95,10,2.839480621001182e-09,6.9189463027701545e-15,30
model_2,0.2,0.0,0.95,11,5.977854137621345e-10,3.0665690019069165e-16,30
model_2,0.2,0.0,0.95,12,1.258495900084237e-10,1.3591441739998321e-17,30
model_2,0.2,0.0,0.95,13,2.6494643516154307e-11,6.023907711372516e-19,30
model_2,0.2,0.0,0.95,14,5.577827089098264e-12,2.66987621770327e-20,30
model_2,0.2,0.0,0.95,15,1.1742532871987048e-12,1.1833232560425718e-21,30
model_2,0.2,0.0,0.95,16,2.4720966014986817e-13,5.24465597592197e-23,30
model_2,0.2,0.0,0.95,17,5.2054656881258174e-14,2.324585073974656e-24,30
model_2,0.2,0.0,0.95,18,1.0931996049142375e-14,1.0301320387393149e-25,30
model_2,0.2,0.0,0.95,19,2.3314683517128287e-15,4.565726417272473e-27,30
model_2,0.2,0.0,0.95,20,5.181040781584064e-16,2.028205212929067e-28,30
model_2,0.2,0.0,1.2999999999999998,0,0.016666666666666666,0.24138888888888888,30
model_2,0.2,0.0,1.2999999999999998,1,0.002559057104176047,0.0056541551204775005,30
model_2,0.2,0.0,1.2999999999999998,2,0.000393682786805812,0.00013379352411443062,30
model_2,0.2,0.0,1.2999999999999998,3,6.0566515932477157e-05,3.1666923558608184e-06,30
model_2,0.2,0.0,1.2999999999999998,4,9.317925285394027e-06,7.495128812645641e-08,30
model_2,0.2,0.0,1.2999999999999998,5,1.4335269661029197e-06,1.7739949795061147e-09,30
model_2,0.2,0.0,1.2999999999999998,6,2.2054261015943172e-07,4.1988046849155614e-11,30
model_2,0.2,0.0,1.2999999999999998,7,3.392963233335896e-08,9.937999254006822e-13,30
model_2,0.2,0.0,1.2999999999999998,8,5.219943403448705e-09,2.3521891717263054e-14,30
model_2,0.2,0.0,1.2999999999999998,9,8.030682119297694e-10,5.56731163543329e-16,30
model_2,0.2,0.0,1.2999999999999998,10,1.2354895625084812e-10,1.3177068988501983e-17,30
model_2,0.2,0.0,1.2999999999999998,11,1.9007499278226685e-11,3.118832701478055e-19,30
model_2,0.2,0.0,1.2999999999999998,12,2.924260833481185e-12,7.381857653793621e-21,30
model_2,0.2,0.0,1.2999999999999998,13,4.4990677849909845e-13,1.7471835370119533e-22,30
model_2,0.2,0.0,1.2999999999999998,14,6.921130335513226e-14,4.135230733543259e-24,30
model_2,0.2,0.0,1.2999999999999998,15,1.0672944010063172e-14,9.788420858361825e-26,30
model_2,0.2,0.0,1.2999999999999998,16,1.6135241291218942e-15,2.3157609544462522e-27,30
model_2,0.2,0.0,1.2999999999999998,17,2.590520390792032e-16,5.480556357015672e-29,30
model_2,0.2,0.0,1.2999999999999998,18,2.960594732333751e-17,1.2243230813044717e-30,30
model_2,0.2,0.0,1.2999999999999998,19,1.4802973661668754e-17,4.168910756063819e-32,30
model_2,0.2,0.0,1.2999999999999998,20,0.0,0.0,30
model_2,0.2,0.0,1.65,0,0.016666666666666666,0.24138888888888888,30
model_2,0.2,0.0,1.65,1,0.002017732184549459,0.0035236678223812094,30
model_2,0.2,0.0,1.65,2,0.0002445692093794379,5.176616419308632e-05,30
model_2,0.2,0.0,1.65,3,2.9644744836436014e-05,7.605670121050329e-07,30
model_2,0.2,0.0,1.65,4,3.59330239049586e-06,1.1174538058072014e-08,30
model_2,0.2,0.0,1.65,5,4.3555180486709586e-07,1.641805407489664e-10,30
model_2,0.2,0.0,1.65,6,5.279415819329595e-08,2.4122026189389395e-12,30
model_2,0.2,0.0,1.65,7,6.399291866780269e-09,3.5440993474798405e-14,30
model_2,0.2,0.0,1.65,8,7.756717120462516e-10,5.20712483417246e-16,30
model_2,0.2,0.0,1.65,9,9.402084296302367e-11,7.650504863562789e-18,30
model_2,0.2,0.0,1.65,10,1.1396461552237724e-11,1.1240410717688891e-19,30
model_2,0.2,0.0,1.65,11,1.381420903593759e-12,1.651484323049477e-21,30
model_2,0.2,0.0,1.65,12,1.6747344252128945e-13,2.4264398513919664e-23,30
model_2,0.2,0.0,1.65,13,2.0294876890147863e-14,3.564860741216647e-25,30
model_2,0.2,0.0,1.65,14,2.4276876805136757e-15,5.235439524393137e-27,30
model_2,0.2,0.0,1.65,15,2.6645352591003756e-16,7.684622769801719e-29,30
model_2,0.2,0.0,1.65,16,3.700743415417188e-17,1.1901391087448946e-30,30
model_2,0.2,0.0,1.65,17,2.960594732333751e-17,1.966674062321828e-32,30
model_2,0.2,0.0,1.65,18,0.0,0.0,30
model_2,0.2,0.0,1.65,19,0.0,0.0,30
model_2,0.2,0.0,1.65,20,0.0,0.0,30
model_2,0.2,0.0,2.0,0,0.016666666666666666,0.24138888888888888,30
model_2,0.2,0.0,2.0,1,0.0016652791652626748,0.0024032517312970307,30
model_2,0.2,0.0,2.0,2,0.0001665265311170764,2.4031460728338294e-05,30
model_2,0.2,0.0,2.0,3,1.6652651726301038e-05,2.403145016319775e-07,30
model_2,0.2,0.0,2.0,4,1.6652651712541674e-06,2.4031450057564475e-09,30
model_2,0.2,0.0,2.0,5,1.6652651713133793e-07,2.4031450056684435e-11,30
model_2,0.2,0.0,2.0,6,1.6652651694630076e-08,2.403145005615184e-13,30
model_2,0.2,0.0,2.0,7,1.6652651702031561e-09,2.40314500457701e-15,30
model_2,0.2,0.0,2.0,8,1.66526518500613e-10,2.4031450178540587e-17,30
model_2,0.2,0.0,2.0,9,1.6652620023667927e-11,2.40314493238991e-19,30
model_2,0.2,0.0,2.0,10,1.6652901280167498e-12,2.4031478666848256e-21,30
model_2,0.2,0.0,2.0,11,1.6652605220694265e-13,2.403140570032669e-23,30
model_2,0.2,0.0,2.0,12,1.6645943882546514e-14,2.403091403241371e-25,30
model_2,0.2,0.0,2.0,13,1.6653345369377348e-15,2.4041218122601306e-27,30
model_2,0.2,0.0,2.0,14,1.4062824978585316e-16,2.3852305109503433e-29,30
model_2,0.2,0.0,2.0,15,7.401486830834377e-18,2.0455601528439293e-31,30
model_2,0.2,0.0,2.0,16,-7.401486830834377e-18,7.66948102298206e-34,30
model_2,0.2,0.0,2.0,17,0.0,0.0,30
model_2,0.2,0.0,2.0,18,0.0,0.0,30
model_2,0.2,0.0,2.0,19,0.0,0.0,30
model_2,0.2,0.0,2.0,20,0.0,0.0,30
model_2,0.2,0.20000000000000007,0.6,0,0.016666666666666666,0.24138888888888888,30
model_2,0.2,0.20000000000000007,0.6,1,0.3190298018991638,0.020939373934743485,30
model_2,0.2,0.20000000000000007,0.6,2,0.4125864111246145,0.0016177184894406145,30
model_2,0.2,0.20000000000000007,0.6,3,0.43883208055974304,0.00011774244634031802,30
model_2,0.2,0.20000000000000007,0.6,4,0.44592710211599346,8.409027691656399e-06,30
model_2,0.2,0.20000000000000007,0.6,5,0.44782415274612575,5.973968690826634e-07,30
model_2,0.2,0.20000000000000007,0.6,6,0.44832985466304737,4.237999556328944e-08,30
model_2,0.2,0.20000000000000007,0.6,7,0.44846455190459245,3.005338704779934e-09,30
model_2,0.2,0.20000000000000007,0.6,8,0.4485004217067074,2.1309921342537075e-10,30
model_2,0.2,0.20000000000000007,0.6,9,0.44850997326569025,1.5109793335055814e-11,30
model_2,0.2,0.20000000000000007,0.6,10,0.4485125166552578,1.0713517278058215e-12,30
model_2,0.2,0.20000000000000007,0.6,11,0.44851319390638494,7.596346943050102e-14,30
model_2,0.2,0.20000000000000007,0.6,12,0.4485133742439143,5.3861356582846476e-15,30
model_2,0.2,0.20000000000000007,0.6,13,0.44851342226393787,3.8190005597415486e-16,30
model_2,0.2,0.20000000000000007,0.6,14,0.4485134350506411,2.7078346223958003e-17,30
model_2,0.2,0.20000000000000007,0.6,15,0.4485134384554662,1.9199704966750475e-18,30
model_2,0.2,0.20000000000000007,0.6,16,0.4485134393620981,1.3613410818968634e-19,30
model_2,0.2,0.20000000000000007,0.6,17,0.4485134396035147,9.652487017122699e-21,30
model_2,0.2,0.20000000000000007,0.6,18,0.44851343966779883,6.844022047901361e-22,30
model_2,0.2,0.20000000000000007,0.6,19,0.4485134396849163,4.852692989394427e-23,30
model_2,0.2,0.20000000000000007,0.6,20,0.44851343968947427,3.440589229427788e-24,30
model_2,0.2,0.20000000000000007,0.95,0,0.016666666666666666,0.24138888888888888,30
model_2,0.2,0.20000000000000007,0.95,1,0.20872888673060214,0.009639791233285176,30
model_2,0.2,0.20000000000000007,0.95,2,0.2490158299817141,0.0003763236637965936,30
model_2,0.2,0.20000000000000007,0.95,3,0.25704934508779587,1.4553647167061422e-05,30
model_2,0.2,0.20000000000000007,0.95,4,0.25863201564396526,5.616773383342311e-07,30
model_2,0.2,0.20000000000000007,0.95,5,0.25894304473795027,2.1668179588344344e-08,30
model_2,0.2,0.20000000000000007,0.95,6,0.25900413877339706,8.358388353832116e-10,30
model_2,0.2,0.20000000000000007,0.95,7,0.2590161380418844,3.224153469483063e-11,30
model_2,0.2,0.20000000000000007,0.95,8,0.2590184947321585,1.2436767035459566e-12,30
model_2,0.2,0.20000000000000007,0.95,9,0.25901895759107424,4.797323706021212e-14,30
model_2,0.2,0.20000000000000007,0.95,10,0.25901904849747026,1.8505059925969953e-15,30
model_2,0.2,0.20000000000000007,0.95,11,0.2590190663516617,7.138089100407497e-17,30
model_2,0.2,0.20000000000000007,0.95,12,0.25901906985825923,2.75342619742728e-18,30
model_2,0.2,0.20000000000000007,0.95,13,0.25901907054696166,1.0620986890519913e-19,30
model_2,0.2,0.20000000000000007,0.95,14,0.25901907068222413,4.096912946662507e-21,30
model_2,0.2,0.20000000000000007,0.95,15,0.25901907070879,1.5803373121088202e-22,30
model_2,0.2,0.20000000000000007,0.95,16,0.2590190707140076,6.09591240038066e-24,30
model_2,0.2,0.20000000000000007,0.95,17,0.2590190707150323,2.3511150515082044e-25,30
model_2,0.2,0.20000000000000007,0.95,18,0.2590190707152335,9.072496780668681e-27,30
model_2,0.2,0.20000000000000007,0.95,19,0.25901907071527314,3.5024006707373853e-28,30
model_2,0.2,0.20000000000000007,0.95,20,0.2590190707152809,1.3186919366417178e-29,30
model_2,0.2,0.20000000000000007,1.2999999999999998,0,0.016666666666666666,0.24138888888888888,30
model_2,0.2,0.20000000000000007,1.2999999999999998,1,0.15429929182586352,0.005398687547983403,30
model_2,0.2,0.20000000000000007,1.2999999999999998,2,0.17571927042595556,0.00012004408315544948,30
model_2,0.2,0.20000000000000007,1.2999999999999998,3,0.17893222654996466,2.6624618595925065e-06,30
model_2,0.2,0.20000000000000007,1.2999999999999998,4,0.17941114013076961,5.902605056319371e-08,30
model_2,0.2,0.20000000000000007,1.2999999999999998,5,0.17948245729252255,1.3085084487220583e-09,30
model_2,0.2,0.20000000000000007,1.2999999999999998,6,0.17949307593260674,2.9007161310584188e-11,30
model_2,0.2,0.20000000000000007,1.2999999999999998,7,0.17949465694220998,6.430330833093995e-13,30
model_2,0.2,0.20000000000000007,1.2999999999999998,8,0.17949489233802574,1.4254806091592956e-14,30
model_2,0.2,0.20000000000000007,1.2999999999999998,9,0.17949492738598746,3.160016111800299e-16,30
model_2,0.2,0.20000000000000007,1.2999999999999998,10,0.17949493260426003,7.005147420889702e-18,30
model_2,0.2,0.20000000000000007,1.2999999999999998,11,0.17949493338120584,1.5529061775178594e-19,30
model_2,0.2,0.20000000000000007,1.2999999999999998,12,0.17949493349688495,3.442494009465678e-21,30
model_2,0.2,0.20000000000000007,1.2999999999999998,13,0.17949493351410833,7.631279486965711e-23,30
model_2,0.2,0.20000000000000007,1.2999999999999998,14,0.17949493351667273,1.69176366285011e-24,30
model_2,0.2,0.20000000000000007,1.2999999999999998,15,0.17949493351705445,3.7496730606476245e-26,30
model_2,0.2,0.20000000000000007,1.2999999999999998,16,0.17949493351711132,8.279711497876723e-28,30
model_2,0.2,0.20000000000000007,1.2999999999999998,17,0.17949493351711976,1.8537409542584173e-29,30
model_2,0.2,0.20000000000000007,1.2999999999999998,18,0.179494933517121,4.284808940272723e-31,30
model_2,0.2,0.20000000000000007,1.2999999999999998,19,0.17949493351712126,1.5407439555097887e-32,30
model_2,0.2,0.20000000000000007,1.2999999999999998,20,0.1794949335171212,0.0,30
model_2,0.2,0.20000000000000007,1.65,0,0.016666666666666666,0.24138888888888888,30
model_2,0.2,0.20000000000000007,1.65,1,0.12219104829568037,0.003423080285140519,30
model_2,0.2,0.20000000000000007,1.65,2,0.1351837434080896,4.8477148113264976e-05,30
model_2,0.2,0.20000000000000007,1.65,3,0.13673606936533408,6.858766483927978e-07,30
model_2,0.2,0.20000000000000007,1.65,4,0.13692080152990752,9.702890834043569e-09,30
model_2,0.2,0.20000000000000007,1.65,5,0.13694277478926836,1.372618352602979e-10,30
model_2,0.2,0.20000000000000007,1.65,6,0.13694538828449954,1.941769551389292e-12,30
model_2,0.2,0.20000000000000007,1.65,7,0.13694569913101245,2.7469166404636647e-14,30
model_2,0.2,0.20000000000000007,1.65,8,0.1369457361027564,3.88591469891676e-16,30
model_2,0.2,0.20000000000000007,1.65,9,0.13694574050013475,5.497193803254839e-18,30
model_2,0.2,0.20000000000000007,1.65,10,0.13694574102315413,7.776584664730609e-20,30
model_2,0.2,0.20000000000000007,1.65,11,0.13694574108536148,1.1001104873332399e-21,30
model_2,0.2,0.20000000000000007,1.65,12,0.13694574109276036,1.5562412788625037e-23,30
model_2,0.2,0.20000000000000007,1.65,13,0.13694574109364038,2.2015036591260914e-25,30
model_2,0.2,0.20000000000000007,1.65,14,0.13694574109374502,3.1101588962738133e-27,30
model_2,0.2,0.20000000000000007,1.65,15,0.13694574109375748,4.4275999542561845e-29,30
model_2,0.2,0.20000000000000007,1.65,16,0.13694574109375898,5.895399955098955e-31,30
model_2,0.2,0.20000000000000007,1.65,17,0.13694574109375912,6.573840876841765e-33,30
model_2,0.2,0.20000000000000007,1.65,18,0.13694574109375912,0.0,30
model_2,0.2,0.20000000000000007,1.65,19,0.13694574109375912,0.0,30
model_2,0.2,0.20000000000000007,1.65,20,0.13694574109375912,0.0,30
model_2,0.2,0.20000000000000007,2.0,0,0.016666666666666666,0.24138888888888888,30
model_2,0.2,0.20000000000000007,2.0,1,0.10107933518949137,0.002356120033675735,30
model_2,0.2,0.20000000000000007,2.0,2,0.10966255762872502,2.299920449804542e-05,30
model_2,0.2,0.20000000000000007,2.0,3,0.11051300150174641,2.2441067528438578e-07,30
model_2,0.2,0.20000000000000007,2.0,4,0.11059703129945529,2.189546184916897e-09,30
model_2,0.2,0.20000000000000007,2.0,5,0.11060533173151657,2.1363022828579864e-11,30
model_2,0.2,0.20000000000000007,2.0,6,0.1106061516226499,2.0843521792371436e-13,30
model_2,0.2,0.20000000000000007,2.0,7,0.11060623260875374,2.033665296071923e-15,30
model_2,0.2,0.20000000000000007,2.0,8,0.11060624060828808,1.9842110059324893e-17,30
model_2,0.2,0.20000000000000007,2.0,9,0.11060624139845503,1.9359593062500548e-19,30
model_2,0.2,0.20000000000000007,2.0,10,0.11060624147650505,1.8888828645503534e-21,30
model_2,0.2,0.20000000000000007,2.0,11,0.11060624148421459,1.842936451996356e-23,30
model_2,0.2,0.20000000000000007,2.0,12,0.11060624148497608,1.798243750897826e-25,30
model_2,0.2,0.20000000000000007,2.0,13,0.11060624148505135,1.752531692220649e-27,30
model_2,0.2,0.20000000000000007,2.0,14,0.11060624148505874,1.7185612154151735e-29,30
model_2,0.2,0.20000000000000007,2.0,15,0.1106062414850595,1.904231133680473e-31,30
model_2,0.2,0.20000000000000007,2.0,16,0.11060624148505956,1.0361503100803328e-32,30
model_2,0.2,0.20000000000000007,2.0,17,0.11060624148505956,1.0361503100803328e-32,30
model_2,0.2,0.20000000000000007,2.0,18,0.11060624148505956,1.0361503100803328e-32,30
model_2,0.2,0.20000000000000007,2.0,19,0.11060624148505956,1.0361503100803328e-32,30
model_2,0.2,0.20000000000000007,2.0,20,0.11060624148505956,1.0361503100803328e-32,30
model_2,0.2,0.4,0.6,0,0.016666666666666666,0.24138888888888888,30
model_2,0.2,0.4,0.6,1,0.5763642517241625,0.011862294359396442,30
model_2,0.2,0.4,0.6,2,0.6951578857903672,0.00036154309582597035,30
model_2,0.2,0.4,0.6,3,0.715497015536545,9.627454530342334e-06,30
model_2,0.2,0.4,0.6,4,0.7188034590568159,2.5014398193690677e-07,30
model_2,0.2,0.4,0.6,5,0.7193360904706406,6.473140727272446e-09,30
model_2,0.2,0.4,0.6,6,0.7194217636804574,1.6740062052203056e-10,30
model_2,0.2,0.4,0.6,7,0.7194355408158639,4.3286607406792096e-12,30
model_2,0.2,0.4,0.6,8,0.719437756235623,1.1192902305278867e-13,30
model_2,0.2,0.4,0.6,9,0.7194381124819724,2.8942143954925637e-15,30
model_2,0.2,0.4,0.6,10,0.7194381697674299,7.483736655498442e-17,30
model_2,0.2,0.4,0.6,11,0.719438178979098,1.9351129191459088e-18,30
model_2,0.2,0.4,0.6,12,0.7194381804603609,5.0037329089715925e-20,30
model_2,0.2,0.4,0.6,13,0.7194381806985524,1.2938411428200647e-21,30
model_2,0.2,0.4,0.6,14,0.7194381807368543,3.345527661538297e-23,30
model_2,0.2,0.4,0.6,15,0.7194381807430134,8.651180173471208e-25,30
model_2,0.2,0.4,0.6,16,0.7194381807440037,2.2368090981243788e-26,30
model_2,0.2,0.4,0.6,17,0.719438180744163,5.784536237361566e-28,30
model_2,0.2,0.4,0.6,18,0.7194381807441885,1.4916044949553966e-29,30
model_2,0.2,0.4,0.6,19,0.7194381807441926,3.903218020624798e-31,30
model_2,0.2,0.4,0.6,20,0.7194381807441933,1.232595164407831e-32,30
model_2,0.2,0.4,0.95,0,0.016666666666666666,0.24138888888888888,30
model_2,0.2,0.4,0.95,1,0.39723079936271427,0.007523038797780746,30
model_2,0.2,0.4,0.95,2,0.4656684869715692,0.00020538941769991794,30
model_2,0.2,0.4,0.95,3,0.4769925472598803,5.437011791479835e-06,30
model_2,0.2,0.4,0.95,4,0.47883530647876354,1.431626222728789e-07,30
model_2,0.2,0.4,0.95,5,0.4791343365141338,3.766344619094338e-09,30
model_2,0.2,0.4,0.95,6,0.4791828387623905,9.907153741189614e-11,30
model_2,0.2,0.4,0.95,7,0.47919070517267265,2.6059601031202674e-12,30
model_2,0.2,0.4,0.95,8,0.4791919809828799,6.85464554793827e-14,30
model_2,0.2,0.4,0.95,9,0.4791921878991781,1.80302595708338e-15,30
model_2,0.2,0.4,0.95,10,0.47919222145772844,4.7426263902635823e-17,30
model_2,0.2,0.4,0.95,11,0.47919222690039404,1.2474864935710262e-18,30
model_2,0.2,0.4,0.95,12,0.47919222778310827,3.281353389292669e-20,30
model_2,0.2,0.4,0.95,13,0.4791922279262706,8.631183058569222e-22,30
model_2,0.2,0.4,0.95,14,0.4791922279494892,2.2703128661445088e-23,30
model_2,0.2,0.4,0.95,15,0.47919222795325483,5.972537064984146e-25,30
model_2,0.2,0.4,0.95,16,0.47919222795386557,1.571866058964713e-26,30
model_2,0.2,0.4,0.95,17,0.47919222795396466,4.1230308249441945e-28,30
model_2,0.2,0.4,0.95,18,0.4791922279539808,1.0749667861328095e-29,30
model_2,0.2,0.4,0.95,19,0.4791922279539835,3.0219124780731988e-31,30
model_2,0.2,0.4,0.95,20,0.4791922279539838,1.5407439555097887e-32,30
model_2,0.2,0.4,1.2999999999999998,0,0.016666666666666666,0.24138888888888888,30
model_2,0.2,0.4,1.2999999999999998,1,0.2991281611089448,0.004709221541541739,30
model_2,0.2,0.4,1.2999999999999998,2,0.33962999457248805,8.733063647658065e-05,30
model_2,0.2,0.4,1.2999999999999998,3,0.3451632646781231,1.6041380790412577e-06,30
model_2,0.2,0.4,1.2999999999999998,4,0.34591351435553325,2.9426028439484468e-08,30
model_2,0.2,0.4,1.2999999999999998,5,0.346015133598092,5.396868612397387e-10,30
model_2,0.2,0.4,1.2999999999999998,6,0.34602889569021145,9.897858421357872e-12,30
model_2,0.2,0.4,1.2999999999999998,7,0.34603075942717365,1.815261372916545e-13,30
model_2,0.2,0.4,1.2999999999999998,8,0.34603101182385804,3.329177087850602e-15,30
model_2,0.2,0.4,1.2999999999999998,9,0.34603104600468126,6.105687918044492e-17,30
model_2,0.2,0.4,1.2999999999999998,10,0.3460310506336194,1.1197789720934236e-18,30
model_2,0.2,0.4,1.2999999999999998,11,0.3460310512604933,2.0536662205600038e-20,30
model_2,0.2,0.4,1.2999999999999998,12,0.34603105134538775,3.7664029384624004e-22,30
model_2,0.2,0.4,1.2999999999999998,13,0.3460310513568846,6.907509991224582e-24,30
model_2,0.2,0.4,1.2999999999999998,14,0.3460310513584415,1.266927640032816e-25,30
model_2,0.2,0.4,1.2999999999999998,15,0.34603105135865236,2.3239051352580514e-27,30
model_2,0.2,0.4,1.2999999999999998,16,0.34603105135868095,4.354758715852867e-29,30
model_2,0.2,0.4,1.2999999999999998,17,0.34603105135868484,8.184431891667998e-31,30
model_2,0.2,0.4,1.2999999999999998,18,0.34603105135868534,2.3624740651150094e-32,30
model_2,0.2,0.4,1.2999999999999998,19,0.34603105135868534,1.0477058897466563e-32,30
model_2,0.2,0.4,1.2999999999999998,20,0.34603105135868534,1.0477058897466563e-32,30
model_2,0.2,0.4,1.65,0,0.016666666666666666,0.24138888888888888,30
model_2,0.2,0.4,1.65,1,0.23889643441970537,0.003140869067051615,30
model_2,0.2,0.4,1.65,2,0.26489839386411196,3.991489629635133e-05,30
model_2,0.2,0.4,1.65,3,0.26783772038858417,5.053536593026489e-07,30
model_2,0.2,0.4,1.65,4,0.2681685561151566,6.39538408729076e-09,30
model_2,0.2,0.4,1.65,5,0.2682057749796485,8.093129402932727e-11,30
model_2,0.2,0.4,1.65,6,0.26820996185223556,1.0241508566738843e-12,30
model_2,0.2,0.4,1.65,7,0.268210432844376,1.2960182294232918e-14,30
model_2,0.2,0.4,1.65,8,0.26821048582746443,1.6400544069682212e-16,30
model_2,0.2,0.4,1.65,9,0.2682104917876646,2.0754170926392224e-18,30
model_2,0.2,0.4,1.65,10,0.26821049245814244,2.626348068592457e-20,30
model_2,0.2,0.4,1.65,11,0.2682104925335661,3.3235219160727134e-22,30
model_2,0.2,0.4,1.65,12,0.2682104925420507,4.205888849640173e-24,30
model_2,0.2,0.4,1.65,13,0.2682104925430052,5.320748394406931e-26,30
model_2,0.2,0.4,1.65,14,0.2682104925431126,6.713156999624234e-28,30
model_2,0.2,0.4,1.65,15,0.2682104925431246,8.222847774292042e-30,30
model_2,0.2,0.4,1.65,16,0.26821049254312607,1.1237159248851393e-31,30
model_2,0.2,0.4,1.65,17,0.2682104925431261,3.2869204384208825e-33,30
model_2,0.2,0.4,1.65,18,0.2682104925431261,0.0,30
model_2,0.2,0.4,1.65,19,0.2682104925431261,0.0,30
model_2,0.2,0.4,1.65,20,0.2682104925431261,0.0,30
model_2,0.2,0.4,2.0,0,0.016666666666666666,0.24138888888888888,30
model_2,0.2,0.4,2.0,1,0.1985193738547573,0.0022211013333084495,30
model_2,0.2,0.4,2.0,2,0.21637235812637573,2.0184061315430386e-05,30
model_2,0.2,0.4,2.0,3,0.21807794727966653,1.8310319727328345e-07,30
model_2,0.2,0.4,2.0,4,0.2182404302489178,1.660769478334556e-09,30
model_2,0.2,0.4,2.0,5,0.2182559049798119,1.5063147162143444e-11,30
model_2,0.2,0.4,2.0,6,0.2182573787409533,1.3662224279610413e-13,30
model_2,0.2,0.4,2.0,7,0.21825751909664357,1.2391590081441317e-15,30
model_2,0.2,0.4,2.0,8,0.21825753246360954,1.1239129036667534e-17,30
model_2,0.2,0.4,2.0,9,0.21825753373663087,1.0193850761721789e-19,30
model_2,0.2,0.4,2.0,10,0.21825753385786884,9.245777022571854e-22,30
model_2,0.2,0.4,2.0,11,0.21825753386941504,8.386080235228896e-24,30
model_2,0.2,0.4,2.0,12,0.21825753387051472,7.606913643315604e-26,30
model_2,0.2,0.4,2.0,13,0.21825753387061939,6.939838954078612e-28,30
model_2,0.2,0.4,2.0,14,0.2182575338706294,6.2960960997952006e-30,30
model_2,0.2,0.4,2.0,15,0.2182575338706303,4.7660346357102797e-32,30
model_2,0.2,0.4,2.0,16,0.21825753387063046,9.655328787861342e-33,30
model_2,0.2,0.4,2.0,17,0.21825753387063052,0.0,30
model_2,0.2,0.4,2.0,18,0.21825753387063052,0.0,30
model_2,0.2,0.4,2.0,19,0.21825753387063052,0.0,30
model_2,0.2,0.4,2.0,20,0.21825753387063052,0.0,30
model_2,0.45,-0.4,0.6,0,0.016666666666666666,0.24138888888888888,30
model_2,0.45,-0.4,0.6,1,-0.5281549377199667,0.06136750912421019,30
model_2,0.45,-0.4,0.6,2,-0.7759291431770797,0.006777710717621548,30
model_2,0.45,-0.4,0.6,3,-0.8469479484627275,0.0003552912157421696,30
model_2,0.45,-0.4,0.6,4,-0.8621610085583993,1.3735554532580826e-05,30
model_2,0.45,-0.4,0.6,5,-0.8651031776322528,4.933163269254658e-07,30
model_2,0.45,-0.4,0.6,6,-0.8656589175259096,1.7460051338606998e-08,30
model_2,0.45,-0.4,0.6,7,-0.8657634036513467,6.16251234088656e-10,30
model_2,0.45,-0.4,0.6,8,-0.8657830310789418,2.1739161194115858e-11,30
model_2,0.45,-0.4,0.6,9,-0.8657867174259958,7.668052131739778e-13,30
model_2,0.45,-0.4,0.6,10,-0.86578740975981,2.704701297119771e-14,30
model_2,0.45,-0.4,0.6,11,-0.8657875397864466,9.540080860841034e-16,30
model_2,0.45,-0.4,0.6,12,-0.8657875642066141,3.3649957480301413e-17,30
model_2,0.45,-0.4,0.6,13,-0.8657875687929394,1.1869076204459223e-18,30
model_2,0.45,-0.4,0.6,14,-0.8657875696542922,4.186482801445093e-20,30
model_2,0.45,-0.4,0.6,15,-0.865787569816062,1.4766643589444475e-21,30
model_2,0.45,-0.4,0.6,16,-0.8657875698464438,5.2085213011038656e-23,30
model_2,0.45,-0.4,0.6,17,-0.8657875698521497,1.8371363188503034e-24,30
model_2,0.45,-0.4,0.6,18,-0.8657875698532214,6.478919791479861e-26,30
model_2,0.45,-0.4,0.6,19,-0.8657875698534225,2.2848448107955493e-27,30
model_2,0.45,-0.4,0.6,20,-0.8657875698534604,7.997899156787613e-29,30
model_2,0.45,-0.4,0.95,0,0.016666666666666666,0.24138888888888888,30
model_2,0.45,-0.4,0.95,1,-0.3743583794182995,0.03689778477684596,30
model_2,0.45,-0.4,0.95,2,-0.532770438125053,0.004359744212849819,30
model_2,0.45,-0.4,0.95,3,-0.5868473385795299,0.0004293265968140887,30
model_2,0.45,-0.4,0.95,4,-0.6037166242566102,3.9220209473357063e-05,30
model_2,0.45,-0.4,0.95,5,-0.6088036853934351,3.4945983681073114e-06,30
model_2,0.45,-0.4,0.95,6,-0.610321062270013,3.089955023560117e-07,30
model_2,0.45,-0.4,0.95,7,-0.6107721641294124,2.7258822146961562e-08,30
model_2,0.45,-0.4,0.95,8,-0.6109061389875479,2.4030577392262094e-09,30
model_2,0.45,-0.4,0.95,9,-0.6109459170207927,2.1180335322564285e-10,30
model_2,0.45,-0.4,0.95,10,-0.610957726345843,1.866702797845946e-11,30
model_2,0.45,-0.4,0.95,11,-0.610961232213317,1.6451659916317115e-12,30
model_2,0.45,-0.4,0.95,12,-0.6109622730019575,1.4499130273927114e-13,30
model_2,0.45,-0.4,0.95,13,-0.6109625819806929,1.2778312153373505e-14,30
model_2,0.45,-0.4,0.95,14,-0.6109626737070915,1.1261722695878325e-15,30
model_2,0.45,-0.4,0.95,15,-0.6109627009378666,9.925127725158476e-17,30
model_2,0.45,-0.4,0.95,16,-0.6109627090218543,8.747166036342785e-18,30
model_2,0.45,-0.4,0.95,17,-0.610962711421744,7.709010133578084e-19,30
model_2,0.45,-0.4,0.95,18,-0.6109627121341981,6.794067610843453e-20,30
model_2,0.45,-0.4,0.95,19,-0.610962712345704,5.9877122108415484e-21,30
model_2,0.45,-0.4,0.95,20,-0.6109627124084936,5.277059977769929e-22,30
model_2,0.45,-0.4,1.2999999999999998,0,0.016666666666666666,0.24138888888888888,30
model_2,0.45,-0.4,1.2999999999999998,1,-0.28559354801709236,0.02320235788883107,30
model_2,0.45,-0.4,1.2999999999999998,2,-0.38463595451169813,0.0020255742979699855,30
model_2,0.45,-0.4,1.2999999999999998,3,-0.414253637087586,0.0001671093552743139,30
model_2,0.45,-0.4,1.2999999999999998,4,-0.42278581683347277,1.3520624996102043e-05,30
model_2,0.45,-0.4,1.2999999999999998,5,-0.4252146765578347,1.08757235042528e-06,30
model_2,0.45,-0.4,1.2999999999999998,6,-0.4259036922208304,8.733530957129268e-08,30
model_2,0.45,-0.4,1.2999999999999998,7,-0.4260989561401018,7.009933753817138e-09,30
model_2,0.45,-0.4,1.2999999999999998,8,-0.426154277351364,5.625732287779946e-10,30
model_2,0.45,-0.4,1.2999999999999998,9,-0.42616994942348585,4.5146856568904816e-11,30
model_2,0.45,-0.4,1.2999999999999998,10,-0.42617438909934374,3.623024273563474e-12,30
model_2,0.45,-0.4,1.2999999999999998,11,-0.4261756467884537,2.907459210311329e-13,30
model_2,0.45,-0.4,1.2999999999999998,12,-0.4261760030709964,2.3332197186254186e-14,30
model_2,0.45,-0.4,1.2999999999999998,13,-0.4261761039999013,1.8723952820097654e-15,30
model_2,0.45,-0.4,1.2999999999999998,14,-0.4261761325913732,1.5025862353747407e-16,30
model_2,0.45,-0.4,1.2999999999999998,15,-0.4261761406908591,1.2058166349450524e-17,30
model_2,0.45,-0.4,1.2999999999999998,16,-0.4261761429853079,9.676607054776461e-19,30
model_2,0.45,-0.4,1.2999999999999998,17,-0.4261761436352869,7.765420422408493e-20,30
model_2,0.45,-0.4,1.2999999999999998,18,-0.4261761438194151,6.2317027174271105e-21,30
model_2,0.45,-0.4,1.2999999999999998,19,-0.4261761438715755,5.000906492845735e-22,30
model_2,0.45,-0.4,1.2999999999999998,20,-0.42617614388635167,4.0131952054451725e-23,30
model_2,0.45,-0.4,1.65,0,0.016666666666666666,0.24138888888888888,30
model_2,0.45,-0.4,1.65,1,-0.22960283689074157,0.015584108232590594,30
model_2,0.45,-0.4,1.65,2,-0.295609431688426,0.0009655048643804544,30
model_2,0.45,-0.4,1.65,3,-0.31223740563361374,5.853255728305475e-05,30
model_2,0.45,-0.4,1.65,4,-0.31634329554633606,3.526603148524946e-06,30
model_2,0.45,-0.4,1.65,5,-0.31735182917013016,2.1214543532916319e-07,30
model_2,0.45,-0.4,1.65,6,-0.3175992311844424,1.275681051619854e-08,30
model_2,0.45,-0.4,1.65,7,-0.3176599014154347,7.670242009459472e-10,30
model_2,0.45,-0.4,1.65,8,-0.3176747783548489,4.611751097775785e-11,30
model_2,0.45,-0.4,1.65,9,-0.317678426256202,2.772810301520476e-12,30
model_2,0.45,-0.4,1.65,10,-0.3176793207359324,1.6671468125839147e-13,30
model_2,0.45,-0.4,1.65,11,-0.31767954006561655,1.0023684396242978e-14,30
model_2,0.45,-0.4,1.65,12,-0.31767959384603756,6.026718203895322e-16,30
model_2,0.45,-0.4,1.65,13,-0.31767960703318776,3.6235509992927954e-17,30
model_2,0.45,-0.4,1.65,14,-0.3176796102667238,2.1786519485773555e-18,30
model_2,0.45,-0.4,1.65,15,-0.31767961105959824,1.3099096963613863e-19,30
model_2,0.45,-0.4,1.65,16,-0.3176796112540139,7.875800069933021e-21,30
model_2,0.45,-0.4,1.65,17,-0.3176796113016853,4.735305558021973e-22,30
model_2,0.45,-0.4,1.65,18,-0.31767961131337447,2.847092896243125e-23,30
model_2,0.45,-0.4,1.65,19,-0.3176796113162407,1.7118017083178517e-24,30
model_2,0.45,-0.4,1.65,20,-0.3176796113169435,1.0292617034306816e-25,30
model_2,0.45,-0.4,2.0,0,0.016666666666666666,0.24138888888888888,30
model_2,0.45,-0.4,2.0,1,-0.1915119381398186,0.011077463949016273,30
model_2,0.45,-0.4,2.0,2,-0.23828659658887166,0.000498712718012892,30
model_2,0.45,-0.4,2.0,3,-0.24830743126441654,2.2233136118188866e-05,30
model_2,0.45,-0.4,2.0,4,-0.25042752463807194,9.888437349255957e-07,30
model_2,0.45,-0.4,2.0,5,-0.250874828675898,4.395751209508548e-08,30
model_2,0.45,-0.4,2.0,6,-0.25096914663430014,1.9538516520990944e-09,30
model_2,0.45,-0.4,2.0,7,-0.2509890319194645,8.684406778787922e-11,30
model_2,0.45,-0.4,2.0,8,-0.2509932242723896,3.859994082647905e-12,30
model_2,0.45,-0.4,2.0,9,-0.250994108128239,1.7156657421008489e-13,30
model_2,0.45,-0.4,2.0,10,-0.2509942944675725,7.625680881478598e-15,30
model_2,0.45,-0.4,2.0,11,-0.25099433375264213,3.3894135036247986e-16,30
model_2,0.45,-0.4,2.0,12,-0.25099434203493326,1.5065046584726876e-17,30
model_2,0.45,-0.4,2.0,13,-0.2509943437810507,6.6960148698336705e-19,30
model_2,0.45,-0.4,2.0,14,-0.2509943441491767,2.976201395731262e-20,30
model_2,0.45,-0.4,2.0,15,-0.250994344226787,1.3228426939109549e-21,30
model_2,0.45,-0.4,2.0,16,-0.2509943442431492,5.879666083237273e-23,30
model_2,0.45,-0.4,2.0,17,-0.2509943442465988,2.6133582579667234e-24,30
model_2,0.45,-0.4,2.0,18,-0.25099434424732603,1.1616256135443653e-25,30
model_2,0.45,-0.4,2.0,19,-0.25099434424747935,5.162404371379454e-27,30
model_2,0.45,-0.4,2.0,20,-0.2509943442475117,2.2994946151895913e-28,30
model_2,0.45,-0.2,0.6,0,0.016666666666666666,0.24138888888888888,30
model_2,0.45,-0.2,0.6,1,-0.2782192744332043,0.09455252653849838,30
model_2,0.45,-0.2,0.6,2,-0.4761022971270487,0.03237275219789147,30
model_2,0.45,-0.2,0.6,3,-0.5913533193438526,0.008559658733973768,30
model_2,0.45,-0.2,0.6,4,-0.6490770821315837,0.0017749916897444006,30
model_2,0.45,-0.2,0.6,5,-0.6747774363227415,0.0003131364141093314,30
model_2,0.45,-0.2,0.6,6,-0.6854355953953735,5.080521195871292e-05,30
model_2,0.45,-0.2,0.6,7,-0.6897036361614023,7.941581637941624e-06,30
model_2,0.45,-0.2,0.6,8,-0.6913869538598486,1.2224556055612103e-06,30
model_2,0.45,-0.2,0.6,9,-0.692046739941523,1.8702333308497107e-07,30
model_2,0.45,-0.2,0.6,10,-0.6923047082793352,2.8543655969680644e-08,30
model_2,0.45,-0.2,0.6,11,-0.6924054727465319,4.352237004941623e-09,30
model_2,0.45,-0.2,0.6,12,-0.6924448171637333,6.633685403321761e-10,30
model_2,0.45,-0.2,0.6,13,-0.6924601772699642,1.0109611783961719e-10,30
model_2,0.45,-0.2,0.6,14,-0.692466173524956,1.540598938263606e-11,30
model_2,0.45,-0.2,0.6,15,-0.6924685142808013,2.3476597186379984e-12,30
model_2,0.45,-0.2,0.6,16,-0.692469428032705,3.577477985493428e-13,30
model_2,0.45,-0.2,0.6,17,-0.6924697847293065,5.4515165446173944e-14,30
model_2,0.45,-0.2,0.6,18,-0.692469923970925,8.30724712130558e-15,30
model_2,0.45,-0.2,0.6,19,-0.692469978325853,1.2658921410355341e-15,30
model_2,0.45,-0.2,0.6,20,-0.6924699995440609,1.929017601567499e-16,30
model_2,0.45,-0.2,0.95,0,0.016666666666666666,0.24138888888888888,30
model_2,0.45,-0.2,0.95,1,-0.1901783835542137,0.04583520380002285,30
model_2,0.45,-0.2,0.95,2,-0.28920400068544794,0.008579269397225,30
model_2,0.45,-0.2,0.95,3,-0.3336072560810394,0.0015289295681644363,30
model_2,0.45,-0.2,0.95,4,-0.352617987105869,0.00026414916622796226,30
model_2,0.45,-0.2,0.95,5,-0.360564456704897,4.495302322775805e-05,30
model_2,0.45,-0.2,0.95,6,-0.36385008670452507,7.599519663429723e-06,30
model_2,0.45,-0.2,0.95,7,-0.3652022706744984,1.2811396053811772e-06,30
model_2,0.45,-0.2,0.95,8,-0.36575767087449157,2.1572558443257333e-07,30
model_2,0.45,-0.2,0.95,9,-0.36598561388298606,3.630769258053499e-08,30
model_2,0.45,-0.2,0.95,10,-0.36607913345454435,6.1095619606839805e-09,30
model_2,0.45,-0.2,0.95,11,-0.36611749707580205,1.0279840328432927e-09,30
model_2,0.45,-0.2,0.95,12,-0.36613323373022016,1.729610250794872e-10,30
model_2,0.45,-0.2,0.95,13,-0.36613968871558483,2.9100752471401552e-11,30
model_2,0.45,-0.2,0.95,14,-0.36614233644762584,4.89618435254086e-12,30
model_2,0.45,-0.2,0.95,15,-0.3661434225008877,8.237782276680551e-13,30
model_2,0.45,-0.2,0.95,16,-0.36614386798018944,1.385997507028611e-13,30
model_2,0.45,-0.2,0.95,17,-0.36614405070758077,2.3319241577214125e-14,30
model_2,0.45,-0.2,0.95,18,-0.3661441256589658,3.923433764236864e-15,30
model_2,0.45,-0.2,0.95,19,-0.3661441564026297,6.601128692940326e-16,30
model_2,0.45,-0.2,0.95,20,-0.36614416901310815,1.110631698657231e-16,30
model_2,0.45,-0.2,1.2999999999999998,0,0.016666666666666666,0.24138888888888888,30
model_2,0.45,-0.2,1.2999999999999998,1,-0.14295270505167504,0.026330308977864873,30
model_2,0.45,-0.2,1.2999999999999998,2,-0.19997207349694937,0.0028963982894540984,30
model_2,0.45,-0.2,1.2999999999999998,3,-0.2193673284847787,0.0003145723365859131,30
model_2,0.45,-0.2,1.2999999999999998,4,-0.2258124599864485,3.395748114107346e-05,30
model_2,0.45,-0.2,1.2999999999999998,5,-0.2279358173107054,3.6575126935900503e-06,30
model_2,0.45,-0.2,1.2999999999999998,6,-0.22863330530156345,3.9364902874501064e-07,30
model_2,0.45,-0.2,1.2999999999999998,7,-0.22886219478617356,4.235689355437505e-08,30
model_2,0.45,-0.2,1.2999999999999998,8,-0.22893728357537274,4.557254999404637e-09,30
model_2,0.45,-0.2,1.2999999999999998,9,-0.22896191437022276,4.903100994534593e-10,30
model_2,0.45,-0.2,1.2999999999999998,10,-0.2289699935389639,5.2751462223041636e-11,30
model_2,0.45,-0.2,1.2999999999999998,11,-0.22897264356405378,5.67540559897976e-12,30
model_2,0.45,-0.2,1.2999999999999998,12,-0.2289735127879768,6.10602941884656e-13,30
model_2,0.45,-0.2,1.2999999999999998,13,-0.2289737978982218,6.569324952340699e-14,30
model_2,0.45,-0.2,1.2999999999999998,14,-0.22897389141591853,7.0677723485356995e-15,30
model_2,0.45,-0.2,1.2999999999999998,15,-0.22897392209022288,7.604039174867139e-16,30
model_2,0.45,-0.2,1.2999999999999998,16,-0.22897393215155826,8.180995090693149e-17,30
model_2,0.45,-0.2,1.2999999999999998,17,-0.22897393545172984,8.801727557880012e-18,30
model_2,0.45,-0.2,1.2999999999999998,18,-0.22897393653420373,9.469557545098659e-19,30
model_2,0.45,-0.2,1.2999999999999998,19,-0.2289739368892609,1.0188059541112855e-19,30
model_2,0.45,-0.2,1.2999999999999998,20,-0.2289739370057215,1.0961080777791458e-20,30
model_2,0.45,-0.2,1.65,0,0.016666666666666666,0.24138888888888888,30
model_2,0.45,-0.2,1.65,1,-0.11409877148462541,0.016913273809560852,30
model_2,0.45,-0.2,1.65,2,-0.15097733823855827,0.0011988936794886918,30
model_2,0.45,-0.2,1.65,3,-0.16096130881388412,8.461073337409523e-05,30
model_2,0.45,-0.2,1.65,4,-0.1636254508975081,5.961059639408083e-06,30
model_2,0.45,-0.2,1.65,5,-0.164333428688398,4.1976472068032354e-07,30
model_2,0.45,-0.2,1.65,6,-0.16452135911742,2.955493295704787e-08,30
model_2,0.45,-0.2,1.65,7,-0.16457122979621813,2.0808387756202643e-09,30
model_2,0.45,-0.2,1.65,8,-0.16458446282019296,1.4650172661586384e-10,30
model_2,0.45,-0.2,1.65,9,-0.16458797408675122,1.0314447139767097e-11,30
model_2,0.45,-0.2,1.65,10,-0.16458890576526788,7.261876755703538e-13,30
model_2,0.45,-0.2,1.65,11,-0.16458915297622745,5.112716551269018e-14,30
model_2,0.45,-0.2,1.65,12,-0.16458921857099365,3.599602439785276e-15,30
model_2,0.45,-0.2,1.65,13,-0.16458923597585678,2.534296089231471e-16,30
model_2,0.45,-0.2,1.65,14,-0.1645892405940492,1.7842683281866114e-17,30
model_2,0.45,-0.2,1.65,15,-0.16458924181943663,1.256212113564478e-18,30
model_2,0.45,-0.2,1.65,16,-0.16458924214457998,8.84434754914498e-20,30
model_2,0.45,-0.2,1.65,17,-0.16458924223085325,6.22685564400773e-21,30
model_2,0.45,-0.2,1.65,18,-0.1645892422537449,4.3840094406742625e-22,30
model_2,0.45,-0.2,1.65,19,-0.164589242259819,3.0865479954630956e-23,30
model_2,0.45,-0.2,1.65,20,-0.16458924226143068,2.1731153958681764e-24,30
model_2,0.45,-0.2,2.0,0,0.016666666666666666,0.24138888888888888,30
model_2,0.45,-0.2,2.0,1,-0.0947891116950065,0.01172710880105047,30
model_2,0.45,-0.2,2.0,2,-0.12066509745778356,0.0005758837837772574,30
model_2,0.45,-0.2,2.0,3,-0.126465210707769,2.8227749425663754e-05,30
model_2,0.45,-0.2,2.0,4,-0.12775259862643257,1.3827647408711373e-06,30
model_2,0.45,-0.2,2.0,5,-0.12803769360664916,6.772611812732258e-08,30
model_2,0.45,-0.2,2.0,6,-0.12810079624951773,3.317031907150969e-09,30
model_2,0.45,-0.2,2.0,7,-0.12811476174151123,1.6245755467662748e-10,30
model_2,0.45,-0.2,2.0,8,-0.12811785242134285,7.95663554260813e-12,30
model_2,0.45,-0.2,2.0,9,-0.12811853641075743,3.8968964167890613e-13,30
model_2,0.45,-0.2,2.0,10,-0.12811868778229016,1.9085705750176464e-14,30
model_2,0.45,-0.2,2.0,11,-0.12811872128183593,9.347545280913519e-16,30
model_2,0.45,-0.2,2.0,12,-0.12811872869551189,4.5781174353397185e-17,30
model_2,0.45,-0.2,2.0,13,-0.12811873033620852,2.2422100112900837e-18,30
model_2,0.45,-0.2,2.0,14,-0.12811873069930577,1.0981599345263442e-19,30
model_2,0.45,-0.2,2.0,15,-0.12811873077966163,5.378424943732265e-21,30
model_2,0.45,-0.2,2.0,16,-0.12811873079744493,2.6341718486197743e-22,30
model_2,0.45,-0.2,2.0,17,-0.12811873080138048,1.2901173006397746e-23,30
model_2,0.45,-0.2,2.0,18,-0.12811873080225147,6.318255491769141e-25,30
model_2,0.45,-0.2,2.0,19,-0.1281187308024442,3.09443175748376e-26,30
model_2,0.45,-0.2,2.0,20,-0.12811873080248687,1.5146628581285012e-27,30
model_2,0.45,0.0,0.6,0,0.016666666666666666,0.24138888888888888,30
model_2,0.45,0.0,0.6,1,0.011945246611692864,0.10929454745873067,30
model_2,0.45,0.0,0.6,2,0.008749271020337956,0.055982803115803524,30
model_2,0.45,0.0,0.6,3,0.006478481157234461,0.03004485664936865,30
model_2,0.45,0.0,0.6,4,0.004824737686714098,0.016483447310330933,30
model_2,0.45,0.0,0.6,5,0.0036044056281398546,0.009146418156105627,30
model_2,0.45,0.0,0.6,6,0.002697393166047268,0.005106200353999506,30
model_2,0.45,0.0,0.6,7,0.0020205646076974465,0.0028601864708216198,30
model_2,0.45,0.0,0.6,8,0.0015143802634758562,0.0016050733569216945,30
model_2,0.45,0.0,0.6,9,0.0011353458500375244,0.0009016628133824356,30
model_2,0.45,0.0,0.6,10,0.000851324215139404,0.0005068094900731819,30
model_2,0.45,0.0,0.6,11,0.0006384150837875913,0.0002849615933221439,30
model_2,0.45,0.0,0.6,12,0.0004787783838347437,0.0001602533555481944,30
model_2,0.45,0.0,0.6,13,0.0003590698983160075,9.013063988111303e-05,30
model_2,0.45,0.0,0.6,14,0.00026929656463980933,5.0694729341145264e-05,30
model_2,0.45,0.0,0.6,15,0.0002019699518063393,2.8514597135535603e-05,30
model_2,0.45,0.0,0.6,16,0.00015147642114904752,1.6039084991453027e-05,30
model_2,0.45,0.0,0.6,17,0.00011360687597784894,9.021866376949053e-06,30
model_2,0.45,0.0,0.6,18,8.52049714090993e-05,5.074762207583398e-06,30
model_2,0.45,0.0,0.6,19,6.390365026807862e-05,2.8545418357467876e-06,30
model_2,0.45,0.0,0.6,20,4.792770467309341e-05,1.6056760154998522e-06,30
model_2,0.45,0.0,0.95,0,0.016666666666666666,0.24138888888888888,30
model_2,0.45,0.0,0.95,1,0.007750359206538504,0.049317424452547866,30
model_2,0.45,0.0,0.95,2,0.003656450367771469,0.010858151683246591,30
model_2,0.45,0.0,0.95,3,0.0017304457711434739,0.002426206030369169,30
model_2,0.45,0.0,0.95,4,0.0008195196591655277,0.0005438788266535979,30
model_2,0.45,0.0,0.95,5,0.00038817597415961765,0.00012200835246250867,30
model_2,0.45,0.0,0.95,6,0.000183870964908824,2.7374556973927333e-05,30
model_2,0.45,0.0,0.95,7,8.709657464126183e-05,6.142149261789281e-06,30
model_2,0.45,0.0,0.95,8,4.125625113207132e-05,1.378152134748463e-06,30
model_2,0.45,0.0,0.95,9,1.954243250777606e-05,3.092251081258753e-07,30
model_2,0.45,0.0,0.95,10,9.256941476198933e-06,6.938291078621462e-08,30
model_2,0.45,0.0,0.95,11,4.384866989770586e-06,1.5567910317026157e-08,30
model_2,0.45,0.0,0.95,12,2.077042255595648e-06,3.4930768093202616e-09,30
model_2,0.45,0.0,0.95,13,9.838621207736153e-07,7.837651556139942e-10,30
model_2,0.45,0.0,0.95,14,4.660399519333206e-07,1.7585866367233275e-10,30
model_2,0.45,0.0,0.95,15,2.2075576668149449e-07,3.9458592123184525e-11,30
model_2,0.45,0.0,0.95,16,1.0456852104952693e-07,8.853589922160708e-12,30
model_2,0.45,0.0,0.95,17,4.9532457328342144e-08,1.986539566941953e-12,30
model_2,0.45,0.0,0.95,18,2.3462742933707165e-08,4.4573325459138526e-13,30
model_2,0.45,0.0,0.95,19,1.1113930871905115e-08,1.0001217070847112e-13,30
model_2,0.45,0.0,0.95,20,5.264493604014338e-09,2.2440403962164454e-14,30
model_2,0.45,0.0,1.2999999999999998,0,0.016666666666666666,0.24138888888888888,30
model_2,0.45,0.0,1.2999999999999998,1,0.005712305797183189,0.02747490396960408,30
model_2,0.45,0.0,1.2999999999999998,2,0.001975020549155822,0.0032729823316185345,30
model_2,0.45,0.0,1.2999999999999998,3,0.0006835651140882174,0.0003919048399676297,30
model_2,0.45,0.0,1.2999999999999998,4,0.00023661471904729375,4.695511056872354e-05,30
model_2,0.45,0.0,1.2999999999999998,5,8.190493021846823e-05,5.62622203619823e-06,30
model_2,0.45,0.0,1.2999999999999998,6,2.8351699777203384e-05,6.741471026250138e-07,30
model_2,0.45,0.0,1.2999999999999998,7,9.814049639311761e-06,8.077796968721587e-08,30
model_2,0.45,0.0,1.2999999999999998,8,3.3971710172201833e-06,9.67901691215409e-09,30
model_2,0.45,0.0,1.2999999999999998,9,1.1759438131919707e-06,1.1597638583975137e-09,30
model_2,0.45,0.0,1.2999999999999998,10,4.0705747378725713e-07,1.3896578773299004e-10,30
model_2,0.45,0.0,1.2999999999999998,11,1.4090451014858729e-07,1.6651226044150674e-11,30
model_2,0.45,0.0,1.2999999999999998,12,4.877463812835714e-08,1.9951912863488817e-12,30
model_2,0.45,0.0,1.2999999999999998,13,1.6883528582608183e-08,2.3906877837897076e-13,30
model_2,0.45,0.0,1.2999999999999998,14,5.844298356372235e-09,2.864581516854168e-14,30
model_2,0.45,0.0,1.2999999999999998,15,2.023026353844178e-09,3.432412763829873e-15,30
model_2,0.45,0.0,1.2999999999999998,16,7.002783612245859e-10,4.112802281500322e-16,30
model_2,0.45,0.0,1.2999999999999998,17,2.424040449848045e-10,4.928061908360257e-17,30
model_2,0.45,0.0,1.2999999999999998,18,8.390912409339534e-11,5.9049263033118925e-18,30
model_2,0.45,0.0,1.2999999999999998,19,2.9045454930098914e-11,7.075429441210925e-19,30
model_2,0.45,0.0,1.2999999999999998,20,1.0054194513979079e-11,8.477954548103307e-20,30
model_2,0.45,0.0,1.65,0,0.016666666666666666,0.24138888888888888,30
model_2,0.45,0.0,1.65,1,0.00451748823588957,0.01738413378151957,30
model_2,0.45,0.0,1.65,2,0.0012314815071054882,0.0012900367728967688,30
model_2,0.45,0.0,1.65,3,0.00033584722775352,9.593662349243399e-05,30
model_2,0.45,0.0,1.65,4,9.159446794638389e-05,7.135690515160397e-06,30
model_2,0.45,0.0,1.65,5,2.498030476348519e-05,5.307533343325237e-07,30
model_2,0.45,0.0,1.65,6,6.812810295183288e-06,3.9477517938076495e-08,30
model_2,0.45,0.0,1.65,7,1.8580391694703971e-06,2.936344293967501e-09,30
model_2,0.45,0.0,1.65,8,5.067379553006882e-07,2.1840577384634934e-10,30
model_2,0.45,0.0,1.65,9,1.3820126054664428e-07,1.6245057558422877e-11,30
model_2,0.45,0.0,1.65,10,3.7691252896543403e-08,1.208310066353262e-12,30
model_2,0.45,0.0,1.65,11,1.0279432608821064e-08,8.987430246167888e-14,30
model_2,0.45,0.0,1.65,12,2.8034816172232507e-09,6.684865467434708e-15,30
model_2,0.45,0.0,1.65,13,7.645859205022513e-10,4.972213991947977e-16,30
model_2,0.45,0.0,1.65,14,2.085234577601606e-10,3.69834098804285e-17,30
model_2,0.45,0.0,1.65,15,5.6870049410425354e-11,2.7508321021735443e-18,30
model_2,0.45,0.0,1.65,16,1.551000809267104e-11,2.0460736529737688e-19,30
model_2,0.45,0.0,1.65,17,4.2299941327428316e-12,1.521872582390981e-20,30
model_2,0.45,0.0,1.65,18,1.1536697523221544e-12,1.131973299968361e-21,30
model_2,0.45,0.0,1.65,19,3.1462980369193854e-13,8.419642105992334e-23,30
model_2,0.45,0.0,1.65,20,8.57758308825396e-14,6.262422293936829e-24,30
model_2,0.45,0.0,2.0,0,0.016666666666666666,0.24138888888888888,30
model_2,0.45,0.0,2.0,1,0.003734259369641335,0.011953040306528686,30
model_2,0.45,0.0,2.0,2,0.0008400304598319937,0.000604460977111562,30
model_2,0.45,0.0,2.0,3,0.00018900482788719586,3.059914403326442e-05,30
model_2,0.45,0.0,2.0,4,4.252606320251928e-05,1.5490773282576673e-06,30
model_2,0.45,0.0,2.0,5,9.568363957786671e-06,7.842202862419721e-08,30
model_2,0.45,0.0,2.0,6,2.1528818875034736e-06,3.9701151706054666e-09,30
model_2,0.45,0.0,2.0,7,4.84398424660526e-07,2.0098708043868817e-10,30
model_2,0.45,0.0,2.0,8,1.0898964554565775e-07,1.0174970946996416e-11,30
model_2,0.45,0.0,2.0,9,2.4522670264796414e-08,5.151079041942108e-13,30
model_2,0.45,0.0,2.0,10,5.517600798476962e-09,2.6077337644574362e-14,30
model_2,0.45,0.0,2.0,11,1.2414601494962578e-09,1.3201652178080707e-15,30
model_2,0.45,0.0,2.0,12,2.793285158730896e-10,6.683336425379429e-17,30
model_2,0.45,0.0,2.0,13,6.284889645750506e-11,3.383438976218293e-18,30
model_2,0.45,0.0,2.0,14,1.414101428546625e-11,1.7128659933605142e-19,30
model_2,0.45,0.0,2.0,15,3.181751158839082e-12,8.671384909265112e-21,30
model_2,0.45,0.0,2.0,16,7.158792077651318e-13,4.389876281076839e-22,30
model_2,0.45,0.0,2.0,17,1.610489519521252e-13,2.2223704288674838e-23,30
model_2,0.45,0.0,2.0,18,3.622287655010344e-14,1.1250446681696996e-24,30
model_2,0.45,0.0,2.0,19,8.186044434902821e-15,5.69590729831673e-26,30
model_2,0.45,0.0,2.0,20,1.828167247216091e-15,2.8842412398421304e-27,30
model_2,0.45,0.20000000000000007,0.6,0,0.016666666666666666,0.24138888888888888,30
model_2,0.45,0.20000000000000007,0.6,1,0.2999283816571312,0.09433197110818245,30
model_2,0.45,0.20000000000000007,0.6,2,0.4882852826757058,0.03222132987224319,30
model_2,0.45,0.20000000000000007,0.6,3,0.5972235125844614,0.00852119042526289,30
model_2,0.45,0.20000000000000007,0.6,4,0.6516163277913407,0.0017687206528265568,30
model_2,0.45,0.20000000000000007,0.6,5,0.675813852536405,0.00031223574681198184,30
model_2,0.45,0.20000000000000007,0.6,6,0.6858476129748774,5.067509986308471e-05,30
model_2,0.45,0.20000000000000007,0.6,7,0.689865642541847,7.922301831213043e-06,30
model_2,0.45,0.20000000000000007,0.6,8,0.6914503757687251,1.2195534591627576e-06,30
model_2,0.45,0.20000000000000007,0.6,9,0.6920715252026541,1.8658330030586275e-07,30
model_2,0.45,0.20000000000000007,0.6,10,0.6923143877710266,2.8476735219880666e-08,30
model_2,0.45,0.20000000000000007,0.6,11,0.6924092519146339,4.342047320106059e-09,30
model_2,0.45,0.20000000000000007,0.6,12,0.6924462925128325,6.618162701858175e-10,30
model_2,0.45,0.20000000000000007,0.6,13,0.6924607532080281,1.0085960494999365e-10,30
model_2,0.45,0.20000000000000007,0.6,14,0.6924663983526975,1.5369950279949392e-11,30
model_2,0.45,0.20000000000000007,0.6,15,0.6924686020457961,2.342168035320589e-12,30
model_2,0.45,0.20000000000000007,0.6,16,0.6924694622930487,3.569109597501143e-13,30
model_2,0.45,0.20000000000000007,0.6,17,0.6924697981033181,5.438764491603633e-14,30
model_2,0.45,0.20000000000000007,0.6,18,0.6924699291916584,8.287815056140297e-15,30
model_2,0.45,0.20000000000000007,0.6,19,0.6924699803638394,1.2629310062913902e-15,30
model_2,0.45,0.20000000000000007,0.6,20,0.6924700003396174,1.9245053038585031e-16,30
model_2,0.45,0.20000000000000007,0.95,0,0.016666666666666666,0.24138888888888888,30
model_2,0.45,0.20000000000000007,0.95,1,0.20504648892738245,0.04580842419958557,30
model_2,0.45,0.20000000000000007,0.95,2,0.29561748684396355,0.008570359861696134,30
model_2,0.45,0.20000000000000007,0.95,3,0.3363025843524203,0.00152707957371035,30
model_2,0.45,0.20000000000000007,0.95,4,0.3537354172210337,0.0002638138481344669,30
model_2,0.45,0.20000000000000007,0.95,5,0.36102487469665057,4.48949842727048e-05,30
model_2,0.45,0.20000000000000007,0.95,6,0.36403929500301774,7.589644338871929e-06,30
model_2,0.45,0.20000000000000007,0.95,7,0.36527994022765903,1.279470531485469e-06,30
model_2,0.45,0.20000000000000007,0.95,8,0.3657895395709641,2.154442444590717e-07,30
model_2,0.45,0.20000000000000007,0.95,9,0.3659986875283897,3.626032161367899e-08,30
model_2,0.45,0.20000000000000007,0.95,10,0.36608449630641954,6.101589380574911e-09,30
model_2,0.45,0.20000000000000007,0.95,11,0.36611969686586454,1.0266424854768087e-09,30
model_2,0.45,0.20000000000000007,0.95,12,0.3661341360512166,1.7273529962753716e-10,30
model_2,0.45,0.20000000000000007,0.95,13,0.36614005883220774,2.9062773632780204e-11,30
model_2,0.45,0.20000000000000007,0.95,14,0.36614248826279755,4.8897944043422665e-12,30
model_2,0.45,0.20000000000000007,0.95,15,0.36614348477268094,8.227031230245813e-13,30
model_2,0.45,0.20000000000000007,0.95,16,0.3661438935229252,1.3841886540503078e-13,30
model_2,0.45,0.20000000000000007,0.95,17,0.3661440611847363,2.3288807820561493e-14,30
model_2,0.45,0.20000000000000007,0.95,18,0.36614412995650003,3.918313320963149e-15,30
model_2,0.45,0.20000000000000007,0.95,19,0.3661441581653983,6.592513620389214e-16,30
model_2,0.45,0.20000000000000007,0.95,20,0.3661441697361631,1.1091822273098429e-16,30
model_2,0.45,0.20000000000000007,1.2999999999999998,0,0.016666666666666666,0.24138888888888888,30
model_2,0.45,0.20000000000000007,1.2999999999999998,1,0.1541187623824828,0.02632420622105435,30
model_2,0.45,0.20000000000000007,1.2999999999999998,2,0.20367536705588846,0.002895376391474956,30
model_2,0.45,0.20000000000000007,1.2999999999999998,3,0.22058706255341445,0.0003144492586662848,30
model_2,0.45,0.20000000000000007,1.2999999999999998,4,0.2262131051852153,3.3943783109270976e-05,30
model_2,0.45,0.20000000000000007,1.2999999999999998,5,0.2280672928332845,3.656022980406329e-06,30
model_2,0.45,0.20000000000000007,1.2999999999999998,6,0.22867643664920573,3.934881921356781e-07,30
model_2,0.45,0.20000000000000007,1.2999999999999998,7,0.22887634281721833,4.233956973093206e-08,30
model_2,0.45,0.20000000000000007,1.2999999999999998,8,0.22894192428231602,4.555390473636948e-09,30
model_2,0.45,0.20000000000000007,1.2999999999999998,9,0.22896343655514004,4.90109475136669e-10,30
model_2,0.45,0.20000000000000007,1.2999999999999998,10,0.22897049282461746,5.272987668567885e-11,30
model_2,0.45,0.20000000000000007,1.2999999999999998,11,0.2289728073325029,5.67308323434656e-12,30
model_2,0.45,0.20000000000000007,1.2999999999999998,12,0.22897356650491044,6.103530834149936e-13,30
model_2,0.45,0.20000000000000007,1.2999999999999998,13,0.2289738155176633,6.566636781591079e-14,30
model_2,0.45,0.20000000000000007,1.2999999999999998,14,0.22897389719518926,7.064880219495306e-15,30
model_2,0.45,0.20000000000000007,1.2999999999999998,15,0.2289739239858545,7.600927618578423e-16,30
model_2,0.45,0.20000000000000007,1.2999999999999998,16,0.22897393277333553,8.177647424343115e-17,30
model_2,0.45,0.20000000000000007,1.2999999999999998,17,0.22897393565567614,8.798125920888686e-18,30
model_2,0.45,0.20000000000000007,1.2999999999999998,18,0.2289739366010992,9.465683132636942e-19,30
model_2,0.45,0.20000000000000007,1.2999999999999998,19,0.22897393691120305,1.0183890120225991e-19,30
model_2,0.45,0.20000000000000007,1.2999999999999998,20,0.22897393701291874,1.0956595477427197e-20,30
model_2,0.45,0.20000000000000007,1.65,0,0.016666666666666666,0.24138888888888888,30
model_2,0.45,0.20000000000000007,1.65,1,0.12300467209655203,0.016911250951202654,30
model_2,0.45,0.20000000000000007,1.65,2,0.15334889148697337,0.0011986960687297655,30
model_2,0.45,0.20000000000000007,1.65,3,0.16159125426890614,8.459579477025369e-05,30
model_2,0.45,0.20000000000000007,1.65,4,0.16379264954283754,5.959988919469703e-06,30
model_2,0.45,0.20000000000000007,1.65,5,0.16437779655204257,4.196889836077285e-07,30
model_2,0.45,0.20000000000000007,1.65,6,0.16453313189829935,2.954959410590238e-08,30
model_2,0.45,0.20000000000000007,1.65,7,0.1645743535938655,2.080462771303265e-09,30
model_2,0.45,0.20000000000000007,1.65,8,0.1645852916873743,1.464752517741289e-10,30
model_2,0.45,0.20000000000000007,1.65,9,0.1645881940177883,1.0312583138475155e-11,30
model_2,0.45,0.20000000000000007,1.65,10,0.16458896412159832,7.260564399526952e-13,30
model_2,0.45,0.20000000000000007,1.65,11,0.16458916846044963,5.111792586393553e-14,30
model_2,0.45,0.20000000000000007,1.65,12,0.16458922267956483,3.598951923638306e-15,30
model_2,0.45,0.20000000000000007,1.65,13,0.1645892370660218,2.5338380975215464e-16,30
model_2,0.45,0.20000000000000007,1.65,14,0.1645892408833127,1.7839458786307313e-17,30
model_2,0.45,0.20000000000000007,1.65,15,0.1645892418961897,1.2559850694710228e-18,30
model_2,0.45,0.20000000000000007,1.65,16,0.1645892421649456,8.842747843778586e-20,30
model_2,0.45,0.20000000000000007,1.65,17,0.16458924223625715,6.225729051979391e-21,30
model_2,0.45,0.20000000000000007,1.65,18,0.16458924225517885,4.383221438054329e-22,30
model_2,0.45,0.20000000000000007,1.65,19,0.1645892422601995,3.0859923997055213e-23,30
model_2,0.45,0.20000000000000007,1.65,20,0.16458924226153168,2.17272705520605e-24,30
model_2,0.45,0.20000000000000007,2.0,0,0.016666666666666666,0.24138888888888888,30
model_2,0.45,0.20000000000000007,2.0,1,0.10218436230924118,0.011726260909127675,30
model_2,0.45,0.20000000000000007,2.0,2,0.12230412293570311,0.0005758299477692071,30
model_2,0.45,0.20000000000000007,2.0,3,0.12682807290614004,2.8224980395949553e-05,30
model_2,0.45,0.20000000000000007,2.0,4,0.12783290926965968,1.3826276972504987e-06,30
model_2,0.45,0.20000000000000007,2.0,5,0.128055467229124,6.771939075587931e-08,30
model_2,0.45,0.20000000000000007,2.0,6,0.12810472968868375,3.3167022556420313e-09,30
model_2,0.45,0.20000000000000007,2.0,7,0.12811563223898406,1.6244140762770684e-10,30
model_2,0.45,0.20000000000000007,2.0,8,0.1281180450683557,7.955844694057956e-12,30
model_2,0.45,0.20000000000000007,2.0,9,0.12811857904484522,3.8965090832875257e-13,30
model_2,0.45,0.20000000000000007,2.0,10,0.12811869721750196,1.9083808709718197e-14,30
model_2,0.45,0.20000000000000007,2.0,11,0.12811872336991212,9.346616189139933e-16,30
model_2,0.45,0.20000000000000007,2.0,12,0.12811872915761735,4.577662391632402e-17,30
model_2,0.45,0.20000000000000007,2.0,13,0.12811873043847558,2.2419873415091162e-18,30
model_2,0.45,0.20000000000000007,2.0,14,0.12811873072193822,1.0980507705296238e-19,30
model_2,0.45,0.20000000000000007,2.0,15,0.12811873078467045,5.377888846946513e-21,30
model_2,0.45,0.20000000000000007,2.0,16,0.12811873079855346,2.633918192688841e-22,30
model_2,0.45,0.20000000000000007,2.0,17,0.12811873080162578,1.2899986653068094e-23,30
model_2,0.45,0.20000000000000007,2.0,18,0.12811873080230582,6.3180274061969435e-25,30
model_2,0.45,0.20000000000000007,2.0,19,0.12811873080245634,3.09354324639531e-26,30
model_2,0.45,0.20000000000000007,2.0,20,0.1281187308024896,1.5154017989295637e-27,30
model_2,0.45,0.4,0.6,0,0.016666666666666666,0.24138888888888888,30
model_2,0.45,0.4,0.6,1,0.5446508468492267,0.0611927790055127,30
model_2,0.45,0.4,0.6,2,0.7806730595557649,0.006768081953060751,30
model_2,0.45,0.4,0.6,3,0.8479473683682257,0.0003554003795949348,30
model_2,0.45,0.4,0.6,4,0.8623532199812982,1.3746055818548378e-05,30
model_2,0.45,0.4,0.6,5,0.865139441263461,4.937387027600318e-07,30
model_2,0.45,0.4,0.6,6,0.8656657340030829,1.747530485842415e-08,30
model_2,0.45,0.4,0.6,7,0.8657646840528979,6.167916275813718e-10,30
model_2,0.45,0.4,0.6,8,0.8657832715570465,2.1758237762417845e-11,30
model_2,0.45,0.4,0.6,9,0.865786762590184,7.674781895541464e-13,30
model_2,0.45,0.4,0.6,10,0.8657874182420561,2.70707510260664e-14,30
model_2,0.45,0.4,0.6,11,0.8657875413794883,9.548453818141935e-16,30
model_2,0.45,0.4,0.6,12,0.8657875645058015,3.367949080715724e-17,30
model_2,0.45,0.4,0.6,13,0.8657875688491294,1.1879493105002162e-18,30
model_2,0.45,0.4,0.6,14,0.8657875696648453,4.1901566595974834e-20,30
model_2,0.45,0.4,0.6,15,0.865787569818044,1.4779610032874484e-21,30
model_2,0.45,0.4,0.6,16,0.865787569846816,5.2131555559501474e-23,30
model_2,0.45,0.4,0.6,17,0.8657875698522196,1.838746291924087e-24,30
model_2,0.45,0.4,0.6,18,0.8657875698532345,6.484141968499413e-26,30
model_2,0.45,0.4,0.6,19,0.865787569853425,2.28606138222282e-27,30
model_2,0.45,0.4,0.6,20,0.8657875698534608,7.995351793447837e-29,30
model_2,0.45,0.4,0.95,0,0.016666666666666666,0.24138888888888888,30
model_2,0.45,0.4,0.95,1,0.38751857526141703,0.036861442854486726,30
model_2,0.45,0.4,0.95,2,0.5372004980308889,0.0043538322688078815,30
model_2,0.45,0.4,0.95,3,0.5882210092651285,0.00042874520202107247,30
model_2,0.45,0.4,0.95,4,0.6041300121511948,3.916792074763607e-05,30
model_2,0.45,0.4,0.95,5,0.6089269123843908,3.4899689618456315e-06,30
model_2,0.45,0.4,0.95,6,0.6103576894230113,3.0858700901627525e-07,30
model_2,0.45,0.4,0.95,7,0.6107830415734211,2.7222808462996567e-08,30
model_2,0.45,0.4,0.95,8,0.6109093685183229,2.399883473886221e-09,30
model_2,0.45,0.4,0.95,9,0.610946875800848,2.115235919346706e-10,30
model_2,0.45,0.4,0.95,10,0.6109580109811399,1.8642371970151894e-11,30
model_2,0.45,0.4,0.95,11,0.6109613167131028,1.6429930144369038e-12,30
model_2,0.45,0.4,0.95,12,0.6109622980873902,1.447997948498505e-13,30
model_2,0.45,0.4,0.95,13,0.6109625894277954,1.2761434263334466e-14,30
model_2,0.45,0.4,0.95,14,0.6109626759179094,1.1246847948379314e-15,30
model_2,0.45,0.4,0.95,15,0.6109627015941912,9.912018335231838e-17,30
model_2,0.45,0.4,0.95,16,0.6109627092166972,8.735612704947528e-18,30
model_2,0.45,0.4,0.95,17,0.6109627114795868,7.698828270055764e-19,30
model_2,0.45,0.4,0.95,18,0.6109627121513699,6.785091830376164e-20,30
model_2,0.45,0.4,0.95,19,0.6109627123508017,5.979802515671695e-21,30
model_2,0.45,0.4,0.95,20,0.610962712410007,5.2700825467382035e-22,30
model_2,0.45,0.4,1.2999999999999998,0,0.016666666666666666,0.24138888888888888,30
model_2,0.45,0.4,1.2999999999999998,1,0.29602859300382856,0.023192396692595884,30
model_2,0.45,0.4,1.2999999999999998,2,0.38770562141479353,0.002024356646224112,30
model_2,0.45,0.4,1.2999999999999998,3,0.415133422650437,0.0001670022843952085,30
model_2,0.45,0.4,1.2999999999999998,4,0.4230358915681304,1.3511828362881711e-05,30
model_2,0.45,0.4,1.2999999999999998,5,0.42528558710406017,1.086861855678738e-06,30
model_2,0.45,0.4,1.2999999999999998,6,0.42592378550893645,8.72781894034827e-08,30
model_2,0.45,0.4,1.2999999999999998,7,0.4261046486755295,7.005347547089477e-09,30
model_2,0.45,0.4,1.2999999999999998,8,0.42615588998698284,5.622051350552997e-10,30
model_2,0.45,0.4,1.2999999999999998,9,0.4261704062590331,4.5117316051911946e-11,30
model_2,0.45,0.4,1.2999999999999998,10,0.4261745185134409,3.6206536368011624e-12,30
model_2,0.45,0.4,1.2999999999999998,11,0.4261756834493209,2.905556781870692e-13,30
model_2,0.45,0.4,1.2999999999999998,12,0.4261760134564083,2.3316930294510105e-14,30
model_2,0.45,0.4,1.2999999999999998,13,0.4261761069419149,1.8711701193484135e-15,30
model_2,0.45,0.4,1.2999999999999998,14,0.42617613342479643,1.501603055709679e-16,30
model_2,0.45,0.4,1.2999999999999998,15,0.42617614092695394,1.2050276226537897e-17,30
model_2,0.45,0.4,1.2999999999999998,16,0.4261761430521896,9.670275093368048e-19,30
model_2,0.45,0.4,1.2999999999999998,17,0.42617614365423345,7.760337893727285e-20,30
model_2,0.45,0.4,1.2999999999999998,18,0.4261761438247823,6.227625303220486e-21,30
model_2,0.45,0.4,1.2999999999999998,19,0.42617614387309594,4.997634992986334e-22,30
model_2,0.45,0.4,1.2999999999999998,20,0.4261761438867823,4.0106148355077375e-23,30
model_2,0.45,0.4,1.65,0,0.016666666666666666,0.24138888888888888,30
model_2,0.45,0.4,1.65,1,0.23813582508713407,0.015580527664834604,30
model_2,0.45,0.4,1.65,2,0.2977307949314167,0.0009652094487072108,30
model_2,0.45,0.4,1.65,3,0.3127594500480743,5.851362913326372e-05,30
model_2,0.45,0.4,1.65,4,0.31647141769754794,3.5254481401897933e-06,30
model_2,0.45,0.4,1.65,5,0.31738325212150503,2.120757417589545e-07,30
model_2,0.45,0.4,1.65,6,0.3176069366215749,1.2752616539493565e-08,30
model_2,0.45,0.4,1.65,7,0.3176617908410772,7.667719849895581e-10,30
model_2,0.45,0.4,1.65,8,0.3176752416502261,4.610234575291325e-11,30
model_2,0.45,0.4,1.65,9,0.3176785398579617,2.771898483975291e-12,30
model_2,0.45,0.4,1.65,10,0.317679348591492,1.6665985825801793e-13,30
model_2,0.45,0.4,1.65,11,0.3176795468958988,1.0020388167301591e-14,30
model_2,0.45,0.4,1.65,12,0.317679595520847,6.024736358149461e-16,30
model_2,0.45,0.4,1.65,13,0.31767960744385704,3.6223593985122883e-17,30
model_2,0.45,0.4,1.65,14,0.3176796103674213,2.1779355170901505e-18,30
model_2,0.45,0.4,1.65,15,0.3176796110842897,1.3094788264372366e-19,30
model_2,0.45,0.4,1.65,16,0.31767961126006833,7.87321265455209e-21,30
model_2,0.45,0.4,1.65,17,0.31767961130316985,4.733772207963174e-22,30
model_2,0.45,0.4,1.65,18,0.3176796113137385,2.8461552837813104e-23,30
model_2,0.45,0.4,1.65,19,0.31767961131632994,1.7113312501629055e-24,30
model_2,0.45,0.4,1.65,20,0.3176796113169654,1.02891018577872e-25,30
model_2,0.45,0.4,2.0,0,0.016666666666666666,0.24138888888888888,30
model_2,0.45,0.4,2.0,1,0.19869301663508365,0.011075899544110234,30
model_2,0.45,0.4,2.0,2,0.23980968261264682,0.0004986231382164804,30
model_2,0.45,0.4,2.0,3,0.24862896663529394,2.2228968593537422e-05,30
model_2,0.45,0.4,2.0,4,0.2504953318171803,9.886567685541718e-07,30
model_2,0.45,0.4,2.0,5,0.2508891250148151,4.394918574065146e-08,30
model_2,0.45,0.4,2.0,6,0.2509721607042169,1.953481415977068e-09,30
model_2,0.45,0.4,2.0,7,0.2509896673637066,8.682761035004295e-11,30
model_2,0.45,0.4,2.0,8,0.25099335824026076,3.859262579695436e-12,30
model_2,0.45,0.4,2.0,9,0.2509941363720743,1.7153406071864335e-13,30
model_2,0.45,0.4,2.0,10,0.25099430042209087,7.62423574338258e-15,30
model_2,0.45,0.4,2.0,11,0.25099433500800594,3.3887711708309177e-16,30
model_2,0.45,0.4,2.0,12,0.25099434229959583,1.5062191592667728e-17,30
model_2,0.45,0.4,2.0,13,0.2509943438368483,6.694746145170392e-19,30
model_2,0.45,0.4,2.0,14,0.2509943441609402,2.975638237015744e-20,30
model_2,0.45,0.4,2.0,15,0.25099434422926703,1.3225889828644263e-21,30
model_2,0.45,0.4,2.0,16,0.2509943442436721,5.878593281627806e-23,30
model_2,0.45,0.4,2.0,17,0.250994344246709,2.6129225741974203e-24,30
model_2,0.45,0.4,2.0,18,0.2509943442473493,1.1614260707675247e-25,30
model_2,0.45,0.4,2.0,19,0.25099434424748424,5.162332059129809e-27,30
model_2,0.45,0.4,2.0,20,0.25099434424751277,2.2991926293743112e-28,30
model_2,0.7,-0.4,0.6,0,0.016666666666666666,0.24138888888888888,30
model_2,0.7,-0.4,0.6,1,-0.4741311624398211,0.1423277801469218,30
model_2,0.7,-0.4,0.6,2,-0.7858380624657527,0.04281929934440197,30
model_2,0.7,-0.4,0.6,3,-0.907986220415961,0.00438436869182601,30
model_2,0.7,-0.4,0.6,4,-0.9378143187527027,0.00013348419643519129,30
model_2,0.7,-0.4,0.6,5,-0.942570851745433,2.449888075530743e-06,30
model_2,0.7,-0.4,0.6,6,-0.9432057367742518,4.106147881471117e-08,30
model_2,0.7,-0.4,0.6,7,-0.9432877674291217,6.797843224085048e-10,30
model_2,0.7,-0.4,0.6,8,-0.9432983193839658,1.1236077054803054e-11,30
model_2,0.7,-0.4,0.6,9,-0.9432996759481881,1.8568170077605227e-13,30
model_2,0.7,-0.4,0.6,10,-0.943299850335833,3.0684004512991922e-15,30
model_2,0.7,-0.4,0.6,11,-0.9432998727533208,5.070531638460242e-17,30
model_2,0.7,-0.4,0.6,12,-0.9432998756350797,8.379049898985513e-19,30
model_2,0.7,-0.4,0.6,13,-0.9432998760055286,1.3846371727049594e-20,30
model_2,0.7,-0.4,0.6,14,-0.9432998760531496,2.2881119463888174e-22,30
model_2,0.7,-0.4,0.6,15,-0.9432998760592712,3.781068742502507e-24,30
model_2,0.7,-0.4,0.6,16,-0.9432998760600582,6.248024806210284e-26,30
model_2,0.7,-0.4,0.6,17,-0.9432998760601594,1.0314956198744741e-27,30
model_2,0.7,-0.4,0.6,18,-0.9432998760601723,1.7073497352322473e-29,30
model_2,0.7,-0.4,0.6,19,-0.9432998760601741,2.876055383618272e-31,30
model_2,0.7,-0.4,0.6,20,-0.9432998760601743,1.0271626370065258e-32,30
model_2,0.7,-0.4,0.95,0,0.016666666666666666,0.24138888888888888,30
model_2,0.7,-0.4,0.95,1,-0.3505893508019981,0.0840279790377437,30
model_2,0.7,-0.4,0.95,2,-0.5742765040995581,0.02200565622662654,30
model_2,0.7,-0.4,0.95,3,-0.6836468461257664,0.003886237621867563,30
model_2,0.7,-0.4,0.95,4,-0.7274241081300826,0.0005102979937203031,30
model_2,0.7,-0.4,0.95,5,-0.7428649523788409,5.771734377932016e-05,30
model_2,0.7,-0.4,0.95,6,-0.7480017936063745,6.159603109279534e-06,30
model_2,0.7,-0.4,0.95,7,-0.7496735580218725,6.443108114393598e-07,30
model_2,0.7,-0.4,0.95,8,-0.7502135693270157,6.695313699802979e-08,30
model_2,0.7,-0.4,0.95,9,-0.7503875752875722,6.942511510007048e-09,30
model_2,0.7,-0.4,0.95,10,-0.7504436000473697,7.193865028953823e-10,30
model_2,0.7,-0.4,0.95,11,-0.7504616337328939,7.452660379523659e-11,30
model_2,0.7,-0.4,0.95,12,-0.7504674380764105,7.720212730018779e-12,30
model_2,0.7,-0.4,0.95,13,-0.7504693062196564,7.997185890786545e-13,30
model_2,0.7,-0.4,0.95,14,-0.7504699074813335,8.284034367752857e-14,30
model_2,0.7,-0.4,0.95,15,-0.7504701009967982,8.581151221272861e-15,30
model_2,0.7,-0.4,0.95,16,-0.7504701632795003,8.888917702165861e-16,30
model_2,0.7,-0.4,0.95,17,-0.7504701833251017,9.207720103343656e-17,30
model_2,0.7,-0.4,0.95,18,-0.7504701897767502,9.537955530259779e-18,30
model_2,0.7,-0.4,0.95,19,-0.7504701918532041,9.880034592679118e-19,30
model_2,0.7,-0.4,0.95,20,-0.7504701925215078,1.0234383185276421e-19,30
model_2,0.7,-0.4,1.2999999999999998,0,0.016666666666666666,0.24138888888888888,30
model_2,0.7,-0.4,1.2999999999999998,1,-0.2731538471250065,0.05355001271366027,30
model_2,0.7,-0.4,1.2999999999999998,2,-0.4205788416126091,0.010616049870280706,30
model_2,0.7,-0.4,1.2999999999999998,3,-0.4874188035793099,0.0018330060039833816,30
model_2,0.7,-0.4,1.2999999999999998,4,-0.5152677521633071,0.0002909442795813207,30
model_2,0.7,-0.4,1.2999999999999998,5,-0.5263621888632214,4.438322459877961e-05,30
model_2,0.7,-0.4,1.2999999999999998,6,-0.5306943770997475,6.658926967711114e-06,30
model_2,0.7,-0.4,1.2999999999999998,7,-0.5323721966137278,9.924569956940632e-07,30
model_2,0.7,-0.4,1.2999999999999998,8,-0.5330198989817381,1.475352399403543e-07,30
model_2,0.7,-0.4,1.2999999999999998,9,-0.5332696217356498,2.1910124927231534e-08,30
model_2,0.7,-0.4,1.2999999999999998,10,-0.5333658558341561,3.2525653810211584e-09,30
model_2,0.7,-0.4,1.2999999999999998,11,-0.5334029339919767,4.827724547767071e-10,30
model_2,0.7,-0.4,1.2999999999999998,12,-0.5334172188465222,7.165293507641953e-11,30
model_2,0.7,-0.4,1.2999999999999998,13,-0.5334227221233768,1.0634470613335048e-11,30
model_2,0.7,-0.4,1.2999999999999998,14,-0.5334248422520771,1.578316378312818e-12,30
model_2,0.7,-0.4,1.2999999999999998,15,-0.5334256590249166,2.34245266958454e-13,30
model_2,0.7,-0.4,1.2999999999999998,16,-0.5334259736835528,3.476538443127941e-14,30
model_2,0.7,-0.4,1.2999999999999998,17,-0.5334260949045235,5.159683191289533e-15,30
model_2,0.7,-0.4,1.2999999999999998,18,-0.5334261416044025,7.657710680149277e-16,30
model_2,0.7,-0.4,1.2999999999999998,19,-0.5334261595953367,1.1365141334598863e-16,30
model_2,0.7,-0.4,1.2999999999999998,20,-0.533426166526269,1.6867500185192876e-17,30
model_2,0.7,-0.4,1.65,0,0.016666666666666666,0.24138888888888888,30
model_2,0.7,-0.4,1.65,1,-0.222096827409763,0.03641883196057687,30
model_2,0.7,-0.4,1.65,2,-0.3226142302675886,0.005255997318424028,30
model_2,0.7,-0.4,1.65,3,-0.3617957544316118,0.0007182035859033838,30
model_2,0.7,-0.4,1.65,4,-0.37640517405512647,9.549354578277234e-05,30
model_2,0.7,-0.4,1.65,5,-0.38174840903684515,1.255689235596528e-05,30
model_2,0.7,-0.4,1.65,6,-0.3836880612401244,1.64427094700571e-06,30
model_2,0.7,-0.4,1.65,7,-0.3843902222755263,2.1497982765404127e-07,30
model_2,0.7,-0.4,1.65,8,-0.38464414946635117,2.809180588885469e-08,30
model_2,0.7,-0.4,1.65,9,-0.3847359450877116,3.670065607214664e-09,30
model_2,0.7,-0.4,1.65,10,-0.3847691251289421,4.794421893545102e-10,30
model_2,0.7,-0.4,1.65,11,-0.384781117663423,6.263068906042128e-11,30
model_2,0.7,-0.4,1.65,12,-0.38478545214812826,8.18151974568309e-12,30
model_2,0.7,-0.4,1.65,13,-0.3847870187593854,1.0687577484728314e-12,30
model_2,0.7,-0.4,1.65,14,-0.38478758497784504,1.3961241124234324e-13,30
model_2,0.7,-0.4,1.65,15,-0.38478778962534715,1.823763767287274e-14,30
model_2,0.7,-0.4,1.65,16,-0.3847878635907699,2.3823911556516195e-15,30
model_2,0.7,-0.4,1.65,17,-0.38478789032397265,3.112128548482342e-16,30
model_2,0.7,-0.4,1.65,18,-0.3847878999861104,4.065387806328509e-17,30
model_2,0.7,-0.4,1.65,19,-0.384787903478281,5.310634673446689e-18,30
model_2,0.7,-0.4,1.65,20,-0.38478790474045044,6.937306366739844e-19,30
model_2,0.7,-0.4,2.0,0,0.016666666666666666,0.24138888888888888,30
model_2,0.7,-0.4,2.0,1,-0.1864752486313749,0.026117282280518756,30
model_2,0.7,-0.4,2.0,2,-0.2584494331011904,0.0027801272071316554,30
model_2,0.7,-0.4,2.0,3,-0.2824674098558281,0.00028874715546656373,30
model_2,0.7,-0.4,2.0,4,-0.2902629085370096,2.968080195653168e-05,30
model_2,0.7,-0.4,2.0,5,-0.2927678774488011,3.0400003730621727e-06,30
model_2,0.7,-0.4,2.0,6,-0.2935701352134511,3.109996047402758e-07,30
model_2,0.7,-0.4,2.0,7,-0.29382679446147736,3.180394810467261e-08,30
model_2,0.7,-0.4,2.0,8,-0.2939088767489027,3.2519910109770453e-09,30
model_2,0.7,-0.4,2.0,9,-0.2939351246034742,3.325069351073505e-10,30
model_2,0.7,-0.4,2.0,10,-0.2939435177105094,3.399747511550206e-11,30
model_2,0.7,-0.4,2.0,11,-0.29394620148971706,3.4760890192802495e-12,30
model_2,0.7,-0.4,2.0,12,-0.2939470596516193,3.554140248686168e-13,30
model_2,0.7,-0.4,2.0,13,-0.29394733405608375,3.633942539085925e-14,30
model_2,0.7,-0.4,2.0,14,-0.29394742179917965,3.7155361701856445e-15,30
model_2,0.7,-0.4,2.0,15,-0.29394744985575666,3.798961685437525e-16,30
model_2,0.7,-0.4,2.0,16,-0.29394745882707773,3.884260318678898e-17,30
model_2,0.7,-0.4,2.0,17,-0.29394746169573127,3.971474166732142e-18,30
model_2,0.7,-0.4,2.0,18,-0.2939474626130068,4.0606464117466917e-19,30
model_2,0.7,-0.4,2.0,19,-0.2939474629063132,4.1518208241998114e-20,30
model_2,0.7,-0.4,2.0,20,-0.2939474630001003,4.24504535237327e-21,30
model_2,0.7,-0.2,0.6,0,0.016666666666666666,0.24138888888888888,30
model_2,0.7,-0.2,0.6,1,-0.2418969331439817,0.1908548329621972,30
model_2,0.7,-0.2,0.6,2,-0.47073733905917226,0.14121699722437694,30
model_2,0.7,-0.2,0.6,3,-0.6437299086031923,0.08261524045148304,30
model_2,0.7,-0.2,0.6,4,-0.758676589260284,0.035759880769301956,30
model_2,0.7,-0.2,0.6,5,-0.8246588446933485,0.010753296967759972,30
model_2,0.7,-0.2,0.6,6,-0.8567034942445733,0.0018793242095610165,30
model_2,0.7,-0.2,0.6,7,-0.8693518069318601,0.0002018678721419242,30
model_2,0.7,-0.2,0.6,8,-0.8734217716435184,1.6986607396116567e-05,30
model_2,0.7,-0.2,0.6,9,-0.8745962489581431,1.3136412378445842e-06,30
model_2,0.7,-0.2,0.6,10,-0.8749223889547413,9.90950247996313e-08,30
model_2,0.7,-0.2,0.6,11,-0.8750119295790387,7.4235709669575125e-09,30
model_2,0.7,-0.2,0.6,12,-0.8750364345231323,5.550666620328917e-10,30
model_2,0.7,-0.2,0.6,13,-0.8750431350203431,4.148112512725251e-11,30
model_2,0.7,-0.2,0.6,14,-0.875044966728236,3.099515863133213e-12,30
model_2,0.7,-0.2,0.6,15,-0.8750454674274692,2.3159023142171496e-13,30
model_2,0.7,-0.2,0.6,16,-0.8750456042916654,1.7303819382866764e-14,30
model_2,0.7,-0.2,0.6,17,-0.8750456417027801,1.2928925782218134e-15,30
model_2,0.7,-0.2,0.6,18,-0.8750456519288996,9.660120983964409e-17,30
model_2,0.7,-0.2,0.6,19,-0.8750456547241512,7.217762644430324e-18,30
model_2,0.7,-0.2,0.6,20,-0.8750456554882174,5.392902916704736e-19,30
model_2,0.7,-0.2,0.95,0,0.016666666666666666,0.24138888888888888,30
model_2,0.7,-0.2,0.95,1,-0.17481342151507992,0.10018224896364311,30
model_2,0.7,-0.2,0.95,2,-0.312658976594293,0.04233448056210497,30
model_2,0.7,-0.2,0.95,3,-0.40696314364242137,0.01645094282054324,30
model_2,0.7,-0.2,0.95,4,-0.4670713929707284,0.005740556603683434,30
model_2,0.7,-0.2,0.95,5,-0.5028648301171303,0.0018199539278631498,30
model_2,0.7,-0.2,0.95,6,-0.5230605324007598,0.000538005347635836,30
model_2,0.7,-0.2,0.95,7,-0.534042510392431,0.00015211618098060696,30
model_2,0.7,-0.2,0.95,8,-0.5398803902323847,4.190853280161743e-05,30
model_2,0.7,-0.2,0.95,9,-0.5429438248323007,1.1381872287473286e-05,30
model_2,0.7,-0.2,0.95,10,-0.5445400462668899,3.067588648489541e-06,30
model_2,0.7,-0.2,0.95,11,-0.5453686446585481,8.234327729161054e-07,30
model_2,0.7,-0.2,0.95,12,-0.5457979214683116,2.2056900630816416e-07,30
model_2,0.7,-0.2,0.95,13,-0.5460200906610474,5.901814976511816e-08,30
model_2,0.7,-0.2,0.95,14,-0.5461350113520841,1.578266629949421e-08,30
model_2,0.7,-0.2,0.95,15,-0.5461944395299838,4.219370357089779e-09,30
model_2,0.7,-0.2,0.95,16,-0.5462251668291088,1.1278437983458353e-09,30
model_2,0.7,-0.2,0.95,17,-0.5462410531811052,3.014505982633899e-10,30
model_2,0.7,-0.2,0.95,18,-0.5462492662852994,8.056857920996872e-11,30
model_2,0.7,-0.2,0.95,19,-0.5462535123037737,2.1533079326131976e-11,30
model_2,0.7,-0.2,0.95,20,-0.5462557073919873,5.754954052276098e-12,30
model_2,0.7,-0.2,1.2999999999999998,0,0.016666666666666666,0.24138888888888888,30
model_2,0.7,-0.2,1.2999999999999998,1,-0.1347621824845612,0.05986021107650508,30
model_2,0.7,-0.2,1.2999999999999998,2,-0.21911178727567412,0.015403981110740367,30
model_2,0.7,-0.2,1.2999999999999998,3,-0.26424947062905674,0.00387001676187865,30
model_2,0.7,-0.2,1.2999999999999998,4,-0.2874780950337378,0.0009483949255040161,30
model_2,0.7,-0.2,1.2999999999999998,5,-0.2991267027738075,0.00022868814002802184,30
model_2,0.7,-0.2,1.2999999999999998,6,-0.30488297403686526,5.465001472515672e-05,30
model_2,0.7,-0.2,1.2999999999999998,7,-0.3077055761058257,1.2998958409225187e-05,30
model_2,0.7,-0.2,1.2999999999999998,8,-0.30908424127118506,3.084667941117192e-06,30
model_2,0.7,-0.2,1.2999999999999998,9,-0.30975632766550193,7.311477268039867e-07,30
model_2,0.7,-0.2,1.2999999999999998,10,-0.3100836513411126,1.7320291645036719e-07,30
model_2,0.7,-0.2,1.2999999999999998,11,-0.3102429922795816,4.101897637553406e-08,30
model_2,0.7,-0.2,1.2999999999999998,12,-0.3103205417139655,9.713052248717812e-09,30
model_2,0.7,-0.2,1.2999999999999998,13,-0.3103582799699876,2.2998422022064605e-09,30
model_2,0.7,-0.2,1.2999999999999998,14,-0.31037664373027013,5.445357968173178e-10,30
model_2,0.7,-0.2,1.2999999999999998,15,-0.31038557945975453,1.2892824075613697e-10,30
model_2,0.7,-0.2,1.2999999999999998,16,-0.31038992749311195,3.0525752750972075e-11,30
model_2,0.7,-0.2,1.2999999999999998,17,-0.31039204318794017,7.227416847986965e-12,30
model_2,0.7,-0.2,1.2999999999999998,18,-0.31039307265361116,1.7111931962662242e-12,30
model_2,0.7,-0.2,1.2999999999999998,19,-0.3103935735755755,4.0514884581547724e-13,30
model_2,0.7,-0.2,1.2999999999999998,20,-0.3103938173162285,9.59245968239605e-14,30
model_2,0.7,-0.2,1.65,0,0.016666666666666666,0.24138888888888888,30
model_2,0.7,-0.2,1.65,1,-0.10895301383965632,0.039265920027309775,30
model_2,0.7,-0.2,1.65,2,-0.16476952643737605,0.006619769167351941,30
model_2,0.7,-0.2,1.65,3,-0.18860590426426305,0.0011076927591827715,30
model_2,0.7,-0.2,1.65,4,-0.19851609720253996,0.0001840531081191344,30
model_2,0.7,-0.2,1.65,5,-0.2025827465283829,3.047281086362102e-05,30
model_2,0.7,-0.2,1.65,6,-0.20424195759634423,5.037276806305246e-06,30
model_2,0.7,-0.2,1.65,7,-0.20491729948703596,8.321299693544332e-07,30
model_2,0.7,-0.2,1.65,8,-0.20519190971605036,1.3742570466767268e-07,30
model_2,0.7,-0.2,1.65,9,-0.2053035277880472,2.2693232399588638e-08,30
model_2,0.7,-0.2,1.65,10,-0.20534888861664513,3.747184106317501e-09,30
model_2,0.7,-0.2,1.65,11,-0.20536732171868735,6.187364237939329e-10,30
model_2,0.7,-0.2,1.65,12,-0.2053748121026665,1.021652200238974e-10,30
model_2,0.7,-0.2,1.65,13,-0.20537785582438078,1.6869380793593486e-11,30
model_2,0.7,-0.2,1.65,14,-0.20537909263685267,2.7854455315759936e-12,30
model_2,0.7,-0.2,1.65,15,-0.20537959521312163,4.599281382427895e-13,30
model_2,0.7,-0.2,1.65,16,-0.2053797994338299,7.594255447080992e-14,30
model_2,0.7,-0.2,1.65,17,-0.20537988241841895,1.2539504808463111e-14,30
model_2,0.7,-0.2,1.65,18,-0.2053799161390011,2.070501534399327e-15,30
model_2,0.7,-0.2,1.65,19,-0.20537992984127545,3.418776581471798e-16,30
model_2,0.7,-0.2,1.65,20,-0.2053799354091603,5.645025161221392e-17,30
model_2,0.7,-0.2,2.0,0,0.016666666666666666,0.24138888888888888,30
model_2,0.7,-0.2,2.0,1,-0.09117512910447127,0.02755877710881028,30
model_2,0.7,-0.2,2.0,2,-0.13071985711990766,0.003243510544938986,30
model_2,0.7,-0.2,2.0,3,-0.14467241406160644,0.00038073200637010773,30
model_2,0.7,-0.2,2.0,4,-0.14949942626587903,4.4580842515545946e-05,30
model_2,0.7,-0.2,2.0,5,-0.1511567025642562,5.214669380012798e-06,30
model_2,0.7,-0.2,2.0,6,-0.15172415792623248,6.097354715149936e-07,30
model_2,0.7,-0.2,2.0,7,-0.1519182730094825,7.128513447442494e-08,30
model_2,0.7,-0.2,2.0,8,-0.15198465438685535,8.33367966593022e-09,30
model_2,0.7,-0.2,2.0,9,-0.15200735225571266,9.74244329838574e-10,30
model_2,0.7,-0.2,2.0,10,-0.15201511307250848,1.1389290296821344e-10,30
model_2,0.7,-0.2,2.0,11,-0.1520177666033932,1.3314493469768767e-11,30
model_2,0.7,-0.2,2.0,12,-0.15201867387837584,1.5565116135423483e-12,30
model_2,0.7,-0.2,2.0,13,-0.1520189840864275,1.8196170164581854e-13,30
model_2,0.7,-0.2,2.0,14,-0.1520190901501758,2.1271963647016227e-14,30
model_2,0.7,-0.2,2.0,15,-0.15201912641460114,2.4867673920058954e-15,30
model_2,0.7,-0.2,2.0,16,-0.15201913881382784,2.9071185457599915e-16,30
model_2,0.7,-0.2,2.0,17,-0.15201914305326686,3.3985238302289135e-17,30
model_2,0.7,-0.2,2.0,18,-0.15201914450278003,3.972993941759135e-18,30
model_2,0.7,-0.2,2.0,19,-0.1520191449983854,4.644569635758279e-19,30
model_2,0.7,-0.2,2.0,20,-0.15201914516783857,5.429664941491142e-20,30
model_2,0.7,0.0,0.6,0,0.016666666666666666,0.24138888888888888,30
model_2,0.7,0.0,0.6,1,0.0175027981104065,0.2095239230378982,30
model_2,0.7,0.0,0.6,2,0.018198442189301993,0.20272551588443347,30
model_2,0.7,0.0,0.6,3,0.01876053915449559,0.20236206895815662,30
model_2,0.7,0.0,0.6,4,0.01920362951473431,0.20396267964543638,30
model_2,0.7,0.0,0.6,5,0.019545910040351444,0.2060093777348026,30
model_2,0.7,0.0,0.6,6,0.01980609313821975,0.20794241220905396,30
model_2,0.7,0.0,0.6,7,0.020001409635367947,0.20957732396808768,30
model_2,0.7,0.0,0.6,8,0.02014663641605079,0.210884917943977,30
model_2,0.7,0.0,0.6,9,0.020253844441511206,0.21189695066545705,30
model_2,0.7,0.0,0.6,10,0.020332563008852948,0.21266405083422027,30
model_2,0.7,0.0,0.6,11,0.020390133986414243,0.213237474424145,30
model_2,0.7,0.0,0.6,12,0.020432115976321278,0.2136620624396024,30
model_2,0.7,0.0,0.6,13,0.020462664835634446,0.21397436859356114,30
model_2,0.7,0.0,0.6,14,0.02048485958493984,0.21420301430203378,30
model_2,0.7,0.0,0.6,15,0.02050096651713129,0.2143698552954355,30
model_2,0.7,0.0,0.6,16,0.020512645831986427,0.2144913092644022,30
model_2,0.7,0.0,0.6,17,0.020521109565886805,0.21457957284389362,30
model_2,0.7,0.0,0.6,18,0.020527240379950448,0.21464363772144632,30
model_2,0.7,0.0,0.6,19,0.02053167991693135,0.2146900973537541,30
model_2,0.7,0.0,0.6,20,0.02053489400850334,0.2147237683179837,30
model_2,0.7,0.0,0.95,0,0.016666666666666666,0.24138888888888888,30
model_2,0.7,0.0,0.95,1,0.011753661733057896,0.10619603059376115,30
model_2,0.7,0.0,0.95,2,0.008470836450664317,0.05277896841390825,30
model_2,0.7,0.0,0.95,3,0.006169728079153214,0.0274465933008526,30
model_2,0.7,0.0,0.95,4,0.004518136977075911,0.014574336276315731,30
model_2,0.7,0.0,0.95,5,0.0033181281851558148,0.00782054994512564,30
model_2,0.7,0.0,0.95,6,0.0024405614324004934,0.0042194490624091335,30
model_2,0.7,0.0,0.95,7,0.0017965657806483367,0.0022831440020375606,30
model_2,0.7,0.0,0.95,8,0.001323089807410538,0.0012373329495951517,30
model_2,0.7,0.0,0.95,9,0.0009746303948783212,0.000671126574927161,30
model_2,0.7,0.0,0.95,10,0.0007180376197595188,0.0003641829181881577,30
model_2,0.7,0.0,0.95,11,0.0005290359248719234,0.00019767039042401492,30
model_2,0.7,0.0,0.95,12,0.0003897981750979884,0.00010730541977819575,30
model_2,0.7,0.0,0.95,13,0.00028721259990724943,5.8254994176848534e-05,30
model_2,0.7,0.0,0.95,14,0.00021162749330787544,3.1627273076579484e-05,30
model_2,0.7,0.0,0.95,15,0.00015593491018586202,1.7171158830645846e-05,30
model_2,0.7,0.0,0.95,16,0.00011489895244127061,9.322716892272745e-06,30
model_2,0.7,0.0,0.95,17,8.466220395893694e-05,5.061603471778329e-06,30
model_2,0.7,0.0,0.95,18,6.238260377092372e-05,2.748117048617204e-06,30
model_2,0.7,0.0,0.95,19,4.596609995804653e-05,1.4920491822137904e-06,30
model_2,0.7,0.0,0.95,20,3.3869746207604304e-05,8.100866755831974e-07,30
model_2,0.7,0.0,1.2999999999999998,0,0.016666666666666666,0.24138888888888888,30
model_2,0.7,0.0,1.2999999999999998,1,0.008763630656875236,0.062127595005671964,30
model_2,0.7,0.0,1.2999999999999998,2,0.004687604995807589,0.01747843715996368,30
model_2,0.7,0.0,1.2999999999999998,3,0.0025192816923032733,0.005025110448885153,30
model_2,0.7,0.0,1.2999999999999998,4,0.0013557879059848583,0.0014534571705798482,30
model_2,0.7,0.0,1.2999999999999998,5,0.0007299229399614656,0.000421121321167469,30
model_2,0.7,0.0,1.2999999999999998,6,0.00039301721576054935,0.00012207547513640635,30
model_2,0.7,0.0,1.2999999999999998,7,0.0002116218114034396,3.539258119549931e-05,30
model_2,0.7,0.0,1.2999999999999998,8,0.0001139497622613339,1.0261579204576306e-05,30
model_2,0.7,0.0,1.2999999999999998,9,6.135749499585064e-05,2.9752360552910676e-06,30
model_2,0.7,0.0,1.2999999999999998,10,3.3038640332609207e-05,8.626411691278891e-07,30
model_2,0.7,0.0,1.2999999999999998,11,1.779003541309739e-05,2.501147911653283e-07,30
model_2,0.7,0.0,1.2999999999999998,12,9.57924957412093e-06,7.25184810011799e-08,30
model_2,0.7,0.0,1.2999999999999998,13,5.158057421813152e-06,2.1026067720801835e-08,30
model_2,0.7,0.0,1.2999999999999998,14,2.7774155283951293e-06,6.0963154312114395e-09,30
model_2,0.7,0.0,1.2999999999999998,15,1.4955314373565898e-06,1.7675707411330392e-09,30
model_2,0.7,0.0,1.2999999999999998,16,8.052861584229021e-07,5.12490924507285e-10,30
model_2,0.7,0.0,1.2999999999999998,17,4.33615623747959e-07,1.4859204316327268e-10,30
model_2,0.7,0.0,1.2999999999999998,18,2.3348533585802283e-07,4.30829000858244e-11,30
model_2,0.7,0.0,1.2999999999999998,19,1.2572287317140033e-07,1.2491491740636983e-11,30
model_2,0.7,0.0,1.2999999999999998,20,6.76969316900274e-08,3.6217934632007682e-12,30
model_2,0.7,0.0,1.65,0,0.016666666666666666,0.24138888888888888,30
model_2,0.7,0.0,1.65,1,0.006966531847807497,0.04026569906405916,30
model_2,0.7,0.0,1.65,2,0.0029477777794787367,0.007156469872246884,30
model_2,0.7,0.0,1.65,3,0.0012499859786571606,0.00128515967063015,30
model_2,0.7,0.0,1.65,4,0.0005302523481358993,0.00023121240827689665,30
model_2,0.7,0.0,1.65,5,0.00022495212653333613,4.1610985370971365e-05,30
model_2,0.7,0.0,1.65,6,9.543397474413388e-05,7.489115934972101e-06,30
model_2,0.7,0.0,1.65,7,4.0487120890494074e-05,1.3479001777166248e-06,30
model_2,0.7,0.0,1.65,8,1.7176352796906733e-05,2.42597175144699e-07,30
model_2,0.7,0.0,1.65,9,7.2869374341329635e-06,4.366303280942785e-08,30
model_2,0.7,0.0,1.65,10,3.0914279935142138e-06,7.858543906400419e-09,30
model_2,0.7,0.0,1.65,11,1.3115149056552865e-06,1.4143935738086536e-09,30
model_2,0.7,0.0,1.65,12,5.56400262952117e-07,2.5456486716610334e-10,30
model_2,0.7,0.0,1.65,13,2.3604859643218862e-07,4.5817000882392505e-11,30
model_2,0.7,0.0,1.65,14,1.0014182880713207e-07,8.246218707927082e-12,30
model_2,0.7,0.0,1.65,15,4.248441224004769e-08,1.4841679217469335e-12,30
model_2,0.7,0.0,1.65,16,1.802369005154958e-08,2.671229684482778e-13,30
model_2,0.7,0.0,1.65,17,7.646413968664945e-09,4.8077228486523295e-14,30
model_2,0.7,0.0,1.65,18,3.243933218340563e-09,8.653018175158757e-15,30
model_2,0.7,0.0,1.65,19,1.376214083433543e-09,1.557384356786963e-15,30
model_2,0.7,0.0,1.65,20,5.838483992566996e-10,2.8030058234275427e-16,30
model_2,0.7,0.0,2.0,0,0.016666666666666666,0.24138888888888888,30
model_2,0.7,0.0,2.0,1,0.005774505261155342,0.028057637960330548,30
model_2,0.7,0.0,2.0,2,0.0020186037989180653,0.0034162303665737632,30
model_2,0.7,0.0,2.0,3,0.0007064055503399465,0.00041817873307155697,30
model_2,0.7,0.0,2.0,4,0.00024723740865422914,5.122225619133436e-05,30
model_2,0.7,0.0,2.0,5,8.653289864221461e-05,6.274656785626967e-06,30
model_2,0.7,0.0,2.0,6,3.028650619046521e-05,7.68644411856091e-07,30
model_2,0.7,0.0,2.0,7,1.0600276809361967e-05,9.415892478013815e-08,30
model_2,0.7,0.0,2.0,8,3.7100968679778153e-06,1.1534468050390191e-08,30
model_2,0.7,0.0,2.0,9,1.2985339031305424e-06,1.4129723326432316e-09,30
model_2,0.7,0.0,2.0,10,4.5448686608976866e-07,1.730891106957898e-10,30
model_2,0.7,0.0,2.0,11,1.5907040314585194e-07,2.1203416059326727e-11,30
model_2,0.7,0.0,2.0,12,5.567464106774149e-08,2.597418467207599e-12,30
model_2,0.7,0.0,2.0,13,1.9486124358536473e-08,3.181837622324517e-13,30
model_2,0.7,0.0,2.0,14,6.820143509204494e-09,3.897751087093175e-14,30
model_2,0.7,0.0,2.0,15,2.387050231552242e-09,4.774745084432143e-15,30
model_2,0.7,0.0,2.0,16,8.354675766023926e-10,5.849062726968114e-16,30
model_2,0.7,0.0,2.0,17,2.9241366365321634e-10,7.165101893350222e-17,30
model_2,0.7,0.0,2.0,18,1.0234475489312444e-10,8.77724969736833e-18,30
model_2,0.7,0.0,2.0,19,3.5820664952742236e-11,1.0752130630498553e-18,30
model_2,0.7,0.0,2.0,20,1.2537260118961058e-11,1.3171361947458822e-19,30
model_2,0.7,0.20000000000000007,0.6,0,0.016666666666666666,0.24138888888888888,30
model_2,0.7,0.20000000000000007,0.6,1,0.2742047780931096,0.1896690159151027,30
model_2,0.7,0.20000000000000007,0.6,2,0.4967165984943635,0.13880201258368055,30
model_2,0.7,0.20000000000000007,0.6,3,0.6600929054458787,0.08143301527472353,30
model_2,0.7,0.20000000000000007,0.6,4,0.7662422623246238,0.03568833080925959,30
model_2,0.7,0.20000000000000007,0.6,5,0.8272910429050143,0.010798238084309943,30
model_2,0.7,0.20000000000000007,0.6,6,0.8574853325913784,0.001888606337554986,30
model_2,0.7,0.20000000000000007,0.6,7,0.8695708329398776,0.00020284048581753594,30
model_2,0.7,0.20000000000000007,0.6,8,0.8734820539474073,1.706714619042177e-05,30
model_2,0.7,0.20000000000000007,0.6,9,0.8746127579594125,1.3198367911318358e-06,30
model_2,0.7,0.20000000000000007,0.6,10,0.8749269039323364,9.956168015618658e-08,30
model_2,0.7,0.20000000000000007,0.6,11,0.8750131638970716,7.458515138040627e-09,30
model_2,0.7,0.20000000000000007,0.6,12,0.8750367719299681,5.576791659368143e-10,30
model_2,0.7,0.20000000000000007,0.6,13,0.8750432272495486,4.167635606106219e-11,30
model_2,0.7,0.20000000000000007,0.6,14,0.875044991938635,3.1141036100531984e-12,30
model_2,0.7,0.20000000000000007,0.6,15,0.8750454743185934,2.3268019899038793e-13,30
model_2,0.7,0.20000000000000007,0.6,16,0.8750456061753152,1.7385258869697174e-14,30
model_2,0.7,0.20000000000000007,0.6,17,0.875045642217665,1.2989775033657718e-15,30
model_2,0.7,0.20000000000000007,0.6,18,0.8750456520696405,9.705585746978756e-17,30
model_2,0.7,0.20000000000000007,0.6,19,0.875045654762622,7.251732502406169e-18,30
model_2,0.7,0.20000000000000007,0.6,20,0.875045655498733,5.418283938293573e-19,30
model_2,0.7,0.20000000000000007,0.95,0,0.016666666666666666,0.24138888888888888,30
model_2,0.7,0.20000000000000007,0.95,1,0.1974299375426577,0.10002531360543142,30
model_2,0.7,0.20000000000000007,0.95,2,0.32728191772991294,0.04216566662744697,30
model_2,0.7,0.20000000000000007,0.95,3,0.41584174800505525,0.016363386911306625,30
model_2,0.7,0.20000000000000007,0.95,4,0.472163012421573,0.005708395090206755,30
model_2,0.7,0.20000000000000007,0.95,5,0.505664032491133,0.0018100593583867846,30
model_2,0.7,0.20000000000000007,0.95,6,0.5245583320086685,0.0005352026606456217,30
model_2,0.7,0.20000000000000007,0.95,7,0.5348313663344553,0.00015134929125531645,30
model_2,0.7,0.20000000000000007,0.95,8,0.5402922404129038,4.170154831222344e-05,30
model_2,0.7,0.20000000000000007,0.95,9,0.5431578392257849,1.1326312673217981e-05,30
model_2,0.7,0.20000000000000007,0.95,10,0.5446509824072651,3.052709630442572e-06,30
model_2,0.7,0.20000000000000007,0.95,11,0.5454260751537408,8.194522871636726e-07,30
model_2,0.7,0.20000000000000007,0.95,12,0.5458276327088218,2.1950466114722303e-07,30
model_2,0.7,0.20000000000000007,0.95,13,0.5460354562079285,5.8733623237365675e-08,30
model_2,0.7,0.20000000000000007,0.95,14,0.5461429564105199,1.5706614485405418e-08,30
model_2,0.7,0.20000000000000007,0.95,15,0.5461985472963314,4.199043551422933e-09,30
model_2,0.7,0.20000000000000007,0.95,16,0.5462272905305277,1.1224111111061634e-09,30
model_2,0.7,0.20000000000000007,0.95,17,0.5462421511002765,2.9999864356310436e-10,30
model_2,0.7,0.20000000000000007,0.95,18,0.546249833884388,8.018052918656909e-11,30
model_2,0.7,0.20000000000000007,0.95,19,0.5462538057375617,2.1429369372586974e-11,30
model_2,0.7,0.20000000000000007,0.95,20,0.5462558590890098,5.727236672769947e-12,30
model_2,0.7,0.20000000000000007,1.2999999999999998,0,0.016666666666666666,0.24138888888888888,30
model_2,0.7,0.20000000000000007,1.2999999999999998,1,0.15190867148240497,0.05982546001844966,30
model_2,0.7,0.20000000000000007,1.2999999999999998,2,0.22782380581019782,0.015385583386890977,30
model_2,0.7,0.20000000000000007,1.2999999999999998,3,0.26860054532504135,0.0038641716905543056,30
model_2,0.7,0.20000000000000007,1.2999999999999998,4,0.2896252961294875,0.0009468293276967757,30
model_2,0.7,0.20000000000000007,1.2999999999999998,5,0.30017906698084307,0.00022829645804150025,30
model_2,0.7,0.20000000000000007,1.2999999999999998,6,0.305396886153613,5.455487525000719e-05,30
model_2,0.7,0.20000000000000007,1.2999999999999998,7,0.3079560818019739,1.297615756807472e-05,30
model_2,0.7,0.20000000000000007,1.2999999999999998,8,0.3092062392745011,3.079237928594278e-06,30
model_2,0.7,0.20000000000000007,1.2999999999999998,9,0.30981571509967104,7.298584630816715e-07,30
model_2,0.7,0.20000000000000007,1.2999999999999998,10,0.31011255427566997,1.728972473319469e-07,30
model_2,0.7,0.20000000000000007,1.2999999999999998,11,0.310257057393527,4.094655685310687e-08,30
model_2,0.7,0.20000000000000007,1.2999999999999998,12,0.3103273859051668,9.695900384702834e-09,30
model_2,0.7,0.20000000000000007,1.2999999999999998,13,0.3103616103216125,2.2957806237120495e-09,30
model_2,0.7,0.20000000000000007,1.2999999999999998,14,0.3103782642440536,5.4357408867635e-10,30
model_2,0.7,0.20000000000000007,1.2999999999999998,15,0.31038636797987945,1.2870053465507379e-10,30
model_2,0.7,0.20000000000000007,1.2999999999999998,16,0.310390311175245,3.047183922516562e-11,30
model_2,0.7,0.20000000000000007,1.2999999999999998,17,0.3103922298816807,7.214651966798501e-12,30
model_2,0.7,0.20000000000000007,1.2999999999999998,18,0.3103931634958107,1.7081709221567695e-12,30
model_2,0.7,0.20000000000000007,1.2999999999999998,19,0.3103936177779276,4.044332793190907e-13,30
model_2,0.7,0.20000000000000007,1.2999999999999998,20,0.31039383882437804,9.575517644833496e-14,30
model_2,0.7,0.20000000000000007,1.65,0,0.016666666666666666,0.24138888888888888,30
model_2,0.7,0.20000000000000007,1.65,1,0.1226920876832788,0.039255040854782076,30
model_2,0.7,0.20000000000000007,1.65,2,0.17041945786212426,0.00661656721041115,30
model_2,0.7,0.20000000000000007,1.65,3,0.19091555463249268,0.001107062336858839,30
model_2,0.7,0.20000000000000007,1.65,4,0.19945709816383864,0.0001839422163341031,30
model_2,0.7,0.20000000000000007,1.65,5,0.20296554332222888,3.045404874547406e-05,30
model_2,0.7,0.20000000000000007,1.65,6,0.2043975769710137,5.03414867945907e-06,30
model_2,0.7,0.20000000000000007,1.65,7,0.20498054679302716,8.316114398168006e-07,30
model_2,0.7,0.20000000000000007,1.65,8,0.20521761204673586,1.3733995066065207e-07,30
model_2,0.7,0.20000000000000007,1.65,9,0.20531397218730427,2.2679063771092742e-08,30
model_2,0.7,0.20000000000000007,1.65,10,0.2053531327251972,3.744843997992595e-09,30
model_2,0.7,0.20000000000000007,1.65,11,0.20536904631031552,6.183499882864416e-10,30
model_2,0.7,0.20000000000000007,1.65,12,0.20537551288759287,1.021014097173963e-10,30
model_2,0.7,0.20000000000000007,1.65,13,0.20537814058681503,1.6858844361638904e-11,30
model_2,0.7,0.20000000000000007,1.65,14,0.20537920834939222,2.7837057617789772e-12,30
model_2,0.7,0.20000000000000007,1.65,15,0.20537964223262803,4.596408696247053e-13,30
model_2,0.7,0.20000000000000007,1.65,16,0.20537981854008933,7.589512113404369e-14,30
model_2,0.7,0.20000000000000007,1.65,17,0.20537989018219965,1.25316726977034e-14,30
model_2,0.7,0.20000000000000007,1.65,18,0.20537991929379393,2.0692083047612704e-15,30
model_2,0.7,0.20000000000000007,1.65,19,0.20537993112321765,3.4166412088361485e-16,30
model_2,0.7,0.20000000000000007,1.65,20,0.20537993593007434,5.641499302175249e-17,30
model_2,0.7,0.20000000000000007,2.0,0,0.016666666666666666,0.24138888888888888,30
model_2,0.7,0.20000000000000007,2.0,1,0.1026128248614413,0.02755447124376377,30
model_2,0.7,0.20000000000000007,2.0,2,0.13464771186998273,0.003242720721532868,30
model_2,0.7,0.20000000000000007,2.0,3,0.14601793399310792,0.0003806279781111935,30
model_2,0.7,0.20000000000000007,2.0,4,0.14995979419952885,4.456821968007422e-05,30
model_2,0.7,0.20000000000000007,2.0,5,0.1513141458825321,5.2131754088858695e-06,30
model_2,0.7,0.20000000000000007,2.0,6,0.15177799411866597,6.09560090939617e-07,30
model_2,0.7,0.20000000000000007,2.0,7,0.15193668075384237,7.126460271526392e-08,30
model_2,0.7,0.20000000000000007,2.0,8,0.15199094826924123,8.331278266218293e-09,30
model_2,0.7,0.20000000000000007,2.0,9,0.15200950421409573,9.739635512115242e-10,30
model_2,0.7,0.20000000000000007,2.0,10,0.1520158488528066,1.138600770990467e-10,30
model_2,0.7,0.20000000000000007,2.0,11,0.15201801817528351,1.331065593594825e-11,30
model_2,0.7,0.20000000000000007,2.0,12,0.15201875989372554,1.5560629893701078e-12,30
model_2,0.7,0.20000000000000007,2.0,13,0.1520190134960715,1.819092557819802e-13,30
model_2,0.7,0.20000000000000007,2.0,14,0.15201910020567327,2.1265832537683996e-14,30
model_2,0.7,0.20000000000000007,2.0,15,0.15201912985269206,2.4860506458764482e-15,30
model_2,0.7,0.20000000000000007,2.0,16,0.15201913998935096,2.906280635972985e-16,30
model_2,0.7,0.20000000000000007,2.0,17,0.15201914345519185,3.397544253655142e-17,30
model_2,0.7,0.20000000000000007,2.0,18,0.15201914464020286,3.971848509015966e-18,30
model_2,0.7,0.20000000000000007,2.0,19,0.15201914504537187,4.64323054101902e-19,30
model_2,0.7,0.20000000000000007,2.0,20,0.15201914518390386,5.428097480449494e-20,30
model_2,0.7,0.4,0.6,0,0.016666666666666666,0.24138888888888888,30
model_2,0.7,0.4,0.6,1,0.4996359182239515,0.1412478456813018,30
model_2,0.7,0.4,0.6,2,0.795387760685037,0.04274028316425067,30
model_2,0.7,0.4,0.6,3,0.909737394127069,0.004406778851434737,30
model_2,0.7,0.4,0.6,4,0.9380538567757647,0.00013422413057324856,30
model_2,0.7,0.4,0.6,5,0.942601904570834,2.463449536912216e-06,30
model_2,0.7,0.4,0.6,6,0.9432097329547595,4.1288670948707554e-08,30
model_2,0.7,0.4,0.6,7,0.9432882812084468,6.835453087054801e-10,30
model_2,0.7,0.4,0.6,8,0.9432983854312668,1.1298241443205844e-11,30
model_2,0.7,0.4,0.6,9,0.9432996844385597,1.867089967520529e-13,30
model_2,0.7,0.4,0.6,10,0.9432998514272669,3.0853765754732943e-15,30
model_2,0.7,0.4,0.6,11,0.9432998728936242,5.0985847213234676e-17,30
model_2,0.7,0.4,0.6,12,0.9432998756531157,8.425407799223135e-19,30
model_2,0.7,0.4,0.6,13,0.9432998760078469,1.3922977485495997e-20,30
model_2,0.7,0.4,0.6,14,0.9432998760534477,2.300762923829246e-22,30
model_2,0.7,0.4,0.6,15,0.9432998760593095,3.801989077740039e-24,30
model_2,0.7,0.4,0.6,16,0.9432998760600632,6.283087043911007e-26,30
model_2,0.7,0.4,0.6,17,0.9432998760601601,1.0379585271865191e-27,30
model_2,0.7,0.4,0.6,18,0.9432998760601724,1.7068156106610038e-29,30
model_2,0.7,0.4,0.6,19,0.9432998760601741,3.1225744164998383e-31,30
model_2,0.7,0.4,0.6,20,0.9432998760601743,1.314768175368353e-32,30
model_2,0.7,0.4,0.95,0,0.016666666666666666,0.24138888888888888,30
model_2,0.7,0.4,0.95,1,0.3707736088433214,0.08381263018460608,30
model_2,0.7,0.4,0.95,2,0.5839190322104595,0.021918096978839268,30
model_2,0.7,0.4,0.95,3,0.6873932969909898,0.0038750905879315874,30
model_2,0.7,0.4,0.95,4,0.7287208786152907,0.0005093419368112244,30
model_2,0.7,0.4,0.95,5,0.7432929243212566,5.76342005311015e-05,30
model_2,0.7,0.4,0.95,6,0.7481406801097483,6.151675344423826e-06,30
model_2,0.7,0.4,0.95,7,0.7497183785746814,6.435143722364343e-07,30
model_2,0.7,0.4,0.95,8,0.7502280072556698,6.687148439271244e-08,30
model_2,0.7,0.4,0.95,9,0.7503922234106889,6.9340819045916555e-09,30
model_2,0.7,0.4,0.95,10,0.7504450961735047,7.185142623783359e-10,30
model_2,0.7,0.4,0.95,11,0.7504621152728719,7.443628324471404e-11,30
model_2,0.7,0.4,0.95,12,0.7504675930608063,7.710857800437224e-12,30
model_2,0.7,0.4,0.95,13,0.750469356101312,7.987495799388e-13,30
model_2,0.7,0.4,0.95,14,0.7504699235356886,8.273996857664182e-14,30
model_2,0.7,0.4,0.95,15,0.7504701061638711,8.570753759245298e-15,30
model_2,0.7,0.4,0.95,16,0.7504701649425156,8.878147340360071e-16,30
model_2,0.7,0.4,0.95,17,0.7504701838603409,9.196563481715686e-17,30
model_2,0.7,0.4,0.95,18,0.7504701899490162,9.526398721440552e-18,30
model_2,0.7,0.4,0.95,19,0.7504701919086476,9.868062325267872e-19,30
model_2,0.7,0.4,0.95,20,0.7504701925393522,1.022197921004018e-19,30
model_2,0.7,0.4,1.2999999999999998,0,0.016666666666666666,0.24138888888888888,30
model_2,0.7,0.4,1.2999999999999998,1,0.2892199430641269,0.05349368910750349,30
model_2,0.7,0.4,1.2999999999999998,2,0.4276229645894813,0.010596837227506482,30
model_2,0.7,0.4,1.2999999999999998,3,0.49030230973306893,0.0018293931682577317,30
model_2,0.7,0.4,1.2999999999999998,4,0.516407298764659,0.0002903696077700113,30
model_2,0.7,0.4,1.2999999999999998,5,0.5268056853514915,4.4296047802317095e-05,30
model_2,0.7,0.4,1.2999999999999998,6,0.5308659130039641,6.64589034990648e-06,30
model_2,0.7,0.4,1.2999999999999998,7,0.5324383819685128,9.905167908861028e-07,30
model_2,0.7,0.4,1.2999999999999998,8,0.5330454117792914,1.4724698340294412e-07,30
model_2,0.7,0.4,1.2999999999999998,9,0.5332794526878983,2.1867326361232104e-08,30
model_2,0.7,0.4,1.2999999999999998,10,0.5333696435020377,3.2462124815415706e-09,30
model_2,0.7,0.4,1.2999999999999998,11,0.533404393224864,4.818295375002049e-10,30
model_2,0.7,0.4,1.2999999999999998,12,0.5334177810172631,7.151298943634329e-11,30
model_2,0.7,0.4,1.2999999999999998,13,0.5334229386983984,1.061370049076554e-11,30
model_2,0.7,0.4,1.2999999999999998,14,0.5334249256868608,1.5752337837876477e-12,30
model_2,0.7,0.4,1.2999999999999998,15,0.5334256911678422,2.3378776513635424e-13,30
model_2,0.7,0.4,1.2999999999999998,16,0.5334259860664842,3.469748457481746e-14,30
model_2,0.7,0.4,1.2999999999999998,17,0.5334260996749964,5.149605872492703e-15,30
model_2,0.7,0.4,1.2999999999999998,18,0.5334261434422073,7.642754477328617e-16,30
model_2,0.7,0.4,1.2999999999999998,19,0.5334261603033432,1.1342944089026375e-16,30
model_2,0.7,0.4,1.2999999999999998,20,0.5334261667990254,1.6834556096751908e-17,30
model_2,0.7,0.4,1.65,0,0.016666666666666666,0.24138888888888888,30
model_2,0.7,0.4,1.65,1,0.23527464204368376,0.03639973053376134,30
model_2,0.7,0.4,1.65,2,0.3276001524212709,0.00525154495528008,30
model_2,0.7,0.4,1.65,3,0.36363213526828647,0.0007175228551583983,30
model_2,0.7,0.4,1.65,4,0.37707366684086335,9.540009009853669e-05,30
model_2,0.7,0.4,1.65,5,0.38199065926654674,1.254447549712144e-05,30
model_2,0.7,0.4,1.65,6,0.38377570138447326,1.6426391836388844e-06,30
model_2,0.7,0.4,1.65,7,0.38442190892072603,2.147662116525624e-07,30
model_2,0.7,0.4,1.65,8,0.3846556033585085,2.806387954409996e-08,30
model_2,0.7,0.4,1.65,9,0.38474008503731677,3.666416557359782e-09,30
model_2,0.7,0.4,1.65,10,0.38477062144870927,4.789654642197955e-10,30
model_2,0.7,0.4,1.65,11,0.38478165847902857,6.25684119680229e-11,30
model_2,0.7,0.4,1.65,12,0.38478564761464307,8.173384353439134e-12,30
model_2,0.7,0.4,1.65,13,0.38478708940658135,1.0676950133014216e-12,30
model_2,0.7,0.4,1.65,14,0.384787610511752,1.3947358544296818e-13,30
model_2,0.7,0.4,1.65,15,0.3847877988540261,1.8219502793062156e-14,30
model_2,0.7,0.4,1.65,16,0.38478786692627626,2.3800221866433767e-15,30
model_2,0.7,0.4,1.65,17,0.38478789152951925,3.109033957291359e-16,30
model_2,0.7,0.4,1.65,18,0.3847879004218291,4.0613452891903814e-17,30
model_2,0.7,0.4,1.65,19,0.3847879036357621,5.3053540533923136e-18,30
model_2,0.7,0.4,1.65,20,0.38478790479736863,6.930408946879684e-19,30
model_2,0.7,0.4,2.0,0,0.016666666666666666,0.24138888888888888,30
model_2,0.7,0.4,2.0,1,0.19758733547745375,0.026109388334145656,30
model_2,0.7,0.4,2.0,2,0.2620706349859786,0.0027788669100034307,30
model_2,0.7,0.4,2.0,3,0.2836331580843162,0.00028860322526945474,30
model_2,0.7,0.4,2.0,4,0.2906364990906866,2.966560282719567e-05,30
model_2,0.7,0.4,2.0,5,0.2928874223233772,3.038430700937382e-06,30
model_2,0.7,0.4,2.0,6,0.2936083695199803,3.1083860387921116e-07,30
model_2,0.7,0.4,2.0,7,0.2938390211010851,3.1787469892009165e-08,30
model_2,0.7,0.4,2.0,8,0.29391278640999874,3.250305647496465e-09,30
model_2,0.7,0.4,2.0,9,0.2939363747591905,3.32334596824839e-10,30
model_2,0.7,0.4,2.0,10,0.293943917459034,3.3979853753481044e-11,30
model_2,0.7,0.4,2.0,11,0.29394632931268916,3.4742872986078625e-12,30
model_2,0.7,0.4,2.0,12,0.2939471005240743,3.552298067567814e-13,30
model_2,0.7,0.4,2.0,13,0.29394734712538784,3.6320589940002443e-14,30
model_2,0.7,0.4,2.0,14,0.2939474259781971,3.713610338051423e-15,30
model_2,0.7,0.4,2.0,15,0.29394745119203186,3.7969926151279153e-16,30
model_2,0.7,0.4,2.0,16,0.29394745925436266,3.8822469977168646e-17,30
model_2,0.7,0.4,2.0,17,0.29394746183235915,3.969415676564563e-18,30
model_2,0.7,0.4,2.0,18,0.29394746265669475,4.0585420076243553e-19,30
model_2,0.7,0.4,2.0,19,0.29394746292028273,4.14966888455601e-20,30
model_2,0.7,0.4,2.0,20,0.29394746300456726,4.2428486618819864e-21,30
model_2,0.95,-0.4,0.6,0,0.016666666666666666,0.24138888888888888,30
model_2,0.95,-0.4,0.6,1,-0.4199032205691745,0.23424936402246105,30
model_2,0.95,-0.4,0.6,2,-0.7301770492782385,0.14334508501348453,30
model_2,0.95,-0.4,0.6,3,-0.8831952126638415,0.06253546872608924,30
model_2,0.95,-0.4,0.6,4,-0.9450270135038118,0.01176889992100558,30
model_2,0.95,-0.4,0.6,5,-0.9716711311998402,0.0002823822434913184,30
model_2,0.95,-0.4,0.6,6,-0.97595372465958,1.91491908046504e-06,30
model_2,0.95,-0.4,0.6,7,-0.9763079003633409,1.0682342156911008e-08,30
model_2,0.95,-0.4,0.6,8,-0.9763343622949876,5.86476309272962e-11,30
model_2,0.95,-0.4,0.6,9,-0.9763363230543646,3.216007540379407e-13,30
model_2,0.95,-0.4,0.6,10,-0.9763364682516144,1.7633775513529256e-15,30
model_2,0.95,-0.4,0.6,11,-0.9763364790032014,9.668758641760922e-18,30
model_2,0.95,-0.4,0.6,12,-0.9763364797993338,5.301465583642979e-20,30
model_2,0.95,-0.4,0.6,13,-0.9763364798582856,2.9068410726891725e-22,30
model_2,0.95,-0.4,0.6,14,-0.9763364798626509,1.5938058317544913e-24,30
model_2,0.95,-0.4,0.6,15,-0.9763364798629741,8.739237766309935e-27,30
model_2,0.95,-0.4,0.6,16,-0.9763364798629981,4.7751558399268975e-29,30
model_2,0.95,-0.4,0.6,17,-0.9763364798629999,2.4898422321038184e-31,30
model_2,0.95,-0.4,0.6,18,-0.976336479863,8.217301096052206e-34,30
model_2,0.95,-0.4,0.6,19,-0.976336479863,0.0,30
model_2,0.95,-0.4,0.6,20,-0.976336479863,0.0,30
model_2,0.95,-0.4,0.95,0,0.016666666666666666,0.24138888888888888,30
model_2,0.95,-0.4,0.95,1,-0.32381131643916733,0.1416467613391515,30
model_2,0.95,-0.4,0.95,2,-0.5834610478133151,0.06598904128281138,30
model_2,0.95,-0.4,0.95,3,-0.7412978049867084,0.01950351732604642,30
model_2,0.95,-0.4,0.95,4,-0.8160523144634256,0.003318152083164315,30
model_2,0.95,-0.4,0.95,5,-0.8437736979279682,0.0003481342191917976,30
model_2,0.95,-0.4,0.95,6,-0.8523062375111358,2.832802187990041e-05,30
model_2,0.95,-0.4,0.95,7,-0.8546988311496446,2.1083428057405236e-06,30
model_2,0.95,-0.4,0.95,8,-0.8553483504220404,1.5288419601862533e-07,30
model_2,0.95,-0.4,0.95,9,-0.8555230203217881,1.1007315451506026e-08,30
model_2,0.95,-0.4,0.95,10,-0.8555698714413673,7.909761733048303e-10,30
model_2,0.95,-0.4,0.95,11,-0.8555824293899335,5.6809471636855505e-11,30
model_2,0.95,-0.4,0.95,12,-0.8555857947849201,4.079602728260578e-12,30
model_2,0.95,-0.4,0.95,13,-0.855586696629228,2.929536115627068e-13,30
model_2,0.95,-0.4,0.95,14,-0.8555869382983956,2.103659829735562e-14,30
model_2,0.95,-0.4,0.95,15,-0.8555870030587709,1.5106053309778725e-15,30
model_2,0.95,-0.4,0.95,16,-0.8555870204126692,1.0847413628832056e-16,30
model_2,0.95,-0.4,0.95,17,-0.8555870250630083,7.789351615903107e-18,30
model_2,0.95,-0.4,0.95,18,-0.8555870263091636,5.593407096815684e-19,30
model_2,0.95,-0.4,0.95,19,-0.8555870266430969,4.016534679454725e-20,30
model_2,0.95,-0.4,0.95,20,-0.8555870267325812,2.8842090838946877e-21,30
model_2,0.95,-0.4,1.2999999999999998,0,0.016666666666666666,0.24138888888888888,30
model_2,0.95,-0.4,1.2999999999999998,1,-0.2584164930222881,0.09239694751714876,30
model_2,0.95,-0.4,1.2999999999999998,2,-0.4428819974520524,0.032019380331493014,30
model_2,0.95,-0.4,1.2999999999999998,3,-0.5525494159311555,0.008963888984455845,30
model_2,0.95,-0.4,1.2999999999999998,4,-0.6097716795982702,0.0020457895183630496,30
model_2,0.95,-0.4,1.2999999999999998,5,-0.6366955225737526,0.000405752743510881,30
model_2,0.95,-0.4,1.2999999999999998,6,-0.6485714187129836,7.453330947210276e-05,30
model_2,0.95,-0.4,1.2999999999999998,7,-0.6536368766459862,1.3201937549527342e-05,30
model_2,0.95,-0.4,1.2999999999999998,8,-0.65576412969814,2.301237414703256e-06,30
model_2,0.95,-0.4,1.2999999999999998,9,-0.6566514400534719,3.9840016554096763e-07,30
model_2,0.95,-0.4,1.2999999999999998,10,-0.6570204888499868,6.877541692425123e-08,30
model_2,0.95,-0.4,1.2999999999999998,11,-0.6571737984411123,1.185845528475691e-08,30
model_2,0.95,-0.4,1.2999999999999998,12,-0.6572374541102922,2.043653457900259e-09,30
model_2,0.95,-0.4,1.2999999999999998,13,-0.6572638790693012,3.5212492454320087e-10,30
model_2,0.95,-0.4,1.2999999999999998,14,-0.6572748477389673,6.066651796937974e-11,30
model_2,0.95,-0.4,1.2999999999999998,15,-0.6572794005327797,1.045167565387224e-11,30
model_2,0.95,-0.4,1.2999999999999998,16,-0.6572812902443728,1.8005963569812959e-12,30
model_2,0.95,-0.4,1.2999999999999998,17,-0.657282074595243,3.1020168253936863e-13,30
model_2,0.95,-0.4,1.2999999999999998,18,-0.6572824001500571,5.3440538564858634e-14,30
model_2,0.95,-0.4,1.2999999999999998,19,-0.657282535275583,9.20655273030039e-15,30
model_2,0.95,-0.4,1.2999999999999998,20,-0.657282591361068,1.5860726396032855e-15,30
model_2,0.95,-0.4,1.65,0,0.016666666666666666,0.24138888888888888,30
model_2,0.95,-0.4,1.65,1,-0.2130680340340543,0.06393216432738097,30
model_2,0.95,-0.4,1.65,2,-0.34350795029579934,0.0163543726606425,30
model_2,0.95,-0.4,1.65,3,-0.4119892378545835,0.003809130931625408,30
model_2,0.95,-0.4,1.65,4,-0.4454997836808646,0.0008246265641844239,30
model_2,0.95,-0.4,1.65,5,-0.4611716597412667,0.0001710567187309743,30
model_2,0.95,-0.4,1.65,6,-0.46832360285232605,3.472184740161325e-05,30
model_2,0.95,-0.4,1.65,7,-0.4715484477022783,6.975903106136659e-06,30
model_2,0.95,-0.4,1.65,8,-0.472994415520835,1.3949216476886929e-06,30
model_2,0.95,-0.4,1.65,9,-0.4736411102311374,2.783387424368475e-07,30
model_2,0.95,-0.4,1.65,10,-0.4739300054820775,5.548583652830116e-08,30
model_2,0.95,-0.4,1.65,11,-0.4740589959456955,1.1056171624294404e-08,30
model_2,0.95,-0.4,1.65,12,-0.47411657634793025,2.202644298916646e-09,30
model_2,0.95,-0.4,1.65,13,-0.4741422771731348,4.387800659779815e-10,30
model_2,0.95,-0.4,1.65,14,-0.4741537481255038,8.740431165457617e-11,30
model_2,0.95,-0.4,1.65,15,-0.47415886780734495,1.741050774506767e-11,30
model_2,0.95,-0.4,1.65,16,-0.4741611527878101,3.46806093023806e-12,30
model_2,0.95,-0.4,1.65,17,-0.4741621726000844,6.90813044273954e-13,30
model_2,0.95,-0.4,1.65,18,-0.47416262775284973,1.3760483162980543e-13,30
model_2,0.95,-0.4,1.65,19,-0.4741628308920708,2.7409842734322877e-14,30
model_2,0.95,-0.4,1.65,20,-0.47416292155509926,5.459831924218986e-15,30
model_2,0.95,-0.4,2.0,0,0.016666666666666666,0.24138888888888888,30
model_2,0.95,-0.4,2.0,1,-0.18042995411404672,0.046400097469109475,30
model_2,0.95,-0.4,2.0,2,-0.27556795802921324,0.00886838988264655,30
model_2,0.95,-0.4,2.0,3,-0.31875755300462233,0.0016227485091416158,30
model_2,0.95,-0.4,2.0,4,-0.3375162657664313,0.00028857521371320876,30
model_2,0.95,-0.4,2.0,5,-0.3454762955860263,5.059466911914315e-05,30
model_2,0.95,-0.4,2.0,6,-0.3488178963613002,8.814327792105136e-06,30
model_2,0.95,-0.4,2.0,7,-0.35021413579836136,1.5313979315006997e-06,30
model_2,0.95,-0.4,2.0,8,-0.3507963754971683,2.657583296409946e-07,30
model_2,0.95,-0.4,2.0,9,-0.3510389702013309,4.609739536244628e-08,30
model_2,0.95,-0.4,2.0,10,-0.351140013939521,7.994264799881505e-09,30
model_2,0.95,-0.4,2.0,11,-0.35118209380632115,1.3862586251397064e-09,30
model_2,0.95,-0.4,2.0,12,-0.35119961698953733,2.403780597548605e-10,30
model_2,0.95,-0.4,2.0,13,-0.35120691392811293,4.168109046939303e-11,30
model_2,0.95,-0.4,2.0,14,-0.3512099524601249,7.22737666372476e-12,30
model_2,0.95,-0.4,2.0,15,-0.3512112177354588,1.2532023777806249e-12,30
model_2,0.95,-0.4,2.0,16,-0.3512117446078919,2.1730077499100447e-13,30
model_2,0.95,-0.4,2.0,17,-0.35121196400231347,3.7679154615538544e-14,30
model_2,0.95,-0.4,2.0,18,-0.35121205536009575,6.533425546963402e-15,30
model_2,0.95,-0.4,2.0,19,-0.35121209340228127,1.1328716532984052e-15,30
model_2,0.95,-0.4,2.0,20,-0.3512121092433817,1.9643571748142376e-16,30
model_2,0.95,-0.2,0.6,0,0.016666666666666666,0.24138888888888888,30
model_2,0.95,-0.2,0.6,1,-0.20843714248372852,0.28434015474105656,30
model_2,0.95,-0.2,0.6,2,-0.4173551879901651,0.3263231940824316,30
model_2,0.95,-0.2,0.6,3,-0.5467475268718839,0.3252918973286664,30
model_2,0.95,-0.2,0.6,4,-0.6246222893438969,0.262744155251126,30
model_2,0.95,-0.2,0.6,5,-0.7096137688131022,0.1834927977609728,30
model_2,0.95,-0.2,0.6,6,-0.7967753204564169,0.139917836773373,30
model_2,0.95,-0.2,0.6,7,-0.8423941931132659,0.12891689274080922,30
model_2,0.95,-0.2,0.6,8,-0.8568885768688751,0.11778146744112707,30
model_2,0.95,-0.2,0.6,9,-0.8649722646270779,0.1020235796998904,30
model_2,0.95,-0.2,0.6,10,-0.8747539668321174,0.0805498275749925,30
model_2,0.95,-0.2,0.6,11,-0.8897341320305278,0.05194542516888938,30
model_2,0.95,-0.2,0.6,12,-0.9121395695059225,0.020766323121423465,30
model_2,0.95,-0.2,0.6,13,-0.9357910245942807,0.003092824056311489,30
model_2,0.95,-0.2,0.6,14,-0.9474440943722053,0.00014428602381758176,30
model_2,0.95,-0.2,0.6,15,-0.9501280288266827,3.879446927235268e-06,30
model_2,0.95,-0.2,0.6,16,-0.9505732503474851,9.228068519742512e-08,30
model_2,0.95,-0.2,0.6,17,-0.9506420425784213,2.1513196717160287e-09,30
model_2,0.95,-0.2,0.6,18,-0.9506525490751475,4.999765485819552e-11,30
model_2,0.95,-0.2,0.6,19,-0.950654150840148,1.1614172424434526e-12,30
model_2,0.95,-0.2,0.6,20,-0.9506543949700301,2.6977114305284224e-14,30
model_2,0.95,-0.2,0.95,0,0.016666666666666666,0.24138888888888888,30
model_2,0.95,-0.2,0.95,1,-0.1583018067647327,0.16232878499211553,30
model_2,0.95,-0.2,0.95,2,-0.3139420913070271,0.11407541077709393,30
model_2,0.95,-0.2,0.95,3,-0.4455344708548859,0.07472666199690507,30
model_2,0.95,-0.2,0.95,4,-0.5493119005564436,0.04260943181970137,30
model_2,0.95,-0.2,0.95,5,-0.6252132467173808,0.02027813553192414,30
model_2,0.95,-0.2,0.95,6,-0.6760244942143939,0.00789759578521347,30
model_2,0.95,-0.2,0.95,7,-0.7068155753120455,0.0025080210966563743,30
model_2,0.95,-0.2,0.95,8,-0.7237513462349943,0.0006675309790530287,30
model_2,0.95,-0.2,0.95,9,-0.732351731161601,0.00015712613643400762,30
model_2,0.95,-0.2,0.95,10,-0.7364883616452771,3.444794218008339e-05,30
model_2,0.95,-0.2,0.95,11,-0.7384169295359007,7.28176850949351e-06,30
model_2,0.95,-0.2,0.95,12,-0.7393018162244849,1.51249393233781e-06,30
model_2,0.95,-0.2,0.95,13,-0.7397047260331036,3.116056894782003e-07,30
model_2,0.95,-0.2,0.95,14,-0.7398875265069175,6.395763902108303e-08,30
model_2,0.95,-0.2,0.95,15,-0.7399703276183058,1.3105094520108229e-08,30
model_2,0.95,-0.2,0.95,16,-0.7400078052084683,2.6831970294989992e-09,30
model_2,0.95,-0.2,0.95,17,-0.7400247626561955,5.491779638777092e-10,30
model_2,0.95,-0.2,0.95,18,-0.7400324342022024,1.1238410876574432e-10,30
model_2,0.95,-0.2,0.95,19,-0.7400359045678726,2.2996704763548137e-11,30
model_2,0.95,-0.2,0.95,20,-0.7400374744027776,4.705570064344116e-12,30
model_2,0.95,-0.2,1.2999999999999998,0,0.016666666666666666,0.24138888888888888,30
model_2,0.95,-0.2,1.2999999999999998,1,-0.1254844115550418,0.10155613179403881,30
model_2,0.95,-0.2,1.2999999999999998,2,-0.2297810652825906,0.045628039563766806,30
model_2,0.95,-0.2,1.2999999999999998,3,-0.3047499589295139,0.019987941528318662,30
model_2,0.95,-0.2,1.2999999999999998,4,-0.3565113380331324,0.008312141221034757,30
model_2,0.95,-0.2,1.2999999999999998,5,-0.3907449719010887,0.0032735578843274865,30
model_2,0.95,-0.2,1.2999999999999998,6,-0.4125490070893332,0.0012316415232801236,30
model_2,0.95,-0.2,1.2999999999999998,7,-0.42603820643563717,0.0004480322462421606,30
model_2,0.95,-0.2,1.2999999999999998,8,-0.4342141543628777,0.00015929937858802083,30
model_2,0.95,-0.2,1.2999999999999998,9,-0.4391031985094599,5.581638680954273e-05,30
model_2,0.95,-0.2,1.2999999999999998,10,-0.44200195391253094,1.9381079993214285e-05,30
model_2,0.95,-0.2,1.2999999999999998,11,-0.44371171052187347,6.692926552531358e-06,30
model_2,0.95,-0.2,1.2999999999999998,12,-0.44471700851154244,2.3037464547827552e-06,30
model_2,0.95,-0.2,1.2999999999999998,13,-0.44530699904115106,7.914305721584609e-07,30
model_2,0.95,-0.2,1.2999999999999998,14,-0.4456528718669894,2.715786779319202e-07,30
model_2,0.95,-0.2,1.2999999999999998,15,-0.4458555029206636,9.312953948713076e-08,30
model_2,0.95,-0.2,1.2999999999999998,16,-0.4459741699451555,3.192335149593316e-08,30
model_2,0.95,-0.2,1.2999999999999998,17,-0.4460436495019804,1.0940304707583407e-08,30
model_2,0.95,-0.2,1.2999999999999998,18,-0.4460843244633831,3.748795305975122e-09,30
model_2,0.95,-0.2,1.2999999999999998,19,-0.4461081347128863,1.2844573976933443e-09,30
model_2,0.95,-0.2,1.2999999999999998,20,-0.4461220720959601,4.4007589451415915e-10,30
model_2,0.95,-0.2,1.65,0,0.016666666666666666,0.24138888888888888,30
model_2,0.95,-0.2,1.65,1,-0.10306436069113775,0.06838119411605408,30
model_2,0.95,-0.2,1.65,2,-0.17490977846400577,0.02063579939280946,30
model_2,0.95,-0.2,1.65,3,-0.2169670382969834,0.006188127902644455,30
model_2,0.95,-0.2,1.65,4,-0.24082155217310866,0.0018251476433045846,30
model_2,0.95,-0.2,1.65,5,-0.25402855414616027,0.0005310545527133693,30
model_2,0.95,-0.2,1.65,6,-0.26122737220783276,0.00015315795805105704,30
model_2,0.95,-0.2,1.65,7,-0.26511517959852865,4.394107497040744e-05,30
model_2,0.95,-0.2,1.65,8,-0.267203903532324,1.2569673355581697e-05,30
model_2,0.95,-0.2,1.65,9,-0.2683228500213593,3.589844019986255e-06,30
model_2,0.95,-0.2,1.65,10,-0.2689213446072638,1.0243464028969144e-06,30
model_2,0.95,-0.2,1.65,11,-0.269241194554939,2.921550718754457e-07,30
model_2,0.95,-0.2,1.65,12,-0.2694120530692277,8.330484567162444e-08,30
model_2,0.95,-0.2,1.65,13,-0.2695033008286654,2.3750260020400598e-08,30
model_2,0.95,-0.2,1.65,14,-0.2695520258218062,6.77072350668426e-09,30
model_2,0.95,-0.2,1.65,15,-0.26957804247575423,1.9301231378608707e-09,30
model_2,0.95,-0.2,1.65,16,-0.2695919335269369,5.502068549443932e-10,30
model_2,0.95,-0.2,1.65,17,-0.2695993502189995,1.5684193554976118e-10,30
model_2,0.95,-0.2,1.65,18,-0.26960331008806915,4.4709090494071676e-11,30
model_2,0.95,-0.2,1.65,19,-0.2696054243022038,1.2744655877325104e-11,30
model_2,0.95,-0.2,1.65,20,-0.2696065530991303,3.632952030534072e-12,30
model_2,0.95,-0.2,2.0,0,0.016666666666666666,0.24138888888888888,30
model_2,0.95,-0.2,2.0,1,-0.08706650261882715,0.04875741236151817,30
model_2,0.95,-0.2,2.0,2,-0.13894936375560096,0.010400527675629606,30
model_2,0.95,-0.2,2.0,3,-0.16412227217128353,0.00221709725763351,30
model_2,0.95,-0.2,2.0,4,-0.17601816546601448,0.0004698610715946014,30
model_2,0.95,-0.2,2.0,5,-0.18155423801506848,9.918159099088439e-05,30
model_2,0.95,-0.2,2.0,6,-0.18411054221708192,2.0891927706610964e-05,30
model_2,0.95,-0.2,2.0,7,-0.185286495457788,4.396224834964801e-06,30
model_2,0.95,-0.2,2.0,8,-0.1858265055974327,9.246364455337222e-07,30
model_2,0.95,-0.2,2.0,9,-0.18607428152975922,1.9443054460293742e-07,30
model_2,0.95,-0.2,2.0,10,-0.18618792721370223,4.0880194887193454e-08,30
model_2,0.95,-0.2,2.0,11,-0.18624004328900162,8.59489797829458e-09,30
model_2,0.95,-0.2,2.0,12,-0.1862639409834395,1.8070034984000155e-09,30
model_2,0.95,-0.2,2.0,13,-0.18627489881194617,3.79903156506251e-10,30
model_2,0.95,-0.2,2.0,14,-0.1862799232297546,7.98702072874421e-11,30
model_2,0.95,-0.2,2.0,15,-0.18628222702389471,1.6791743994446147e-11,30
model_2,0.95,-0.2,2.0,16,-0.18628328335499936,3.5302574393843555e-12,30
model_2,0.95,-0.2,2.0,17,-0.18628376770105595,7.421928337135883e-13,30
model_2,0.95,-0.2,2.0,18,-0.18628398978192479,1.5603680462258021e-13,30
model_2,0.95,-0.2,2.0,19,-0.18628409160972942,3.280479278647949e-14,30
model_2,0.95,-0.2,2.0,20,-0.1862841382994791,6.896798397322051e-15,30
model_2,0.95,0.0,0.6,0,0.016666666666666666,0.24138888888888888,30
model_2,0.95,0.0,0.6,1,0.021978405423743585,0.3005443252119908,30
model_2,0.95,0.0,0.6,2,0.02598175389014185,0.36981190033587286,30
model_2,0.95,0.0,0.6,3,0.028125802205610236,0.41323208691235636,30
model_2,0.95,0.0,0.6,4,0.029023408009438294,0.4326199819037151,30
model_2,0.95,0.0,0.6,5,0.029354668439734413,0.439951204069049,30
model_2,0.95,0.0,0.6,6,0.02947078502737972,0.4425433159217721,30
model_2,0.95,0.0,0.6,7,0.02951072926527928,0.4434376744160783,30
model_2,0.95,0.0,0.6,8,0.02952438022397321,0.4437436347520265,30
model_2,0.95,0.0,0.6,9,0.02952903493588228,0.4438479977260598,30
model_2,0.95,0.0,0.6,10,0.02953062088015176,0.44388356030508014,30
model_2,0.95,0.0,0.6,11,0.029531161098069383,0.4438956744263977,30
model_2,0.95,0.0,0.6,12,0.029531345095258846,0.44389980052992495,30
model_2,0.95,0.0,0.6,13,0.029531407762439683,0.44390120583667436,30
model_2,0.95,0.0,0.6,14,0.029531429105889594,0.44390168446267647,30
model_2,0.95,0.0,0.6,15,0.029531436375105156,0.4439018474746298,30
model_2,0.95,0.0,0.6,16,0.02953143885087315,0.44390190299366794,30
model_2,0.95,0.0,0.6,17,0.029531439694076195,0.44390192190247746,30
model_2,0.95,0.0,0.6,18,0.029531439981256298,0.44390192834248476,30
model_2,0.95,0.0,0.6,19,0.029531440079064764,0.44390193053583754,30
model_2,0.95,0.0,0.6,20,0.02953144011237662,0.4439019312828548,30
model_2,0.95,0.0,0.95,0,0.016666666666666666,0.24138888888888888,30
model_2,0.95,0.0,0.95,1,0.015403905242000327,0.16963878986952347,30
model_2,0.95,0.0,0.95,2,0.01439360601983654,0.13554918952733525,30
model_2,0.95,0.0,0.95,3,0.013561044111735813,0.11429273729216155,30
model_2,0.95,0.0,0.95,4,0.01285929616357265,0.09936212891677527,30
model_2,0.95,0.0,0.95,5,0.012257184950198103,0.08814481422992293,30
model_2,0.95,0.0,0.95,6,0.011733063739630374,0.07934119896665963,30
model_2,0.95,0.0,0.95,7,0.011271362982179322,0.07221503481656749,30
model_2,0.95,0.0,0.95,8,0.010860554959868514,0.06631121771281735,30
model_2,0.95,0.0,0.95,9,0.010491895207235561,0.0613302829646008,30
model_2,0.95,0.0,0.95,10,0.010158612652577033,0.05706568378536639,30
model_2,0.95,0.0,0.95,11,0.009855370695446916,0.05336962352747174,30
model_2,0.95,0.0,0.95,12,0.009577898120074221,0.050133167051702135,30
model_2,0.95,0.0,0.95,13,0.009322729950826702,0.0472740393755023,30
model_2,0.95,0.0,0.95,14,0.009087021494641157,0.04472881407423615,30
model_2,0.95,0.0,0.95,15,0.0088684123119065,0.04244773211554301,30
model_2,0.95,0.0,0.95,16,0.00866492499528122,0.04039116140834047,30
model_2,0.95,0.0,0.95,17,0.008474888688485064,0.038527115050395945,30
model_2,0.95,0.0,0.95,18,0.008296880496588551,0.03682947287956333,30
model_2,0.95,0.0,0.95,19,0.008129680039003665,0.03527668217261674,30
model_2,0.95,0.0,0.95,20,0.007972233794690349,0.033850792074128604,30
model_2,0.95,0.0,1.2999999999999998,0,0.016666666666666666,0.24138888888888888,30
model_2,0.95,0.0,1.2999999999999998,1,0.011664936818424924,0.1047710965740805,30
model_2,0.95,0.0,1.2999999999999998,2,0.008343285518383533,0.05133674666925833,30
model_2,0.95,0.0,1.2999999999999998,3,0.006029919689293251,0.026303388408361383,30
model_2,0.95,0.0,1.2999999999999998,4,0.004380989667695141,0.013754351526531004,30
model_2,0.95,0.0,1.2999999999999998,5,0.0031916844768939373,0.007265168363379398,30
model_2,0.95,0.0,1.2999999999999998,6,0.002328585784665549,0.0038574480441724074,30
model_2,0.95,0.0,1.2999999999999998,7,0.0017001821630969823,0.0020536739651647404,30
model_2,0.95,0.0,1.2999999999999998,8,0.0012418657595126023,0.0010949261624913214,30
model_2,0.95,0.0,1.2999999999999998,9,0.000907293126257273,0.0005842092497810237,30
model_2,0.95,0.0,1.2999999999999998,10,0.0006629344748544226,0.0003118371588374751,30
model_2,0.95,0.0,1.2999999999999998,11,0.0004844180097412831,0.00016648727855523535,30
model_2,0.95,0.0,1.2999999999999998,12,0.00035398446864132925,8.889641917785689e-05,30
model_2,0.95,0.0,1.2999999999999998,13,0.0002586757650224536,4.746944813068441e-05,30
model_2,0.95,0.0,1.2999999999999998,14,0.00018903026343120762,2.5348855391016403e-05,30
model_2,0.95,0.0,1.2999999999999998,15,0.00013813670942451525,1.3536616866274851e-05,30
model_2,0.95,0.0,1.2999999999999998,16,0.00010094574829295026,7.228796266311266e-06,30
model_2,0.95,0.0,1.2999999999999998,17,7.376792640206483e-05,3.860326191320553e-06,30
model_2,0.95,0.0,1.2999999999999998,18,5.390728383589671e-05,2.0614992493572317e-06,30
model_2,0.95,0.0,1.2999999999999998,19,3.939376600143133e-05,1.1008875938457585e-06,30
model_2,0.95,0.0,1.2999999999999998,20,2.8787744920721892e-05,5.878995188154767e-07,30
model_2,0.95,0.0,1.65,0,0.016666666666666666,0.24138888888888888,30
model_2,0.95,0.0,1.65,1,0.009339376098335609,0.06992455476219522,30
model_2,0.95,0.0,1.65,2,0.005331053215379337,0.02231009107844672,30
model_2,0.95,0.0,1.65,3,0.003060748401990465,0.007306596528552885,30
model_2,0.95,0.0,1.65,4,0.001760609102493508,0.0024125339287302426,30
model_2,0.95,0.0,1.65,5,0.001013371659337577,0.0007987021778881003,30
model_2,0.95,0.0,1.65,6,0.0005833968309118494,0.00026465263721289875,30
model_2,0.95,0.0,1.65,7,0.0003358837762660253,8.771891876265121e-05,30
model_2,0.95,0.0,1.65,8,0.00019338545905030666,2.9077157602163832e-05,30
model_2,0.95,0.0,1.65,9,0.00011134272898525311,9.638832432735667e-06,30
model_2,0.95,0.0,1.65,10,6.410634068273098e-05,3.1952252852607274e-06,30
model_2,0.95,0.0,1.65,11,3.69096962172651e-05,1.0592050789829785e-06,30
model_2,0.95,0.0,1.65,12,2.1251034336840687e-05,3.511228779307745e-07,30
model_2,0.95,0.0,1.65,13,1.2235443462590053e-05,1.1639608339582599e-07,30
model_2,0.95,0.0,1.65,14,7.044649161443613e-06,3.8584925120197506e-08,30
model_2,0.95,0.0,1.65,15,4.0560101032556995e-06,1.2790778399616354e-08,30
model_2,0.95,0.0,1.65,16,2.335278540477326e-06,4.240101901064136e-09,30
model_2,0.95,0.0,1.65,17,1.344554310430309e-06,1.4055801494654133e-09,30
model_2,0.95,0.0,1.65,18,7.741373300914253e-07,4.659453017177442e-10,30
model_2,0.95,0.0,1.65,19,4.4571543244368665e-07,1.5445936995167268e-10,30
model_2,0.95,0.0,1.65,20,2.566240368799081e-07,5.1202784709435226e-11,30
model_2,0.95,0.0,2.0,0,0.016666666666666666,0.24138888888888888,30
model_2,0.95,0.0,2.0,1,0.007771100301421311,0.04956740166683505,30
model_2,0.95,0.0,2.0,2,0.003676257666334363,0.010971774855332345,30
model_2,0.95,0.0,2.0,3,0.001744626720200489,0.0024650733099906437,30
model_2,0.95,0.0,2.0,4,0.0008285270043712526,0.0005556549208652456,30
model_2,0.95,0.0,2.0,5,0.00039353204195389976,0.00012534284547750156,30
model_2,0.95,0.0,2.0,6,0.00018692576046579478,2.827911592115042e-05,30
model_2,0.95,0.0,2.0,7,8.878952622655145e-05,6.380406119756601e-06,30
model_2,0.95,0.0,2.0,8,4.217500245219756e-05,1.4395755974094153e-06,30
model_2,0.95,0.0,2.0,9,2.003312375284949e-05,3.248040642947584e-07,30
model_2,0.95,0.0,2.0,10,9.515733524086596e-06,7.328390784989436e-08,30
model_2,0.95,0.0,2.0,11,4.51997339621831e-06,1.653468124250103e-08,30
model_2,0.95,0.0,2.0,12,2.1469873602445827e-06,3.7306374316133126e-09,30
model_2,0.95,0.0,2.0,13,1.0198189957770036e-06,8.41725069299636e-10,30
model_2,0.95,0.0,2.0,14,4.84414022946152e-07,1.8991421869849456e-10,30
model_2,0.95,0.0,2.0,15,2.3009666092477232e-07,4.2849395590859615e-11,30
model_2,0.95,0.0,2.0,16,1.0929591394888878e-07,9.66789488014199e-12,30
model_2,0.95,0.0,2.0,17,5.19155591109192e-08,2.1813187823568353e-12,30
model_2,0.95,0.0,2.0,18,2.4659890573985876e-08,4.92160050259168e-13,30
model_2,0.95,0.0,2.0,19,1.1713448018942548e-08,1.1104361134563963e-13,30
model_2,0.95,0.0,2.0,20,5.563887780131912e-09,2.5054214804276588e-14,30
model_2,0.95,0.20000000000000007,0.6,0,0.016666666666666666,0.24138888888888888,30
model_2,0.95,0.20000000000000007,0.6,1,0.24970467345652494,0.2811392137458262,30
model_2,0.95,0.20000000000000007,0.6,2,0.45922909770513926,0.314385335248589,30
model_2,0.95,0.20000000000000007,0.6,3,0.5846458449676132,0.31105953667982084,30
model_2,0.95,0.20000000000000007,0.6,4,0.6552349872644059,0.25361440386300715,30
model_2,0.95,0.20000000000000007,0.6,5,0.7291103793350433,0.1811042165440895,30
model_2,0.95,0.20000000000000007,0.6,6,0.8043889833500347,0.1404637694897127,30
model_2,0.95,0.20000000000000007,0.6,7,0.8440533098649762,0.1291907851228301,30
model_2,0.95,0.20000000000000007,0.6,8,0.8571613054589821,0.11783030670420175,30
model_2,0.95,0.20000000000000007,0.6,9,0.8650143459143497,0.10203073603186984,30
model_2,0.95,0.20000000000000007,0.6,10,0.8747603924565359,0.0805508017107919,30
model_2,0.95,0.20000000000000007,0.6,11,0.889735111615588,0.05194554449238429,30
model_2,0.95,0.20000000000000007,0.6,12,0.9121397188067288,0.020766334621334197,30
model_2,0.95,0.20000000000000007,0.6,13,0.9357910473487059,0.003092824732712247,30
model_2,0.95,0.20000000000000007,0.6,14,0.9474440978401096,0.00014428604608353806,30
model_2,0.95,0.20000000000000007,0.6,15,0.9501280293552107,3.87944748367128e-06,30
model_2,0.95,0.20000000000000007,0.6,16,0.9505732504280356,9.228069827680868e-08,30
model_2,0.95,0.20000000000000007,0.6,17,0.9506420425906976,2.151319976075284e-09,30
model_2,0.95,0.20000000000000007,0.6,18,0.9506525490770185,4.9997661929645746e-11,30
model_2,0.95,0.20000000000000007,0.6,19,0.9506541508404331,1.1614174067132601e-12,30
model_2,0.95,0.20000000000000007,0.6,20,0.9506543949700735,2.6977118127079074e-14,30
model_2,0.95,0.20000000000000007,0.95,0,0.016666666666666666,0.24138888888888888,30
model_2,0.95,0.20000000000000007,0.95,1,0.18805704294254305,0.16182287444951965,30
model_2,0.95,0.20000000000000007,0.95,2,0.338839016451034,0.11288329655647,30
model_2,0.95,0.20000000000000007,0.95,3,0.4645678766173685,0.07354939167013769,30
model_2,0.95,0.20000000000000007,0.95,4,0.5623234971893287,0.04195827265564346,30
model_2,0.95,0.20000000000000007,0.95,5,0.6330792651100456,0.020065305070285547,30
model_2,0.95,0.20000000000000007,0.95,6,0.6802777668474458,0.007856473410094163,30
model_2,0.95,0.20000000000000007,0.95,7,0.708936239202349,0.002503898342618095,30
model_2,0.95,0.20000000000000007,0.95,8,0.7247585170203122,0.0006676847921677277,30
model_2,0.95,0.20000000000000007,0.95,9,0.7328180023450664,0.00015730177824655278,30
model_2,0.95,0.20000000000000007,0.95,10,0.7367015533725841,3.450043287598007e-05,30
model_2,0.95,0.20000000000000007,0.95,11,0.738513840104693,7.294204270484183e-06,30
model_2,0.95,0.20000000000000007,0.95,12,0.7393457510100725,1.5152029013055531e-06,30
model_2,0.95,0.20000000000000007,0.95,13,0.7397246197409555,3.121755306860352e-07,30
model_2,0.95,0.20000000000000007,0.95,14,0.7398965294053924,6.407568957991902e-08,30
model_2,0.95,0.20000000000000007,0.95,15,0.7399744008580036,1.3129384390017889e-08,30
model_2,0.95,0.20000000000000007,0.95,16,0.7400096478813437,2.6881796015376196e-09,30
model_2,0.95,0.20000000000000007,0.95,17,0.7400255962110648,5.501986277139411e-10,30
model_2,0.95,0.20000000000000007,0.95,18,0.7400328112618373,1.1259305818213861e-10,30
model_2,0.95,0.20000000000000007,0.95,19,0.7400360751294969,2.3039468654901495e-11,30
model_2,0.95,0.20000000000000007,0.95,20,0.7400375515553723,4.714321069249295e-12,30
model_2,0.95,0.20000000000000007,1.2999999999999998,0,0.016666666666666666,0.24138888888888888,30
model_2,0.95,0.20000000000000007,1.2999999999999998,1,0.14833590124960974,0.10143838253928716,30
model_2,0.95,0.20000000000000007,1.2999999999999998,2,0.24519959326902818,0.045483513505934665,30
model_2,0.95,0.20000000000000007,1.2999999999999998,3,0.31484489234472873,0.019894241689225572,30
model_2,0.95,0.20000000000000007,1.2999999999999998,4,0.36291652465024377,0.008266525151880975,30
model_2,0.95,0.20000000000000007,1.2999999999999998,5,0.3947030715864851,0.0032545842981584897,30
model_2,0.95,0.20000000000000007,1.2999999999999998,6,0.41494763780741845,0.0012244144120613838,30
model_2,0.95,0.20000000000000007,1.2999999999999998,7,0.42747267954480167,0.00044540876882818124,30
model_2,0.95,0.20000000000000007,1.2999999999999998,8,0.4350647801502805,0.0001583714476113862,30
model_2,0.95,0.20000000000000007,1.2999999999999998,9,0.43960497194294945,5.549275532375754e-05,30
model_2,0.95,0.20000000000000007,1.2999999999999998,10,0.4422970066633835,1.92690764227208e-05,30
model_2,0.95,0.20000000000000007,1.2999999999999998,11,0.4438848793970747,6.654331035906302e-06,30
model_2,0.95,0.20000000000000007,1.2999999999999998,12,0.4448185289385618,2.29047934347044e-06,30
model_2,0.95,0.20000000000000007,1.2999999999999998,13,0.4453664762141261,7.868764566219876e-07,30
model_2,0.95,0.20000000000000007,1.2999999999999998,14,0.4456877038913678,2.700166896697207e-07,30
model_2,0.95,0.20000000000000007,1.2999999999999998,15,0.4458758971955548,9.259405638426443e-08,30
model_2,0.95,0.20000000000000007,1.2999999999999998,16,0.4459861092732853,3.1739827071046595e-08,30
model_2,0.95,0.20000000000000007,1.2999999999999998,17,0.4460506385427035,1.0877416102177612e-08,30
model_2,0.95,0.20000000000000007,1.2999999999999998,18,0.44608841551897577,3.727247198184227e-09,30
model_2,0.95,0.20000000000000007,1.2999999999999998,19,0.446110529360184,1.2770745758936396e-09,30
model_2,0.95,0.20000000000000007,1.2999999999999998,20,0.4461234737502808,4.375464705225497e-10,30
model_2,0.95,0.20000000000000007,1.65,0,0.016666666666666666,0.24138888888888888,30
model_2,0.95,0.20000000000000007,1.65,1,0.12149239141066717,0.0683443996712202,30
model_2,0.95,0.20000000000000007,1.65,2,0.18508659369511124,0.02061095521330029,30
model_2,0.95,0.20000000000000007,1.65,3,0.22252939095501115,0.006178161023162545,30
model_2,0.95,0.20000000000000007,1.65,4,0.24383418651437153,0.001821823436825182,30
model_2,0.95,0.20000000000000007,1.65,5,0.25565029590487875,0.0005300313779245551,30
model_2,0.95,0.20000000000000007,1.65,6,0.26209718907352053,0.00015285473255421345,30
model_2,0.95,0.20000000000000007,1.65,7,0.26558073645822783,4.3852880222930364e-05,30
model_2,0.95,0.20000000000000007,1.65,8,0.26745280121222287,1.2544265694591103e-05,30
model_2,0.95,0.20000000000000007,1.65,9,0.2684558339572584,3.582560790039365e-06,30
model_2,0.95,0.20000000000000007,1.65,10,0.2689923730293447,1.022264095326556e-06,30
model_2,0.95,0.20000000000000007,1.65,11,0.26927912493304473,2.9156055724999426e-07,30
model_2,0.95,0.20000000000000007,1.65,12,0.2694323065856332,8.313523253224752e-08,30
model_2,0.95,0.20000000000000007,1.65,13,0.26951411495362726,2.3701888961915017e-08,30
model_2,0.95,0.20000000000000007,1.65,14,0.2695577997370921,6.756931718473533e-09,30
model_2,0.95,0.20000000000000007,1.65,15,0.269581125259518,1.9261911972048967e-09,30
model_2,0.95,0.20000000000000007,1.65,16,0.2695935794605612,5.490859536167254e-10,30
model_2,0.95,0.20000000000000007,1.65,17,0.26960022899817276,1.5652240383982137e-10,30
model_2,0.95,0.20000000000000007,1.65,18,0.2696037792753436,4.4618004176222843e-11,30
model_2,0.95,0.20000000000000007,1.65,19,0.26960567480476777,1.2718690873765503e-11,30
model_2,0.95,0.20000000000000007,1.65,20,0.2696066868442211,3.6255505004140963e-12,30
model_2,0.95,0.20000000000000007,2.0,0,0.016666666666666666,0.24138888888888888,30
model_2,0.95,0.20000000000000007,2.0,1,0.10246262399538256,0.04874316449472056,30
model_2,0.95,0.20000000000000007,2.0,2,0.14608448876688315,0.010394699164546098,30
model_2,0.95,0.20000000000000007,2.0,3,0.16741551532620325,0.002215563291577384,30
model_2,0.95,0.20000000000000007,2.0,4,0.17753333265321222,0.00046950837457064614,30
model_2,0.95,0.20000000000000007,2.0,5,0.1822501133381159,9.910454254275807e-05,30
model_2,0.95,0.20000000000000007,2.0,6,0.18442985957540797,2.0875451215208273e-05,30
model_2,0.95,0.20000000000000007,2.0,7,0.1854329602843244,4.392734136616637e-06,30
model_2,0.95,0.20000000000000007,2.0,8,0.18589367325332956,9.238999977197878e-07,30
model_2,0.95,0.20000000000000007,2.0,9,0.18610508135615866,1.9427546788114814e-07,30
model_2,0.95,0.20000000000000007,2.0,10,0.18620204993890935,4.084756806674391e-08,30
model_2,0.95,0.20000000000000007,2.0,11,0.18624651889711766,8.588036295412875e-09,30
model_2,0.95,0.20000000000000007,2.0,12,0.18626691017932773,1.8055606934244813e-09,30
model_2,0.95,0.20000000000000007,2.0,13,0.18627626024226668,3.79599803390957e-10,30
model_2,0.95,0.20000000000000007,2.0,14,0.18628054746918302,7.980642902028209e-11,30
model_2,0.95,0.20000000000000007,2.0,15,0.18628251324826692,1.6778335211288554e-11,30
model_2,0.95,0.20000000000000007,2.0,16,0.18628341459368145,3.527438391023775e-12,30
model_2,0.95,0.20000000000000007,2.0,17,0.18628382787618544,7.416001621518245e-13,30
model_2,0.95,0.20000000000000007,2.0,18,0.18628401737322534,1.5591220264582892e-13,30
model_2,0.95,0.20000000000000007,2.0,19,0.18628410426080047,3.277859676904565e-14,30
model_2,0.95,0.20000000000000007,2.0,20,0.186284144100206,6.891291019142366e-15,30
model_2,0.95,0.4,0.6,0,0.016666666666666666,0.24138888888888888,30
model_2,0.95,0.4,0.6,1,0.45395926775387324,0.2308135489908011,30
model_2,0.95,0.4,0.6,2,0.7479001974180687,0.14209828373728187,30
model_2,0.95,0.4,0.6,3,0.8865086421861917,0.0628090750636662,30
model_2,0.95,0.4,0.6,4,0.9453145548013769,0.011784321248522323,30
model_2,0.95,0.4,0.6,5,0.9716927118752132,0.0002825690513592385,30
model_2,0.95,0.4,0.6,6,0.9759553242765165,1.916063637559621e-06,30
model_2,0.95,0.4,0.6,7,0.9763080188204348,1.068867451818995e-08,30
model_2,0.95,0.4,0.6,8,0.976334371066532,5.868237509893806e-11,30
model_2,0.95,0.4,0.6,9,0.9763363237038791,3.217912688372093e-13,30
model_2,0.95,0.4,0.6,10,0.9763364682997095,1.7644221666099034e-15,30
model_2,0.95,0.4,0.6,11,0.9763364790067628,9.674486411999651e-18,30
model_2,0.95,0.4,0.6,12,0.9763364797995975,5.3046055927105427e-20,30
model_2,0.95,0.4,0.6,13,0.9763364798583052,2.9085720832061386e-22,30
model_2,0.95,0.4,0.6,14,0.9763364798626524,1.5947321019577754e-24,30
model_2,0.95,0.4,0.6,15,0.9763364798629742,8.742714506403675e-27,30
model_2,0.95,0.4,0.6,16,0.976336479862998,4.71730604021069e-29,30
model_2,0.95,0.4,0.6,17,0.9763364798629998,1.9639349619564773e-31,30
model_2,0.95,0.4,0.6,18,0.9763364798629999,0.0,30
model_2,0.95,0.4,0.6,19,0.9763364798629999,0.0,30
model_2,0.95,0.4,0.6,20,0.9763364798629999,0.0,30
model_2,0.95,0.4,0.95,0,0.016666666666666666,0.24138888888888888,30
model_2,0.95,0.4,0.95,1,0.3506506085790572,0.14092610816781584,30
model_2,0.95,0.4,0.95,2,0.5997078919977737,0.06539179547653177,30
model_2,0.95,0.4,0.95,3,0.7482775787369753,0.01943914013419026,30
model_2,0.95,0.4,0.95,4,0.8183308641659387,0.003324165570803205,30
model_2,0.95,0.4,0.95,5,0.8444243203399151,0.0003493707663119116,30
model_2,0.95,0.4,0.95,6,0.8524837590283798,2.8441805331897798e-05,30
model_2,0.95,0.4,0.95,7,0.8547466360924904,2.1170696977368845e-06,30
model_2,0.95,0.4,0.95,8,0.8553611777095781,1.5352200947429707e-07,30
model_2,0.95,0.4,0.95,9,0.8555264588809369,1.105333272704559e-08,30
model_2,0.95,0.4,0.95,10,0.8555707929626137,7.942847856100863e-10,30
model_2,0.95,0.4,0.95,11,0.8555826763370515,5.704713832346748e-11,30
model_2,0.95,0.4,0.95,12,0.8555858609599988,4.096670737554964e-12,30
model_2,0.95,0.4,0.95,13,0.8555867143622519,2.941792673775165e-13,30
model_2,0.95,0.4,0.95,14,0.8555869430503312,2.1124611198797633e-14,30
model_2,0.95,0.4,0.95,15,0.8555870043321512,1.5169254043873424e-15,30
model_2,0.95,0.4,0.95,16,0.8555870207538979,1.0892797046157308e-16,30
model_2,0.95,0.4,0.95,17,0.8555870251544476,7.821940634498847e-18,30
model_2,0.95,0.4,0.95,18,0.8555870263336667,5.616808655343442e-19,30
model_2,0.95,0.4,0.95,19,0.855587026649663,4.0333386429801504e-20,30
model_2,0.95,0.4,0.95,20,0.8555870267343408,2.8962777196859167e-21,30
model_2,0.95,0.4,1.2999999999999998,0,0.016666666666666666,0.24138888888888888,30
model_2,0.95,0.4,1.2999999999999998,1,0.2799041137072802,0.092204660036295,30
model_2,0.95,0.4,1.2999999999999998,2,0.45513575706611054,0.031879787213484174,30
model_2,0.95,0.4,1.2999999999999998,3,0.5587015802450425,0.008922953330507641,30
model_2,0.95,0.4,1.2999999999999998,4,0.6125869406341139,0.0020377392623442585,30
model_2,0.95,0.4,1.2999999999999998,5,0.6379178577813305,0.00040436843960570926,30
model_2,0.95,0.4,1.2999999999999998,6,0.6490888162800507,7.429992980142773e-05,30
model_2,0.95,0.4,1.2999999999999998,7,0.6538534221615554,1.3162303353745173e-05,30
model_2,0.95,0.4,1.2999999999999998,8,0.6558543230790244,2.294457370673205e-06,30
model_2,0.95,0.4,1.2999999999999998,9,0.6566889302522415,3.9723578053928906e-07,30
model_2,0.95,0.4,1.2999999999999998,10,0.657036058994295,6.857508916035407e-08,30
model_2,0.95,0.4,1.2999999999999998,11,0.6571802626350726,1.1823962923943694e-08,30
model_2,0.95,0.4,1.2999999999999998,12,0.6572401374304576,2.0377126295845187e-09,30
model_2,0.95,0.4,1.2999999999999998,13,0.6572649928615497,3.511015595611409e-10,30
model_2,0.95,0.4,1.2999999999999998,14,0.6572753100400606,6.049022343187633e-11,30
model_2,0.95,0.4,1.2999999999999998,15,0.6572795924178111,1.0421304768741904e-11,30
model_2,0.95,0.4,1.2999999999999998,16,0.6572813698887986,1.7953642055642856e-12,30
model_2,0.95,0.4,1.2999999999999998,17,0.6572821076526579,3.0930030873891455e-13,30
model_2,0.95,0.4,1.2999999999999998,18,0.6572824138709403,5.328525332254352e-14,30
model_2,0.95,0.4,1.2999999999999998,19,0.6572825409706011,9.179800750926419e-15,30
model_2,0.95,0.4,1.2999999999999998,20,0.6572825937248538,1.581463901917839e-15,30
model_2,0.95,0.4,1.65,0,0.016666666666666666,0.24138888888888888,30
model_2,0.95,0.4,1.65,1,0.23076923273380479,0.06386759320764061,30
model_2,0.95,0.4,1.65,2,0.35238447215177815,0.01632176157135643,30
model_2,0.95,0.4,1.65,3,0.41621554188996424,0.00380014101761214,30
model_2,0.95,0.4,1.65,4,0.44744779790289374,0.0008226070921707846,30
model_2,0.95,0.4,1.65,5,0.46205435982445164,0.00017063535709347912,30
model_2,0.95,0.4,1.65,6,0.46872030162046824,3.4636315965323606e-05,30
model_2,0.95,0.4,1.65,7,0.4717260530813721,6.958728775034723e-06,30
model_2,0.95,0.4,1.65,8,0.4730737938518655,1.3914886864745034e-06,30
model_2,0.95,0.4,1.65,9,0.4736765597972397,2.776538684188874e-07,30
model_2,0.95,0.4,1.65,10,0.4739458314048717,5.5349321509253e-08,30
model_2,0.95,0.4,1.65,11,0.4740660600929315,1.1028970593791227e-08,30
model_2,0.95,0.4,1.65,12,0.47411972932152185,2.1972253261695995e-09,30
model_2,0.95,0.4,1.65,13,0.4741436844109018,4.3770058273788175e-10,30
model_2,0.95,0.4,1.65,14,0.47415437619634443,8.718928105328156e-11,30
model_2,0.95,0.4,1.65,15,0.4741591481228379,1.7367674780657628e-11,30
model_2,0.95,0.4,1.65,16,0.4741612778956072,3.4595288860115293e-12,30
model_2,0.95,0.4,1.65,17,0.47416222843696126,6.891135223733964e-13,30
model_2,0.95,0.4,1.65,18,0.47416265267339974,1.3726629951098244e-13,30
model_2,0.95,0.4,1.65,19,0.47416284201435577,2.7342409702437326e-14,30
model_2,0.95,0.4,1.65,20,0.47416292651908326,5.4463997844677945e-15,30
model_2,0.95,0.4,2.0,0,0.016666666666666666,0.24138888888888888,30
model_2,0.95,0.4,2.0,1,0.19539837036174984,0.046374041938582064,30
model_2,0.95,0.4,2.0,2,0.2820973630616349,0.008859440119556304,30
model_2,0.95,0.4,2.0,3,0.3215391983949301,0.0016208262421738614,30
model_2,0.95,0.4,2.0,4,0.33868643998815334,0.000288215192533937,30
model_2,0.95,0.4,2.0,5,0.3459657033837165,5.053035272611478e-05,30
model_2,0.95,0.4,2.0,6,0.3490220664813603,8.803040869061211e-06,30
model_2,0.95,0.4,2.0,7,0.35029921972824757,1.5294311572242818e-06,30
model_2,0.95,0.4,2.0,8,0.3508318166155618,2.6541660252844756e-07,30
model_2,0.95,0.4,2.0,9,0.3510537301770045,4.6038090979038586e-08,30
model_2,0.95,0.4,2.0,10,0.3511461604668898,7.983978020070309e-09,30
model_2,0.95,0.4,2.0,11,0.35118465333389925,1.3844746745281689e-09,30
model_2,0.95,0.4,2.0,12,0.3512006828096195,2.400687105076878e-10,30
model_2,0.95,0.4,2.0,13,0.35120735774673867,4.1627449102617885e-11,30
model_2,0.95,0.4,2.0,14,0.35121013727040495,7.218075352902671e-12,30
model_2,0.95,0.4,2.0,15,0.3512112946921345,1.2515895581187333e-12,30
model_2,0.95,0.4,2.0,16,0.3512117766533361,2.1702111756680543e-13,30
model_2,0.95,0.4,2.0,17,0.35121197734631915,3.763066300560222e-14,30
model_2,0.95,0.4,2.0,18,0.35121206091665697,6.5250172765150896e-15,30
model_2,0.95,0.4,2.0,19,0.3512120957160822,1.1314136885029064e-15,30
model_2,0.95,0.4,2.0,20,0.3512121102068687,1.9618291272375195e-16,30
model_2,1.2,-0.4,0.6,0,0.016666666666666666,0.24138888888888888,30
model_2,1.2,-0.4,0.6,1,-0.3717634814590959,0.3223389956369845,30
model_2,1.2,-0.4,0.6,2,-0.6279569079421559,0.2989252385554741,30
model_2,1.2,-0.4,0.6,3,-0.7870687262615317,0.18768689207900818,30
model_2,1.2,-0.4,0.6,4,-0.8724268697374622,0.16638143889764828,30
model_2,1.2,-0.4,0.6,5,-0.886041566581698,0.15023597651668893,30
model_2,1.2,-0.4,0.6,6,-0.8952165292213888,0.12573653259171286,30
model_2,1.2,-0.4,0.6,7,-0.9110699526638086,0.08721869527296212,30
model_2,1.2,-0.4,0.6,8,-0.9421182132854048,0.03209768188016762,30
model_2,1.2,-0.4,0.6,9,-0.9797830151992976,0.0014614991450709405,30
model_2,1.2,-0.4,0.6,10,-0.9894414765559459,4.37189864615827e-06,30
model_2,1.2,-0.4,0.6,11,-0.9899776818803742,7.159205578672455e-09,30
model_2,1.2,-0.4,0.6,12,-0.9899993948168868,1.1355045350682813e-11,30
model_2,1.2,-0.4,0.6,13,-0.9900002595701233,1.798675086653664e-14,30
model_2,1.2,-0.4,0.6,14,-0.9900002939872476,2.849011859739104e-17,30
model_2,1.2,-0.4,0.6,15,-0.9900002953570105,4.512684318536352e-20,30
model_2,1.2,-0.4,0.6,16,-0.9900002954115255,7.14782751653754e-23,30
model_2,1.2,-0.4,0.6,17,-0.990000295413695,1.132187962315169e-25,30
model_2,1.2,-0.4,0.6,18,-0.9900002954137814,1.7892104887511192e-28,30
model_2,1.2,-0.4,0.6,19,-0.9900002954137849,2.777447770465646e-31,30
model_2,1.2,-0.4,0.6,20,-0.990000295413785,8.217301096052206e-34,30
model_2,1.2,-0.4,0.95,0,0.016666666666666666,0.24138888888888888,30
model_2,1.2,-0.4,0.95,1,-0.29697527266825907,0.20253216688754871,30
model_2,1.2,-0.4,0.95,2,-0.5630675134415506,0.14401262827000608,30
model_2,1.2,-0.4,0.95,3,-0.7429550830519959,0.07184853807265763,30
model_2,1.2,-0.4,0.95,4,-0.8454194971541898,0.02503098996363238,30
model_2,1.2,-0.4,0.95,5,-0.8940231627383742,0.004436007836229556,30
model_2,1.2,-0.4,0.95,6,-0.9125958291374019,0.00032846765219268125,30
model_2,1.2,-0.4,0.95,7,-0.9175495996764215,1.5110542245304625e-05,30
model_2,1.2,-0.4,0.95,8,-0.918608185931864,6.063098049414239e-07,30
model_2,1.2,-0.4,0.95,9,-0.9188200829631998,2.361865583435692e-08,30
model_2,1.2,-0.4,0.95,10,-0.918861899181546,9.146112369304515e-10,30
model_2,1.2,-0.4,0.95,11,-0.9188701277363173,3.537599442737018e-11,30
model_2,1.2,-0.4,0.95,12,-0.9188717460298291,1.3679825752418072e-12,30
model_2,1.2,-0.4,0.95,13,-0.9188720642610526,5.289720982770308e-14,30
model_2,1.2,-0.4,0.95,14,-0.9188721268386375,2.045413359629603e-15,30
model_2,1.2,-0.4,0.95,15,-0.9188721391439584,7.909128852942299e-17,30
model_2,1.2,-0.4,0.95,16,-0.9188721415636872,3.0582715569710363e-18,30
model_2,1.2,-0.4,0.95,17,-0.9188721420395047,1.1825606227114822e-19,30
model_2,1.2,-0.4,0.95,18,-0.91887214213307,4.572682041949562e-21,30
model_2,1.2,-0.4,0.95,19,-0.9188721421514686,1.768143809079765e-22,30
model_2,1.2,-0.4,0.95,20,-0.9188721421550866,6.837018796575011e-24,30
model_2,1.2,-0.4,1.2999999999999998,0,0.016666666666666666,0.24138888888888888,30
model_2,1.2,-0.4,1.2999999999999998,1,-0.24261828082988973,0.13609727328010046,30
model_2,1.2,-0.4,1.2999999999999998,2,-0.4496934715710783,0.07149025383943122,30
model_2,1.2,-0.4,1.2999999999999998,3,-0.5964129321096251,0.029767662805181543,30
model_2,1.2,-0.4,1.2999999999999998,4,-0.6860576656360972,0.009131660911337115,30
model_2,1.2,-0.4,1.2999999999999998,5,-0.7329500435661334,0.0020660263218889277,30
model_2,1.2,-0.4,1.2999999999999998,6,-0.7543188114178853,0.00037106283232073297,30
model_2,1.2,-0.4,1.2999999999999998,7,-0.7631613653074367,5.846304849197969e-05,30
model_2,1.2,-0.4,1.2999999999999998,8,-0.7666335559880716,8.673800410606909e-06,30
model_2,1.2,-0.4,1.2999999999999998,9,-0.7679651034389263,1.255548808770276e-06,30
model_2,1.2,-0.4,1.2999999999999998,10,-0.7684708412347697,1.8000420488392076e-07,30
model_2,1.2,-0.4,1.2999999999999998,11,-0.7686622078054973,2.5711982904806285e-08,30
model_2,1.2,-0.4,1.2999999999999998,12,-0.7687345155645725,3.667609032804515e-09,30
model_2,1.2,-0.4,1.2999999999999998,13,-0.7687618221837305,5.228793740247064e-10,30
model_2,1.2,-0.4,1.2999999999999998,14,-0.7687721322580754,7.453040507117308e-11,30
model_2,1.2,-0.4,1.2999999999999998,15,-0.7687760246985229,1.0622647899933152e-11,30
model_2,1.2,-0.4,1.2999999999999998,16,-0.7687774941980047,1.5139786753346245e-12,30
model_2,1.2,-0.4,1.2999999999999998,17,-0.7687780489668903,2.157754710625288e-13,30
model_2,1.2,-0.4,1.2999999999999998,18,-0.7687782584036648,3.0752656051587694e-14,30
model_2,1.2,-0.4,1.2999999999999998,19,-0.7687783374702716,4.382909715848858e-15,30
model_2,1.2,-0.4,1.2999999999999998,20,-0.7687783673194929,6.246578001329552e-16,30
model_2,1.2,-0.4,1.65,0,0.016666666666666666,0.24138888888888888,30
model_2,1.2,-0.4,1.65,1,-0.2030611959648216,0.09613821332198143,30
model_2,1.2,-0.4,1.65,2,-0.35669443133903683,0.03764632255111397,30
model_2,1.2,-0.4,1.65,3,-0.4566393867588604,0.013046413155277532,30
model_2,1.2,-0.4,1.65,4,-0.516103398517299,0.003942099091079789,30
model_2,1.2,-0.4,1.65,5,-0.5487793589408875,0.0010665018625436408,30
model_2,1.2,-0.4,1.65,6,-0.5657281246762513,0.00026832819623858573,30
model_2,1.2,-0.4,1.65,7,-0.5742100776989821,6.476003917865592e-05,30
model_2,1.2,-0.4,1.65,8,-0.5783712398548059,1.5290539283035082e-05,30
model_2,1.2,-0.4,1.65,9,-0.5803917017172471,3.570596064641945e-06,30
model_2,1.2,-0.4,1.65,10,-0.5813676950378998,8.292750553328379e-07,30
model_2,1.2,-0.4,1.65,11,-0.581837963240738,1.9209197578938326e-07,30
model_2,1.2,-0.4,1.65,12,-0.5820642775090478,4.44391110376997e-08,30
model_2,1.2,-0.4,1.65,13,-0.582173125685412,1.0274347876107265e-08,30
model_2,1.2,-0.4,1.65,14,-0.5822254624081992,2.3747316962808866e-09,30
model_2,1.2,-0.4,1.65,15,-0.5822506236628618,5.487985643419996e-10,30
model_2,1.2,-0.4,1.65,16,-0.5822627193180816,1.2681821535126366e-10,30
model_2,1.2,-0.4,1.65,17,-0.5822685338227435,2.930461410287265e-11,30
model_2,1.2,-0.4,1.65,18,-0.5822713288717157,6.771478458490578e-12,30
model_2,1.2,-0.4,1.65,19,-0.5822726724498738,1.5646877799233576e-12,30
model_2,1.2,-0.4,1.65,20,-0.5822733183047124,3.6155160321417443e-13,30
model_2,1.2,-0.4,2.0,0,0.016666666666666666,0.24138888888888888,30
model_2,1.2,-0.4,2.0,1,-0.1736360586711456,0.07078061513201708,30
model_2,1.2,-0.4,2.0,2,-0.28867801604651666,0.020958448071079154,30
model_2,1.2,-0.4,2.0,3,-0.3545127414149677,0.0058370082769895375,30
model_2,1.2,-0.4,2.0,4,-0.3900830169262475,0.0015332301720092764,30
model_2,1.2,-0.4,2.0,5,-0.40851351377019934,0.0003870953264134945,30
model_2,1.2,-0.4,2.0,6,-0.41782166025950823,9.551239030629574e-05,30
model_2,1.2,-0.4,2.0,7,-0.42245656580505553,2.327969747008592e-05,30
model_2,1.2,-0.4,2.0,8,-0.424747481704923,5.638570568582305e-06,30
model_2,1.2,-0.4,2.0,9,-0.4258755947232272,1.3614279941559209e-06,30
model_2,1.2,-0.4,2.0,10,-0.4264300753132288,3.2820340461010285e-07,30
model_2,1.2,-0.4,2.0,11,-0.42670235781313676,7.906012538417669e-08,30
model_2,1.2,-0.4,2.0,12,-0.42683600380475006,1.9037400165932502e-08,30
model_2,1.2,-0.4,2.0,13,-0.42690158740100287,4.58328729635464e-09,30
model_2,1.2,-0.4,2.0,14,-0.4269337674664461,1.1033337609024437e-09,30
model_2,1.2,-0.4,2.0,15,-0.42694955648944616,2.655934077096904e-10,30
model_2,1.2,-0.4,2.0,16,-0.42695730310721663,6.393197704719534e-11,30
model_2,1.2,-0.4,2.0,17,-0.42696110380531044,1.5389138121266214e-11,30
model_2,1.2,-0.4,2.0,18,-0.42696296851770865,3.704317161126782e-12,30
model_2,1.2,-0.4,2.0,19,-0.4269638833868723,8.916633224989098e-13,30
model_2,1.2,-0.4,2.0,20,-0.426964332241241,2.146313163755203e-13,30
model_2,1.2,-0.2,0.6,0,0.016666666666666666,0.24138888888888888,30
model_2,1.2,-0.2,0.6,1,-0.18070239620721623,0.3647935791714744,30
model_2,1.2,-0.2,0.6,2,-0.365006968836876,0.5269054595640188,30
model_2,1.2,-0.2,0.6,3,-0.43219719340796453,0.6544018912088078,30
model_2,1.2,-0.2,0.6,4,-0.4292406262859661,0.703510291318005,30
model_2,1.2,-0.2,0.6,5,-0.4223131233390323,0.7249362837862173,30
model_2,1.2,-0.2,0.6,6,-0.41881609716665685,0.7343320264394637,30
model_2,1.2,-0.2,0.6,7,-0.4173467889131653,0.7382027748599931,30
model_2,1.2,-0.2,0.6,8,-0.4167620799725684,0.7397394982843292,30
model_2,1.2,-0.2,0.6,9,-0.4165337472588591,0.7403396201420608,30
model_2,1.2,-0.2,0.6,10,-0.4164451956030793,0.7405724047768403,30
model_2,1.2,-0.2,0.6,11,-0.41641094237774473,0.7406624599482806,30
model_2,1.2,-0.2,0.6,12,-0.4163977056767121,0.7406972623652153,30
model_2,1.2,-0.2,0.6,13,-0.41639259245116306,0.7407107065339024,30
model_2,1.2,-0.2,0.6,14,-0.41639061754030665,0.7407158991982948,30
model_2,1.2,-0.2,0.6,15,-0.41638985480135715,0.7407179046867248,30
model_2,1.2,-0.2,0.6,16,-0.41638956022692325,0.7407186792196165,30
model_2,1.2,-0.2,0.6,17,-0.4163894464614204,0.7407189783466258,30
model_2,1.2,-0.2,0.6,18,-0.41638940252499257,0.7407190938700012,30
model_2,1.2,-0.2,0.6,19,-0.41638938555669136,0.7407191384852709,30
model_2,1.2,-0.2,0.6,20,-0.4163893790035162,0.7407191557157341,30
model_2,1.2,-0.2,0.95,0,0.016666666666666666,0.24138888888888888,30
model_2,1.2,-0.2,0.95,1,-0.1422943753130554,0.22459203657239413,30
model_2,1.2,-0.2,0.95,2,-0.297830031964895,0.21892484205030285,30
model_2,1.2,-0.2,0.95,3,-0.43389555336998176,0.2070172138996203,30
model_2,1.2,-0.2,0.95,4,-0.5387571562766883,0.17659739949043896,30
model_2,1.2,-0.2,0.95,5,-0.6212994393229179,0.1296997428207974,30
model_2,1.2,-0.2,0.95,6,-0.6935108839542409,0.08465369398173009,30
model_2,1.2,-0.2,0.95,7,-0.752882669257907,0.05361179450043225,30
model_2,1.2,-0.2,0.95,8,-0.7940368883508463,0.03210252188446144,30
model_2,1.2,-0.2,0.95,9,-0.821463147832057,0.015119845573467901,30
model_2,1.2,-0.2,0.95,10,-0.84065893354174,0.004694440284887528,30
model_2,1.2,-0.2,0.95,11,-0.8524770927883597,0.0009153055611695317,30
model_2,1.2,-0.2,0.95,12,-0.8580774122043259,0.00012714271801068212,30
model_2,1.2,-0.2,0.95,13,-0.8602316574235116,1.4925306535907834e-05,30
model_2,1.2,-0.2,0.95,14,-0.8609783716333167,1.6410618703286566e-06,30
model_2,1.2,-0.2,0.95,15,-0.8612269537831581,1.7637807220714028e-07,30
model_2,1.2,-0.2,0.95,16,-0.8613085550031596,1.8813598317818518e-08,30
model_2,1.2,-0.2,0.95,17,-0.861335217201295,2.001788113602444e-09,30
model_2,1.2,-0.2,0.95,18,-0.8613439154072643,2.1281934471686479e-10,30
model_2,1.2,-0.2,0.95,19,-0.8613467516667117,2.2619804812606845e-11,30
model_2,1.2,-0.2,0.95,20,-0.8613476763463135,2.403969902651837e-12,30
model_2,1.2,-0.2,1.2999999999999998,0,0.016666666666666666,0.24138888888888888,30
model_2,1.2,-0.2,1.2999999999999998,1,-0.11581999890301135,0.14717647207232085,30
model_2,1.2,-0.2,1.2999999999999998,2,-0.23107248593533544,0.09747033648775422,30
model_2,1.2,-0.2,1.2999999999999998,3,-0.32999065085039925,0.06364723767162751,30
model_2,1.2,-0.2,1.2999999999999998,4,-0.41200601622000443,0.03912463586254947,30
model_2,1.2,-0.2,1.2999999999999998,5,-0.4770445338053598,0.021974304119045156,30
model_2,1.2,-0.2,1.2999999999999998,6,-0.5260397567023424,0.011101333089652625,30
model_2,1.2,-0.2,1.2999999999999998,7,-0.5609294763598378,0.005032550487794846,30
model_2,1.2,-0.2,1.2999999999999998,8,-0.5844076121673556,0.0020657234147349575,30
model_2,1.2,-0.2,1.2999999999999998,9,-0.5994213756726967,0.0007814133591348141,30
model_2,1.2,-0.2,1.2999999999999998,10,-0.6086361973521183,0.00027824537803584486,30
model_2,1.2,-0.2,1.2999999999999998,11,-0.6141255853945947,9.510331932346448e-05,30
model_2,1.2,-0.2,1.2999999999999998,12,-0.617331092759484,3.167362731251591e-05,30
model_2,1.2,-0.2,1.2999999999999998,13,-0.619179607970099,1.0384173539766439e-05,30
model_2,1.2,-0.2,1.2999999999999998,14,-0.620237554333725,3.373040044918575e-06,30
model_2,1.2,-0.2,1.2999999999999998,15,-0.6208403539121349,1.0897788190333001e-06,30
model_2,1.2,-0.2,1.2999999999999998,16,-0.6211829359295087,3.510075180062361e-07,30
model_2,1.2,-0.2,1.2999999999999998,17,-0.6213773444493496,1.1285750589987296e-07,30
model_2,1.2,-0.2,1.2999999999999998,18,-0.6214875746175923,3.625015659573016e-08,30
model_2,1.2,-0.2,1.2999999999999998,19,-0.6215500455190816,1.1637041465935669e-08,30
model_2,1.2,-0.2,1.2999999999999998,20,-0.6215854401243023,3.734524674068408e-09,30
model_2,1.2,-0.2,1.65,0,0.016666666666666666,0.24138888888888888,30
model_2,1.2,-0.2,1.65,1,-0.09673876216410326,0.10196340258052977,30
model_2,1.2,-0.2,1.65,2,-0.18049348854307792,0.046956669210049796,30
model_2,1.2,-0.2,1.65,3,-0.24193036836105997,0.021638651291586486,30
model_2,1.2,-0.2,1.65,4,-0.2858408216329693,0.009717640020083152,30
model_2,1.2,-0.2,1.65,5,-0.31628946625820015,0.0042254044004979155,30
model_2,1.2,-0.2,1.65,6,-0.3368212854229217,0.0017833397961179987,30
model_2,1.2,-0.2,1.65,7,-0.35035355087024017,0.0007349174321568657,30
model_2,1.2,-0.2,1.65,8,-0.3591208512235288,0.0002976014311648321,30
model_2,1.2,-0.2,1.65,9,-0.36473252061147154,0.00011905619484037172,30
model_2,1.2,-0.2,1.65,10,-0.3682949260267598,4.7243170240148484e-05,30
model_2,1.2,-0.2,1.65,11,-0.37054417476900214,1.8647577535822225e-05,30
model_2,1.2,-0.2,1.65,12,-0.3719593385052843,7.335433077221876e-06,30
model_2,1.2,-0.2,1.65,13,-0.37284772400206984,2.8793047282454e-06,30
model_2,1.2,-0.2,1.65,14,-0.3734046256310045,1.12863731726866e-06,30
model_2,1.2,-0.2,1.65,15,-0.3737534171168485,4.4202468324277317e-07,30
model_2,1.2,-0.2,1.65,16,-0.373971744534531,1.7302280608725608e-07,30
model_2,1.2,-0.2,1.65,17,-0.37410835908546614,6.770373890422746e-08,30
model_2,1.2,-0.2,1.65,18,-0.3741938242836383,2.6486803183087403e-08,30
model_2,1.2,-0.2,1.65,19,-0.37424728334443347,1.036068777232145e-08,30
model_2,1.2,-0.2,1.65,20,-0.3742807194424032,4.052391795333301e-09,30
model_2,1.2,-0.2,2.0,0,0.016666666666666666,0.24138888888888888,30
model_2,1.2,-0.2,2.0,1,-0.08260839005985847,0.0740301864196059,30
model_2,1.2,-0.2,2.0,2,-0.14482255859979185,0.02455080584755284,30
model_2,1.2,-0.2,2.0,3,-0.1832290887500893,0.008185041305568061,30
model_2,1.2,-0.2,2.0,4,-0.20633582910129558,0.0027023913944948766,30
model_2,1.2,-0.2,2.0,5,-0.21993712949633887,0.0008830024939622878,30
model_2,1.2,-0.2,2.0,6,-0.22782136577848752,0.00028630372854805767,30
model_2,1.2,-0.2,2.0,7,-0.23234699164369083,9.236639226998454e-05,30
model_2,1.2,-0.2,2.0,8,-0.2349293233379944,2.9707862996183306e-05,30
model_2,1.2,-0.2,2.0,9,-0.23639764902026056,9.53771019685905e-06,30
model_2,1.2,-0.2,2.0,10,-0.23723085231014338,3.0588779675017606e-06,30
model_2,1.2,-0.2,2.0,11,-0.23770310454453977,9.804364058743207e-07,30
model_2,1.2,-0.2,2.0,12,-0.23797059535114082,3.141434673200044e-07,30
model_2,1.2,-0.2,2.0,13,-0.2381220490608233,1.0063571619219363e-07,30
model_2,1.2,-0.2,2.0,14,-0.23820778404305695,3.223504778586639e-08,30
model_2,1.2,-0.2,2.0,15,-0.23825631105606138,1.0324697409304888e-08,30
model_2,1.2,-0.2,2.0,16,-0.23828377603306455,3.306823100699339e-09,30
model_2,1.2,-0.2,2.0,17,-0.23829931986306005,1.0590973551832955e-09,30
model_2,1.2,-0.2,2.0,18,-0.23830811671494195,3.392000236852065e-10,30
model_2,1.2,-0.2,2.0,19,-0.23831309513012672,1.0863582674483262e-10,30
model_2,1.2,-0.2,2.0,20,-0.2383159125520167,3.4792745019625356e-11,30
model_2,1.2,0.0,0.6,0,0.016666666666666666,0.24138888888888888,30
model_2,1.2,0.0,0.6,1,0.02538647186519216,0.37461320236640455,30
model_2,1.2,0.0,0.6,2,0.030308389133231424,0.4798505011796496,30
model_2,1.2,0.0,0.6,3,0.03162296622065605,0.5112919710902274,30
model_2,1.2,0.0,0.6,4,0.03186708076354143,0.5172831338158775,30
model_2,1.2,0.0,0.6,5,0.03190850510442104,0.518304517631587,30
model_2,1.2,0.0,0.6,6,0.031915419971978456,0.5184751484359136,30
model_2,1.2,0.0,0.6,7,0.03191657105268104,0.5185035561365211,30
model_2,1.2,0.0,0.6,8,0.03191676257810147,0.5185082829250918,30
model_2,1.2,0.0,0.6,9,0.03191679444307609,0.5185090693457268,30
model_2,1.2,0.0,0.6,10,0.03191679974453202,0.5185092001845836,30
model_2,1.2,0.0,0.6,11,0.03191680062654669,0.5185092219525288,30
model_2,1.2,0.0,0.6,12,0.031916800773289296,0.5185092255741075,30
model_2,1.2,0.0,0.6,13,0.03191680079770318,0.5185092261766372,30
model_2,1.2,0.0,0.6,14,0.03191680080176497,0.5185092262768812,30
model_2,1.2,0.0,0.6,15,0.031916800802440734,0.5185092262935591,30
model_2,1.2,0.0,0.6,16,0.031916800802553165,0.5185092262963339,30
model_2,1.2,0.0,0.6,17,0.031916800802571914,0.5185092262967955,30
model_2,1.2,0.0,0.6,18,0.03191680080257501,0.5185092262968723,30
model_2,1.2,0.0,0.6,19,0.03191680080257552,0.5185092262968851,30
model_2,1.2,0.0,0.6,20,0.03191680080257563,0.5185092262968872,30
model_2,1.2,0.0,0.95,0,0.016666666666666666,0.24138888888888888,30
model_2,1.2,0.0,0.95,1,0.01863794951642494,0.23189999581666765,30
model_2,1.2,0.0,0.95,2,0.02027796462685069,0.24353922493998986,30
model_2,1.2,0.0,0.95,3,0.02153381693727802,0.25772791528560635,30
model_2,1.2,0.0,0.95,4,0.022429896580444267,0.26974924348893875,30
model_2,1.2,0.0,0.95,5,0.023035214127457206,0.27860278140289235,30
model_2,1.2,0.0,0.95,6,0.023428377353825258,0.28463762783369884,30
model_2,1.2,0.0,0.95,7,0.023677048348654643,0.2885634315797585,30
model_2,1.2,0.0,0.95,8,0.02383163759298635,0.29104501059358795,30
model_2,1.2,0.0,0.95,9,0.023926695980999058,0.2925862705773478,30
model_2,1.2,0.0,0.95,10,0.023984752794523122,0.29353326075615527,30
model_2,1.2,0.0,0.95,11,0.02402006322760113,0.29411131139500524,30
model_2,1.2,0.0,0.95,12,0.024041484522590806,0.29446275526978055,30
model_2,1.2,0.0,0.95,13,0.024054459751780125,0.29467591109811375,30
model_2,1.2,0.0,0.95,14,0.024062311671752355,0.29480500431567364,30
model_2,1.2,0.0,0.95,15,0.024067060530660662,0.29488311770108433,30
model_2,1.2,0.0,0.95,16,0.02406993166122051,0.2949303582766003,30
model_2,1.2,0.0,0.95,17,0.024071667166992116,0.29495891868779356,30
model_2,1.2,0.0,0.95,18,0.02407271609198684,0.29497618218755095,30
model_2,1.2,0.0,0.95,19,0.024073350005066326,0.2949866159735724,30
model_2,1.2,0.0,0.95,20,0.02407373308992722,0.29499292153852685,30
model_2,1.2,0.0,1.2999999999999998,0,0.016666666666666666,0.24138888888888888,30
model_2,1.2,0.0,1.2999999999999998,1,0.014377908995852829,0.15095409934155232,30
model_2,1.2,0.0,1.2999999999999998,2,0.0126123775973914,0.10764952872606873,30
model_2,1.2,0.0,1.2999999999999998,3,0.011190809792007327,0.08120374732866684,30
model_2,1.2,0.0,1.2999999999999998,4,0.010011517585118387,0.06324658470903471,30
model_2,1.2,0.0,1.2999999999999998,5,0.009011686532620848,0.050297101638384016,30
model_2,1.2,0.0,1.2999999999999998,6,0.008149991420197567,0.04058805185128063,30
model_2,1.2,0.0,1.2999999999999998,7,0.007397885016033594,0.03310775441325577,30
model_2,1.2,0.0,1.2999999999999998,8,0.00673486001696173,0.027228265319617202,30
model_2,1.2,0.0,1.2999999999999998,9,0.006145701859014463,0.022536317735196047,30
model_2,1.2,0.0,1.2999999999999998,10,0.005618811926464636,0.018747548612640975,30
model_2,1.2,0.0,1.2999999999999998,11,0.005145140014589996,0.015659318361735057,30
model_2,1.2,0.0,1.2999999999999998,12,0.004717480293196267,0.013123089803288997,30
model_2,1.2,0.0,1.2999999999999998,13,0.004329992904778838,0.011027432561108922,30
model_2,1.2,0.0,1.2999999999999998,14,0.003977870424261054,0.009287129356087732,30
model_2,1.2,0.0,1.2999999999999998,15,0.0036571000631497133,0.007835949938034572,30
model_2,1.2,0.0,1.2999999999999998,16,0.00336429077166116,0.006621715401373391,30
model_2,1.2,0.0,1.2999999999999998,17,0.0030965453125571716,0.0056028402337623545,30
model_2,1.2,0.0,1.2999999999999998,18,0.0028513641108892504,0.004745855115421279,30
model_2,1.2,0.0,1.2999999999999998,19,0.002626571946546578,0.004023596988094135,30
model_2,1.2,0.0,1.2999999999999998,20,0.0024202613226497636,0.003413863235813778,30
model_2,1.2,0.0,1.65,0,0.016666666666666666,0.24138888888888888,30
model_2,1.2,0.0,1.65,1,0.0116137670846204,0.10395222545288058,30
model_2,1.2,0.0,1.65,2,0.00827012866324773,0.050516854734012163,30
model_2,1.2,0.0,1.65,3,0.005950202611159261,0.025660946257850127,30
model_2,1.2,0.0,1.65,4,0.004303271553162139,0.013299112796341446,30
model_2,1.2,0.0,1.65,5,0.0031204881287761445,0.006960690593208843,30
model_2,1.2,0.0,1.65,6,0.002265945845419533,0.0036615307394210956,30
model_2,1.2,0.0,1.65,7,0.0016466192795600168,0.0019310986920344551,30
model_2,1.2,0.0,1.65,8,0.0011970263400415885,0.0010198556625517544,30
model_2,1.2,0.0,1.65,9,0.0008703667291605137,0.0005389949155392816,30
model_2,1.2,0.0,1.65,10,0.0006329179071458876,0.00028496730881291357,30
model_2,1.2,0.0,1.65,11,0.0004602746759821456,0.0001506927122477934,30
model_2,1.2,0.0,1.65,12,0.00033473396645147997,7.969578492659615e-05,30
model_2,1.2,0.0,1.65,13,0.0002434385565325566,4.215049893694357e-05,30
model_2,1.2,0.0,1.65,14,0.0001770445580780248,2.2293739314868574e-05,30
model_2,1.2,0.0,1.65,15,0.0001287590381919094,1.1791523025496217e-05,30
model_2,1.2,0.0,1.65,16,9.364269052118217e-05,6.236780755400434e-06,30
model_2,1.2,0.0,1.65,17,6.810368016252344e-05,3.2987769373694027e-06,30
model_2,1.2,0.0,1.65,18,4.952991275685529e-05,1.7448031071391437e-06,30
model_2,1.2,0.0,1.65,19,3.602174071008305e-05,9.228697978526132e-07,30
model_2,1.2,0.0,1.65,20,2.619762421337916e-05,4.881291253754785e-07,30
model_2,1.2,0.0,2.0,0,0.016666666666666666,0.24138888888888888,30
model_2,1.2,0.0,2.0,1,0.009710420415053005,0.07513598926552721,30
model_2,1.2,0.0,2.0,2,0.005767636430492081,0.02587976357902211,30
model_2,1.2,0.0,2.0,3,0.0034482024349929974,0.009177060483955965,30
model_2,1.2,0.0,2.0,4,0.0020662687828055877,0.003286141707221213,30
model_2,1.2,0.0,2.0,5,0.0012391899289181606,0.0011807525136816534,30
model_2,1.2,0.0,2.0,6,0.0007433906746302065,0.0004247792382215877,30
model_2,1.2,0.0,2.0,7,0.00044600778556404356,0.00015288277382534282,30
model_2,1.2,0.0,2.0,8,0.000267598922354062,5.503290816552873e-05,30
model_2,1.2,0.0,2.0,9,0.0001605581116913557,1.981121324665424e-05,30
model_2,1.2,0.0,2.0,10,9.633459880769764e-05,7.131954647061279e-06,30
model_2,1.2,0.0,2.0,11,5.7800701352247094e-05,2.567493030192479e-06,30
model_2,1.2,0.0,2.0,12,3.468040829797125e-05,9.242961115795472e-07,30
model_2,1.2,0.0,2.0,13,2.080824227589003e-05,3.3274642141317277e-07,30
model_2,1.2,0.0,2.0,14,1.2484944781684012e-05,1.1978868854205396e-07,30
model_2,1.2,0.0,2.0,15,7.490966742892032e-06,4.312392487273873e-08,30
model_2,1.2,0.0,2.0,16,4.494580018484425e-06,1.5524612565078195e-08,30
model_2,1.2,0.0,2.0,17,2.696748005200552e-06,5.588860472996826e-09,30
model_2,1.2,0.0,2.0,18,1.618048801839874e-06,2.011989763743515e-09,30
model_2,1.2,0.0,2.0,19,9.708292808182268e-07,7.243163140999963e-10,30
model_2,1.2,0.0,2.0,20,5.824975684465272e-07,2.6075387296618264e-10,30
model_2,1.2,0.20000000000000007,0.6,0,0.016666666666666666,0.24138888888888888,30
model_2,1.2,0.20000000000000007,0.6,1,0.22913054977690234,0.35885850412030645,30
model_2,1.2,0.20000000000000007,0.6,2,0.42002493504016647,0.4995153789097654,30
model_2,1.2,0.20000000000000007,0.6,3,0.49062507663864735,0.6124616231620598,30
model_2,1.2,0.20000000000000007,0.6,4,0.48983289528600915,0.6564088855488994,30
model_2,1.2,0.20000000000000007,0.6,5,0.4840509083199278,0.6756155512011528,30
model_2,1.2,0.20000000000000007,0.6,6,0.48106906344044287,0.684041566243837,30
model_2,1.2,0.20000000000000007,0.6,7,0.47981209595887125,0.6875132094813008,30
model_2,1.2,0.20000000000000007,0.6,8,0.4793115720224597,0.6888915312585634,30
model_2,1.2,0.20000000000000007,0.6,9,0.47911608832560687,0.6894298000788284,30
model_2,1.2,0.20000000000000007,0.6,10,0.4790402739158582,0.6896385930163086,30
model_2,1.2,0.20000000000000007,0.6,11,0.47901094746403344,0.6897193668655336,30
model_2,1.2,0.20000000000000007,0.6,12,0.47899961462900004,0.6897505824710302,30
model_2,1.2,0.20000000000000007,0.6,13,0.4789952368486369,0.6897626410574608,30
model_2,1.2,0.20000000000000007,0.6,14,0.4789935459928012,0.6897672985560976,30
model_2,1.2,0.20000000000000007,0.6,15,0.4789928929599496,0.689769097355174,30
model_2,1.2,0.20000000000000007,0.6,16,0.47899264075467535,0.6897697920632788,30
model_2,1.2,0.20000000000000007,0.6,17,0.47899254335226454,0.6897700603617086,30
model_2,1.2,0.20000000000000007,0.6,18,0.47899250573529023,0.6897701639790329,30
model_2,1.2,0.20000000000000007,0.6,19,0.4789924912075696,0.689770203996171,30
model_2,1.2,0.20000000000000007,0.6,20,0.47899248559694907,0.6897702194508308,30
model_2,1.2,0.20000000000000007,0.95,0,0.016666666666666666,0.24138888888888888,30
model_2,1.2,0.20000000000000007,0.95,1,0.1784523548439699,0.22344796057262145,30
model_2,1.2,0.20000000000000007,0.95,2,0.333713123280989,0.2145126116381166,30
model_2,1.2,0.20000000000000007,0.95,3,0.4667037625014659,0.20011067919067205,30
model_2,1.2,0.20000000000000007,0.95,4,0.5663744306139556,0.17032439716563805,30
model_2,1.2,0.20000000000000007,0.95,5,0.6420166816845033,0.1262304187790561,30
model_2,1.2,0.20000000000000007,0.95,6,0.7065258273362646,0.08374877467318212,30
model_2,1.2,0.20000000000000007,0.95,7,0.7593713119163652,0.05371051957509255,30
model_2,1.2,0.20000000000000007,0.95,8,0.7966554294463465,0.032241991923106686,30
model_2,1.2,0.20000000000000007,0.95,9,0.8223934071255189,0.015167169290181599,30
model_2,1.2,0.20000000000000007,0.95,10,0.8409715769413082,0.004704340685412524,30
model_2,1.2,0.20000000000000007,0.95,11,0.8525800611255137,0.0009168030941686804,30
model_2,1.2,0.20000000000000007,0.95,12,0.858111092633282,0.00012732779996894154,30
model_2,1.2,0.20000000000000007,0.95,13,0.8602426491792197,1.4946097507366348e-05,30
model_2,1.2,0.20000000000000007,0.95,14,0.8609819561797086,1.6433135414106832e-06,30
model_2,1.2,0.20000000000000007,0.95,15,0.8612281224645304,1.7661886501812374e-07,30
model_2,1.2,0.20000000000000007,0.95,16,0.8613089360020588,1.883924053324947e-08,30
model_2,1.2,0.20000000000000007,0.95,17,0.8613353414065958,2.0045150070160215e-09,30
model_2,1.2,0.20000000000000007,0.95,18,0.8613439558977414,2.1310920249032834e-10,30
model_2,1.2,0.20000000000000007,0.95,19,0.8613467648664241,2.2650610993371082e-11,30
model_2,1.2,0.20000000000000007,0.95,20,0.8613476806493563,2.40724383675664e-12,30
model_2,1.2,0.20000000000000007,1.2999999999999998,0,0.016666666666666666,0.24138888888888888,30
model_2,1.2,0.20000000000000007,1.2999999999999998,1,0.14402808585470867,0.1468865500270587,30
model_2,1.2,0.20000000000000007,1.2999999999999998,2,0.25437406098034626,0.09681109587221101,30
model_2,1.2,0.20000000000000007,1.2999999999999998,3,0.34846334549330615,0.06290987786840907,30
model_2,1.2,0.20000000000000007,1.2999999999999998,4,0.4258954539127512,0.038563996139141465,30
model_2,1.2,0.20000000000000007,1.2999999999999998,5,0.4868830244234527,0.02165548274053267,30
model_2,1.2,0.20000000000000007,1.2999999999999998,6,0.5326072816519147,0.010957843109739901,30
model_2,1.2,0.20000000000000007,1.2999999999999998,7,0.5650921104970376,0.004978445633812617,30
model_2,1.2,0.20000000000000007,1.2999999999999998,8,0.5869424611551437,0.002047541185007326,30
model_2,1.2,0.20000000000000007,1.2999999999999998,9,0.6009225065275615,0.0007756518109265703,30
model_2,1.2,0.20000000000000007,1.2999999999999998,10,0.6095092838460291,0.00027645428282504196,30
model_2,1.2,0.20000000000000007,1.2999999999999998,11,0.6146278048141857,9.454587383019372e-05,30
model_2,1.2,0.20000000000000007,1.2999999999999998,12,0.617618090212325,3.1498789202407576e-05,30
model_2,1.2,0.20000000000000007,1.2999999999999998,13,0.6193429893194131,1.0328914532108266e-05,30
model_2,1.2,0.20000000000000007,1.2999999999999998,14,0.6203303594052219,3.355475434059857e-06,30
model_2,1.2,0.20000000000000007,1.2999999999999998,15,0.6208930035071598,1.0841749775889497e-06,30
model_2,1.2,0.20000000000000007,1.2999999999999998,16,0.6212127834034284,3.492155906853105e-07,30
model_2,1.2,0.20000000000000007,1.2999999999999998,17,0.621394258343027,1.122837342646429e-07,30
model_2,1.2,0.20000000000000007,1.2999999999999998,18,0.6214971571315915,3.606629254414265e-08,30
model_2,1.2,0.20000000000000007,1.2999999999999998,19,0.621555473752989,1.1578096150415894e-08,30
model_2,1.2,0.20000000000000007,1.2999999999999998,20,0.6215885148435857,3.7156224494619298e-09,30
model_2,1.2,0.20000000000000007,1.65,0,0.016666666666666666,0.24138888888888888,30
model_2,1.2,0.20000000000000007,1.65,1,0.11966884294251029,0.10186999333660386,30
model_2,1.2,0.20000000000000007,1.65,2,0.19624013161672288,0.046835641735179574,30
model_2,1.2,0.20000000000000007,1.65,3,0.25258161374797883,0.021552333387849183,30
model_2,1.2,0.20000000000000007,1.65,4,0.29291384876040644,0.009669976992943816,30
model_2,1.2,0.20000000000000007,1.65,5,0.3209075082811332,0.004202536159801859,30
model_2,1.2,0.20000000000000007,1.65,6,0.3397959404320851,0.0017732353853674848,30
model_2,1.2,0.20000000000000007,1.65,7,0.3522507355383496,0.0007306655901157623,30
model_2,1.2,0.20000000000000007,1.65,8,0.36032255914602657,0.00029586344721379876,30
model_2,1.2,0.20000000000000007,1.65,9,0.36549021751736105,0.00011835796440481555,30
model_2,1.2,0.20000000000000007,1.65,10,0.3687712393076101,4.6965563173303255e-05,30
model_2,1.2,0.20000000000000007,1.65,11,0.37084302629668564,1.8537900323613062e-05,30
model_2,1.2,0.20000000000000007,1.65,12,0.37214661691215856,7.292269204810951e-06,30
model_2,1.2,0.20000000000000007,1.65,13,0.3729649933866373,2.862357943527745e-06,30
model_2,1.2,0.20000000000000007,1.65,14,0.37347802131612934,1.1219935920763552e-06,30
model_2,1.2,0.20000000000000007,1.65,15,0.37379933944320265,4.3942250779162634e-07,30
model_2,1.2,0.20000000000000007,1.65,16,0.37400047179014906,1.7200418501606185e-07,30
model_2,1.2,0.20000000000000007,1.65,17,0.37412632760721204,6.730514238531484e-08,30
model_2,1.2,0.20000000000000007,1.65,18,0.3742050625152675,2.633086322324538e-08,30
model_2,1.2,0.20000000000000007,1.65,19,0.3742543118536801,1.0299689044579484e-08,30
model_2,1.2,0.20000000000000007,1.65,20,0.37428511501752965,4.0285331221361664e-09,30
model_2,1.2,0.20000000000000007,2.0,0,0.016666666666666666,0.24138888888888888,30
model_2,1.2,0.20000000000000007,2.0,1,0.10185253280919616,0.07399386731773723,30
model_2,1.2,0.20000000000000007,2.0,2,0.15599316196776275,0.024522389683772853,30
model_2,1.2,0.20000000000000007,2.0,3,0.18967702687219043,0.008171865927346844,30
model_2,1.2,0.20000000000000007,2.0,4,0.21003332765170046,0.0026973424861792363,30
model_2,1.2,0.20000000000000007,2.0,5,0.2220468022469953,0.0008812284324050982,30
model_2,1.2,0.20000000000000007,2.0,6,0.22902110165436887,0.00028570665322801865,30
model_2,1.2,0.20000000000000007,2.0,7,0.23302787603817307,9.216990618209417e-05,30
model_2,1.2,0.20000000000000007,2.0,8,0.23531527964535795,2.9643980052706416e-05,30
model_2,1.2,0.20000000000000007,2.0,9,0.23661627374084787,9.51707747820933e-06,30
model_2,1.2,0.20000000000000007,2.0,10,0.23735464245260943,3.0522386063531075e-06,30
model_2,1.2,0.20000000000000007,2.0,11,0.2377731812047523,9.78304347521869e-07,30
model_2,1.2,0.20000000000000007,2.0,12,0.23801026005180612,3.134596072422802e-07,30
model_2,1.2,0.20000000000000007,2.0,13,0.23814449836488233,1.0041651101472709e-07,30
model_2,1.2,0.20000000000000007,2.0,14,0.23822048929844133,3.2164809547569934e-08,30
model_2,1.2,0.20000000000000007,2.0,15,0.23826350146543132,1.0302196216630762e-08,30
model_2,1.2,0.20000000000000007,2.0,16,0.238287845317084,3.299615577128231e-09,30
model_2,1.2,0.20000000000000007,2.0,17,0.23830162278431488,1.0567888145223504e-09,30
model_2,1.2,0.20000000000000007,2.0,18,0.23830941999666544,3.3846063545459977e-10,30
model_2,1.2,0.20000000000000007,2.0,19,0.2383138326886131,1.0839901773010394e-10,30
model_2,1.2,0.20000000000000007,2.0,20,0.23831632995353585,3.471690146858465e-11,30
model_2,1.2,0.4,0.6,0,0.016666666666666666,0.24138888888888888,30
model_2,1.2,0.4,0.6,1,0.4135175596657362,0.3150034650635997,30
model_2,1.2,0.4,0.6,2,0.6600810467169184,0.29002556024127013,30
model_2,1.2,0.4,0.6,3,0.7996271592461791,0.187892103511007,30
model_2,1.2,0.4,0.6,4,0.8735724118126474,0.16661011961339092,30
model_2,1.2,0.4,0.6,5,0.8860904049065849,0.15024605690005421,30
model_2,1.2,0.4,0.6,6,0.8952184785803798,0.12573690200906046,30
model_2,1.2,0.4,0.6,7,0.9110700302550022,0.08721870752137441,30
model_2,1.2,0.4,0.6,8,0.9421182163734577,0.03209768217589209,30
model_2,1.2,0.4,0.6,9,0.9797830153221985,0.001461499147582363,30
model_2,1.2,0.4,0.6,10,0.9894414765608374,4.371898651625022e-06,30
model_2,1.2,0.4,0.6,11,0.9899776818805688,7.159205587469954e-09,30
model_2,1.2,0.4,0.6,12,0.9899993948168946,1.1355045364827546e-11,30
model_2,1.2,0.4,0.6,13,0.9900002595701236,1.7986750890148013e-14,30
model_2,1.2,0.4,0.6,14,0.9900002939872476,2.8490118988055405e-17,30
model_2,1.2,0.4,0.6,15,0.9900002953570105,4.5126831419319875e-20,30
model_2,1.2,0.4,0.6,16,0.9900002954115255,7.14782751653754e-23,30
model_2,1.2,0.4,0.6,17,0.990000295413695,1.132187962315169e-25,30
model_2,1.2,0.4,0.6,18,0.9900002954137814,1.7818067004635762e-28,30
model_2,1.2,0.4,0.6,19,0.9900002954137849,2.4898422321038184e-31,30
model_2,1.2,0.4,0.6,20,0.990000295413785,3.2869204384208825e-33,30
model_2,1.2,0.4,0.95,0,0.016666666666666666,0.24138888888888888,30
model_2,1.2,0.4,0.95,1,0.3299851917554429,0.20082874535745002,30
model_2,1.2,0.4,0.95,2,0.587394556484437,0.14145018753658276,30
model_2,1.2,0.4,0.95,3,0.75499506294768,0.07143658711440276,30
model_2,1.2,0.4,0.95,4,0.8491176238566328,0.025140918937652416,30
model_2,1.2,0.4,0.95,5,0.894854041615697,0.004455484424053,30
model_2,1.2,0.4,0.95,6,0.91276412174061,0.00032968562822713044,30
model_2,1.2,0.4,0.95,7,0.9175828912848778,1.5163599534778094e-05,30
model_2,1.2,0.4,0.95,8,0.9186147401624551,6.084132534937209e-07,30
model_2,1.2,0.4,0.95,9,0.9188213720923761,2.3700396767703892e-08,30
model_2,1.2,0.4,0.95,10,0.9188621526885697,9.177750653197829e-10,30
model_2,1.2,0.4,0.95,11,0.918870177586596,3.549835573138286e-11,30
model_2,1.2,0.4,0.95,12,0.9188717558324464,1.372714174499635e-12,30
model_2,1.2,0.4,0.95,13,0.918872066188648,5.3080170851051904e-14,30
model_2,1.2,0.4,0.95,14,0.9188721272176814,2.0524880349590884e-15,30
model_2,1.2,0.4,0.95,15,0.9188721392184938,7.936484901117376e-17,30
model_2,1.2,0.4,0.95,16,0.918872141578344,3.0688494996568762e-18,30
model_2,1.2,0.4,0.95,17,0.9188721420423868,1.186650754844101e-19,30
model_2,1.2,0.4,0.95,18,0.9188721421336367,4.588495835670382e-21,30
model_2,1.2,0.4,0.95,19,0.9188721421515801,1.7742534349249285e-22,30
model_2,1.2,0.4,0.95,20,0.9188721421551085,6.860522430642608e-24,30
model_2,1.2,0.4,1.2999999999999998,0,0.016666666666666666,0.24138888888888888,30
model_2,1.2,0.4,1.2999999999999998,1,0.2692558039491346,0.13561684128835008,30
model_2,1.2,0.4,1.2999999999999998,2,0.468133288970095,0.07086125788824485,30
model_2,1.2,0.4,1.2999999999999998,3,0.6070399709767903,0.029511752872843487,30
model_2,1.2,0.4,1.2999999999999998,4,0.691183973789417,0.009087844321255258,30
model_2,1.2,0.4,1.2999999999999998,5,0.7351283300052829,0.002062560310218178,30
model_2,1.2,0.4,1.2999999999999998,6,0.7551834946441018,0.00037101942611438026,30
model_2,1.2,0.4,1.2999999999999998,7,0.7634943650495494,5.8494152244139814e-05,30
model_2,1.2,0.4,1.2999999999999998,8,0.7667602372568874,8.680612487621012e-06,30
model_2,1.2,0.4,1.2999999999999998,9,0.7680130677579784,1.2566563987127092e-06,30
model_2,1.2,0.4,1.2999999999999998,10,0.7684889687126483,1.8016960344757083e-07,30
model_2,1.2,0.4,1.2999999999999998,11,0.768669054142783,2.5735965464866007e-08,30
model_2,1.2,0.4,1.2999999999999998,12,0.7687371005997445,3.6710491825005886e-09,30
model_2,1.2,0.4,1.2999999999999998,13,0.7687627981437702,5.233708604268163e-10,30
model_2,1.2,0.4,1.2999999999999998,14,0.7687725007105988,7.460051648108104e-11,30
model_2,1.2,0.4,1.2999999999999998,15,0.7687761637978288,1.063264371617893e-11,30
model_2,1.2,0.4,1.2999999999999998,16,0.7687775467109162,1.5154034768843188e-12,30
model_2,1.2,0.4,1.2999999999999998,17,0.7687780687915786,2.1597854553601057e-13,30
model_2,1.2,0.4,1.2999999999999998,18,0.7687782658878808,3.0781599026336934e-14,30
model_2,1.2,0.4,1.2999999999999998,19,0.7687783402957119,4.38703472958511e-15,30
model_2,1.2,0.4,1.2999999999999998,20,0.7687783683861525,6.252457029500093e-16,30
model_2,1.2,0.4,1.65,0,0.016666666666666666,0.24138888888888888,30
model_2,1.2,0.4,1.65,1,0.2251268650860983,0.09597356143542009,30
model_2,1.2,0.4,1.65,2,0.3703205411046048,0.03749264630530391,30
model_2,1.2,0.4,1.65,3,0.46439321882801077,0.012980474956707623,30
model_2,1.2,0.4,1.65,4,0.5202247324216267,0.0039223736860274465,30
model_2,1.2,0.4,1.65,5,0.5508718220692618,0.0010615044323347561,30
model_2,1.2,0.4,1.65,6,0.5667626149314232,0.00026714046293879485,30
model_2,1.2,0.4,1.65,7,0.5747143458587386,6.44834604692528e-05,30
model_2,1.2,0.4,1.65,8,0.5786152997239217,1.5226501938908117e-05,30
model_2,1.2,0.4,1.65,9,0.5805094090417823,3.5557913352624493e-06,30
model_2,1.2,0.4,1.65,10,0.5814243668790405,8.258536650666549e-07,30
model_2,1.2,0.4,1.65,11,0.581865226123276,1.9130136683665862e-07,30
model_2,1.2,0.4,1.65,12,0.5820773875178025,4.425642353390596e-08,30
model_2,1.2,0.4,1.65,13,0.5821794287361317,1.0232134291799442e-08,30
model_2,1.2,0.4,1.65,14,0.5822284925190109,2.3649774368801204e-09,30
model_2,1.2,0.4,1.65,15,0.5822520802850899,5.465446580782037e-10,30
model_2,1.2,0.4,1.65,16,0.5822634195244918,1.2629740791606898e-10,30
model_2,1.2,0.4,1.65,17,0.5822688704124062,2.918427177746894e-11,30
model_2,1.2,0.4,1.65,18,0.5822714906697803,6.743671110440113e-12,30
model_2,1.2,0.4,1.65,19,0.5822727502257373,1.5582623717474324e-12,30
model_2,1.2,0.4,1.65,20,0.5822733556913032,3.6006689240118126e-13,30
model_2,1.2,0.4,2.0,0,0.016666666666666666,0.24138888888888888,30
model_2,1.2,0.4,2.0,1,0.19236223040064446,0.07071415358087305,30
model_2,1.2,0.4,2.0,2,0.298836916964493,0.020916061865805,30
model_2,1.2,0.4,2.0,3,0.35981621540836983,0.005822116859234382,30
model_2,1.2,0.4,2.0,4,0.3927765107696013,0.0015290254543102305,30
model_2,1.2,0.4,2.0,5,0.40985915878075346,0.00038601008296211607,30
model_2,1.2,0.4,2.0,6,0.4184879598020827,9.524276828782585e-05,30
model_2,1.2,0.4,2.0,7,0.4227849693867526,2.3213829436427665e-05,30
model_2,1.2,0.4,2.0,8,0.4249089694314604,5.622602986163091e-06,30
model_2,1.2,0.4,2.0,9,0.4259549125867875,1.3575712730940736e-06,30
model_2,1.2,0.4,2.0,10,0.42646901169527784,3.2727350794849056e-07,30
model_2,1.2,0.4,2.0,11,0.4267214659647722,7.883610850404034e-08,30
model_2,1.2,0.4,2.0,12,0.4268453799011336,1.8983455813413364e-08,30
model_2,1.2,0.4,2.0,13,0.42690618780673156,4.570299880896645e-09,30
model_2,1.2,0.4,2.0,14,0.42693602459254254,1.100207277554491e-09,30
model_2,1.2,0.4,2.0,15,0.42695066389946706,2.648408007256506e-10,30
model_2,1.2,0.4,2.0,16,0.42695784642961915,6.375081386495985e-11,30
model_2,1.2,0.4,2.0,17,0.42696137037150755,1.5345530086079273e-11,30
model_2,1.2,0.4,2.0,18,0.4269630993008324,3.693820272335487e-12,30
model_2,1.2,0.4,2.0,19,0.42696394755183215,8.891366239119015e-13,30
model_2,1.2,0.4,2.0,20,0.4269643637219095,2.1402311739861098e-13,30
model_3,0.2,-0.4,0.6,0,0.016666666666666666,0.24138888888888888,30
model_3,0.2,-0.4,0.6,1,-0.09795454185907858,0.17195117635700777,30
model_3,0.2,-0.4,0.6,2,-0.19624635119183578,0.12197387880651625,30
model_3,0.2,-0.4,0.6,3,-0.2800006096388048,0.08619774075797336,30
model_3,0.2,-0.4,0.6,4,-0.35101335514052917,0.06071673478618686,30
model_3,0.2,-0.4,0.6,5,-0.4109914549403603,0.04264932554457016,30
model_3,0.2,-0.4,0.6,6,-0.4614984269694259,0.029887828420782036,30
model_3,0.2,-0.4,0.6,7,-0.5039307852500884,0.020903461108840775,30
model_3,0.2,-0.4,0.6,8,-0.5395141247849228,0.014595648756102052,30
model_3,0.2,-0.4,0.6,9,-0.5693106389123381,0.010177199729630906,30
model_3,0.2,-0.4,0.6,10,-0.5942325350130632,0.007088142548325421,30
model_3,0.2,-0.4,0.6,11,-0.6150579137588641,0.004931956834160772,30
model_3,0.2,-0.4,0.6,12,-0.63244708654196,0.0034289290495624737,30
model_3,0.2,-0.4,0.6,13,-0.646958202981018,0.0023823651312968558,30
model_3,0.2,-0.4,0.6,14,-0.6590616142433684,0.0016543113262535395,30
model_3,0.2,-0.4,0.6,15,-0.669152731165116,0.0011482214554697583,30
model_3,0.2,-0.4,0.6,16,-0.6775633306563755,0.0007966493540274437,30
model_3,0.2,-0.4,0.6,17,-0.6845713723052458,0.0005525478561861145,30
model_3,0.2,-0.4,0.6,18,-0.6904094427872143,0.0003831395939530004,30
model_3,0.2,-0.4,0.6,19,-0.6952719696056046,0.00026561219695722633,30
model_3,0.2,-0.4,0.6,20,-0.6993213509416761,0.0001841021996792135,30
model_3,0.2,-0.4,0.95,0,0.016666666666666666,0.24138888888888888,30
model_3,0.2,-0.4,0.95,1,-0.06404754766872765,0.1683667582603975,30
model_3,0.2,-0.4,0.95,2,-0.1320193969463142,0.11733492051877445,30
model_3,0.2,-0.4,0.95,3,-0.18912647459204718,0.08170570715312418,30
model_3,0.2,-0.4,0.95,4,-0.2370152596083562,0.05685456499651506,30
model_3,0.2,-0.4,0.95,5,-0.27711396159977364,0.039536955394831506,30
model_3,0.2,-0.4,0.95,6,-0.31065033873964076,0.027479096743208333,30
model_3,0.2,-0.4,0.95,7,-0.3386723466516928,0.019089597740973314,30
model_3,0.2,-0.4,0.95,8,-0.3620695569034507,0.01325612065175073,30
model_3,0.2,-0.4,0.95,9,-0.3815939033031813,0.009202123037209253,30
model_3,0.2,-0.4,0.95,10,-0.3978789111530287,0.0063860829445789745,30
model_3,0.2,-0.4,0.95,11,-0.4114570036977873,0.004430734787397663,30
model_3,0.2,-0.4,0.95,12,-0.4227747655606876,0.0030734663808894415,30
model_3,0.2,-0.4,0.95,13,-0.43220621298137035,0.0021316061440837548,30
model_3,0.2,-0.4,0.95,14,-0.44006421259251627,0.0014781663165398522,30
model_3,0.2,-0.4,0.95,15,-0.4466102328274862,0.0010249145019187002,30
model_3,0.2,-0.4,0.95,16,-0.4520626244998933,0.0007105726849170109,30
model_3,0.2,-0.4,0.95,17,-0.4566036224629518,0.0004925984880261913,30
model_3,0.2,-0.4,0.95,18,-0.46038524661197644,0.000341465895611374,30
model_3,0.2,-0.4,0.95,19,-0.4635342627619988,0.0002366880374087493,30
model_3,0.2,-0.4,0.95,20,-0.4661563450200752,0.00016405300644838794,30
model_3,0.2,-0.4,1.2999999999999998,0,0.016666666666666666,0.24138888888888888,30
model_3,0.2,-0.4,1.2999999999999998,1,-0.04517139661418819,0.16543861150543523,30
model_3,0.2,-0.4,1.2999999999999998,2,-0.09661399325017324,0.11335965664960203,30
model_3,0.2,-0.4,1.2999999999999998,3,-0.139358477704714,0.07765752434110682,30
model_3,0.2,-0.4,1.2999999999999998,4,-0.17484193448658406,0.05318862281720004,30
model_3,0.2,-0.4,1.2999999999999998,5,-0.20427555881158263,0.03642280078544339,30
model_3,0.2,-0.4,1.2999999999999998,6,-0.22867622169672078,0.024937745203321773,30
model_3,0.2,-0.4,1.2999999999999998,7,-0.24889496172734243,0.01707182172014366,30
model_3,0.2,-0.4,1.2999999999999998,8,-0.2656422429887369,0.011685578939970168,30
model_3,0.2,-0.4,1.2999999999999998,9,-0.2795100026551174,0.0079979040612258,30
model_3,0.2,-0.4,1.2999999999999998,10,-0.2909906604946466,0.005473494188680614,30
model_3,0.2,-0.4,1.2999999999999998,11,-0.30049335314706144,0.0037456019826937782,30
model_3,0.2,-0.4,1.2999999999999998,12,-0.308357697266379,0.0025630211915623866,30
model_3,0.2,-0.4,1.2999999999999998,13,-0.3148653926691831,0.001753721846825946,30
model_3,0.2,-0.4,1.2999999999999998,14,-0.32024996281132867,0.0011999159704084322,30
model_3,0.2,-0.4,1.2999999999999998,15,-0.324704904920913,0.0008209668848234155,30
model_3,0.2,-0.4,1.2999999999999998,16,-0.3283904923319909,0.0005616783812036699,30
model_3,0.2,-0.4,1.2999999999999998,17,-0.33143944091034244,0.00038427240260245567,30
model_3,0.2,-0.4,1.2999999999999998,18,-0.3339616221693487,0.00026289474144884097,30
model_3,0.2,-0.4,1.2999999999999998,19,-0.3360479788799686,0.0001798528465572955,30
model_3,0.2,-0.4,1.2999999999999998,20,-0.3377737751508992,0.00012304010434178935,30
model_3,0.2,-0.4,1.65,0,0.016666666666666666,0.24138888888888888,30
model_3,0.2,-0.4,1.65,1,-0.033484519589367434,0.16341110280160953,30
model_3,0.2,-0.4,1.65,2,-0.0748766075182969,0.11061524586335793,30
model_3,0.2,-0.4,1.65,3,-0.10901551533442373,0.07487131624964541,30
model_3,0.2,-0.4,1.65,4,-0.13715630579409932,0.05067386188401583,30
model_3,0.2,-0.4,1.65,5,-0.16034234135237824,0.03429439543666592,30
model_3,0.2,-0.4,1.65,6,-0.17943913913900453,0.023207914566471945,30
model_3,0.2,-0.4,1.65,7,-0.19516342507592516,0.015704576995813912,30
model_3,0.2,-0.4,1.65,8,-0.2081078734103582,0.010626658707626462,30
model_3,0.2,-0.4,1.65,9,-0.2187620258520955,0.0071903580058083295,30
model_3,0.2,-0.4,1.65,10,-0.2275298776964194,0.0048650822554164724,30
model_3,0.2,-0.4,1.65,11,-0.23474459281027535,0.003291683077131661,30
model_3,0.2,-0.4,1.65,12,-0.2406807705530339,0.0022270806214312816,30
model_3,0.2,-0.4,1.65,13,-0.24556464210277035,0.001506765306117949,30
model_3,0.2,-0.4,1.65,14,-0.24958252638183318,0.0010194089148004844,30
model_3,0.2,-0.4,1.65,15,-0.2528878301823986,0.0006896767016700308,30
model_3,0.2,-0.4,1.65,16,-0.25560683509470244,0.0004665927361802001,30
model_3,0.2,-0.4,1.65,17,-0.25784347632522475,0.00031566504788730357,30
model_3,0.2,-0.4,1.65,18,-0.2596832856898258,0.00021355601250926215,30
model_3,0.2,-0.4,1.65,19,-0.26119664282033855,0.00014447558215128023,30
model_3,0.2,-0.4,1.65,20,-0.2624414545687143,9.774058002016343e-05,30
model_3,0.2,-0.4,2.0,0,0.016666666666666666,0.24138888888888888,30
model_3,0.2,-0.4,2.0,1,-0.02561497117974036,0.16197879146264135,30
model_3,0.2,-0.4,2.0,2,-0.06032505777262857,0.10868977807300927,30
model_3,0.2,-0.4,2.0,3,-0.08880627421348401,0.07293005966586542,30
model_3,0.2,-0.4,2.0,4,-0.11216766810629843,0.04893407005361055,30
model_3,0.2,-0.4,2.0,5,-0.13132383757654179,0.03283247614771445,30
model_3,0.2,-0.4,2.0,6,-0.14702800121148343,0.022028483072992346,30
model_3,0.2,-0.4,2.0,7,-0.1598997812692018,0.014779356452715671,30
model_3,0.2,-0.4,2.0,8,-0.17044843939276114,0.00991557197287141,30
model_3,0.2,-0.4,2.0,9,-0.1790922306461428,0.006652311782430575,30
model_3,0.2,-0.4,2.0,10,-0.18617446946906824,0.004462940915646007,30
model_3,0.2,-0.4,2.0,11,-0.19197682905731933,0.0029940868922852613,30
model_3,0.2,-0.4,2.0,12,-0.19673032595669532,0.0020086452931548766,30
model_3,0.2,-0.4,2.0,13,-0.20062437662692104,0.001347529967475798,30
model_3,0.2,-0.4,2.0,14,-0.20381425388797741,0.0009040044500064155,30
model_3,0.2,-0.4,2.0,15,-0.20642721916164078,0.000606457240637947,30
model_3,0.2,-0.4,2.0,16,-0.20856756128869072,0.00040684381958672633,30
model_3,0.2,-0.4,2.0,17,-0.2103207340595925,0.00027293142689857586,30
model_3,0.2,-0.4,2.0,18,-0.21175675184925102,0.00018309562059915736,30
model_3,0.2,-0.4,2.0,19,-0.2129329752113712,0.0001228290820965597,30
model_3,0.2,-0.4,2.0,20,-0.2138963952730427,8.239929607451017e-05,30
model_3,0.2,-0.2,0.6,0,0.016666666666666666,0.24138888888888888,30
model_3,0.2,-0.2,0.6,1,-0.04668457012973557,0.17781353789327703,30
model_3,0.2,-0.2,0.6,2,-0.10220778865203073,0.1309124578929289,30
model_3,0.2,-0.2,0.6,3,-0.1506080061188324,0.09629965894678105,30
model_3,0.2,-0.2,0.6,4,-0.19261673628834997,0.0707685365163337,30
model_3,0.2,-0.2,0.6,5,-0.22895554649131733,0.05195393440538823,30
model_3,0.2,-0.2,0.6,6,-0.26030817230695086,0.03810445406355772,30
model_3,0.2,-0.2,0.6,7,-0.28730429725907997,0.027921663644050562,30
model_3,0.2,-0.2,0.6,8,-0.31051248890404004,0.020443252696246056,30
model_3,0.2,-0.2,0.6,9,-0.33043912433792566,0.014956790400708528,30
model_3,0.2,-0.2,0.6,10,-0.3475308307151975,0.010935593277784232,30
model_3,0.2,-0.2,0.6,11,-0.3621787796827416,0.007990898694726696,30
model_3,0.2,-0.2,0.6,12,-0.37472380021683915,0.0058361890480166,30
model_3,0.2,-0.2,0.6,13,-0.3854616950793061,0.00426060909218294,30
model_3,0.2,-0.2,0.6,14,-0.39464841251759725,0.0031091939592452385,30
model_3,0.2,-0.2,0.6,15,-0.40250488825361186,0.0022681931069926694,30
model_3,0.2,-0.2,0.6,16,-0.40922147102851036,0.001654199690625009,30
model_3,0.2,-0.2,0.6,17,-0.41496190292051954,0.0012061149395005898,30
model_3,0.2,-0.2,0.6,18,-0.41986685899802834,0.0008792193764206271,30
model_3,0.2,-0.2,0.6,19,-0.42405706925575387,0.0006408059877177821,30
model_3,0.2,-0.2,0.6,20,-0.4276360551017548,0.0004669687816657719,30
model_3,0.2,-0.2,0.95,0,0.016666666666666666,0.24138888888888888,30
model_3,0.2,-0.2,0.95,1,-0.026555884585520963,0.17023348874816177,30
model_3,0.2,-0.2,0.95,2,-0.06318785888569942,0.12006266833877217,30
model_3,0.2,-0.2,0.95,3,-0.09417203107853828,0.08467582646282219,30
model_3,0.2,-0.2,0.95,4,-0.12033675149018229,0.05971382533851596,30
model_3,0.2,-0.2,0.95,5,-0.1424033832706611,0.0421059185930859,30
model_3,0.2,-0.2,0.95,6,-0.1609951401592399,0.029686618275024,30
model_3,0.2,-0.2,0.95,7,-0.17664695802059147,0.02092803753303991,30
model_3,0.2,-0.2,0.95,8,-0.18981567299588978,0.014751957412830153,30
model_3,0.2,-0.2,0.95,9,-0.20088990398488754,0.010397487771077721,30
model_3,0.2,-0.2,0.95,10,-0.21019925586181656,0.007327729599160541,30
model_3,0.2,-0.2,0.95,11,-0.21802264672580837,0.005163893561981347,30
model_3,0.2,-0.2,0.95,12,-0.22459569275433539,0.0036387839854327563,30
model_3,0.2,-0.2,0.95,13,-0.23011716506552832,0.0025639547301249885,30
model_3,0.2,-0.2,0.95,14,-0.23475457816408296,0.001806521105503826,30
model_3,0.2,-0.2,0.95,15,-0.23864899128597694,0.0012727920099843398,30
model_3,0.2,-0.2,0.95,16,-0.24191911126807242,0.0008967187740879618,30
model_3,0.2,-0.2,0.95,17,-0.24466478451132548,0.0006317450518516879,30
model_3,0.2,-0.2,0.95,18,-0.24696996005591954,0.0004450575933150632,30
model_3,0.2,-0.2,0.95,19,-0.248905198125954,0.0003135314318777571,30
model_3,0.2,-0.2,0.95,20,-0.2505297901421877,0.00022087061098990948,30
model_3,0.2,-0.2,1.2999999999999998,0,0.016666666666666666,0.24138888888888888,30
model_3,0.2,-0.2,1.2999999999999998,1,-0.016315871715477156,0.1662252506956423,30
model_3,0.2,-0.2,1.2999999999999998,2,-0.043822570534735206,0.11447524222049776,30
model_3,0.2,-0.2,1.2999999999999998,3,-0.06673894239762057,0.07883870597081004,30
model_3,0.2,-0.2,1.2999999999999998,4,-0.08581508644221805,0.05429607664285996,30
model_3,0.2,-0.2,1.2999999999999998,5,-0.10168395465862647,0.03739312863618987,30
model_3,0.2,-0.2,1.2999999999999998,6,-0.11487783569806309,0.025751723603639406,30
model_3,0.2,-0.2,1.2999999999999998,7,-0.12584310270640764,0.017734163638998296,30
model_3,0.2,-0.2,1.2999999999999998,8,-0.13495323196606265,0.01221251051323088,30
model_3,0.2,-0.2,1.2999999999999998,9,-0.14252014740371632,0.00840987548224985,30
model_3,0.2,-0.2,1.2999999999999998,10,-0.14880399921476295,0.0057911579455947855,30
model_3,0.2,-0.2,1.2999999999999998,11,-0.15402151992075255,0.003987800780110335,30
model_3,0.2,-0.2,1.2999999999999998,12,-0.15835311679226285,0.0027459629727126793,30
model_3,0.2,-0.2,1.2999999999999998,13,-0.16194886058119934,0.0018908192077483348,30
model_3,0.2,-0.2,1.2999999999999998,14,-0.16493352228197777,0.0013019679263613984,30
model_3,0.2,-0.2,1.2999999999999998,15,-0.16741079641615886,0.0008964916947401039,30
model_3,0.2,-0.2,1.2999999999999998,16,-0.1694668340148336,0.000617289115622943,30
model_3,0.2,-0.2,1.2999999999999998,17,-0.1711731928753176,0.00042503813972377056,30
model_3,0.2,-0.2,1.2999999999999998,18,-0.1725892978366686,0.0002926608351872054,30
model_3,0.2,-0.2,1.2999999999999998,19,-0.17376449028387864,0.00020151118270988154,30
model_3,0.2,-0.2,1.2999999999999998,20,-0.17473973406595353,0.0001387496472328735,30
model_3,0.2,-0.2,1.65,0,0.016666666666666666,0.24138888888888888,30
model_3,0.2,-0.2,1.65,1,-0.010204468836010025,0.16380867069760782,30
model_3,0.2,-0.2,1.65,2,-0.032408511465380166,0.11116801319966087,30
model_3,0.2,-0.2,1.65,3,-0.050744676615719436,0.07544570282058227,30
model_3,0.2,-0.2,1.65,4,-0.0658791047996635,0.05120282970985294,30
model_3,0.2,-0.2,1.65,5,-0.07836581614801313,0.03474995331024455,30
model_3,0.2,-0.2,1.65,6,-0.08866471301778908,0.023583764028359152,30
model_3,0.2,-0.2,1.65,7,-0.09715696967708322,0.016005511877815105,30
model_3,0.2,-0.2,1.65,8,-0.10415810692254286,0.010862333594723635,30
model_3,0.2,-0.2,1.65,9,-0.10992903434358794,0.007371803814514617,30
model_3,0.2,-0.2,1.65,10,-0.11468532864352739,0.005002897584668008,30
model_3,0.2,-0.2,1.65,11,-0.11860499711437074,0.0033952121366208773,30
model_3,0.2,-0.2,1.65,12,-0.12183495174268648,0.0023041458299396544,30
model_3,0.2,-0.2,1.65,13,-0.12449639372826792,0.001563691393076467,30
model_3,0.2,-0.2,1.65,14,-0.12668928245167324,0.0010611833820254918,30
model_3,0.2,-0.2,1.65,15,-0.12849603852611693,0.0007201590067971906,30
model_3,0.2,-0.2,1.65,16,-0.12998460830919917,0.0004887256540639543,30
model_3,0.2,-0.2,1.65,17,-0.13121099747894566,0.0003316659237849933,30
model_3,0.2,-0.2,1.65,18,-0.13222136405107596,0.0002250793815324343,30
model_3,0.2,-0.2,1.65,19,-0.13305374641031087,0.00015274600406776294,30
model_3,0.2,-0.2,1.65,20,-0.1337394893363806,0.00010365813873922335,30
model_3,0.2,-0.2,2.0,0,0.016666666666666666,0.24138888888888888,30
model_3,0.2,-0.2,2.0,1,-0.006163469928240891,0.16220573775590555,30
model_3,0.2,-0.2,2.0,2,-0.0249168601774416,0.10900102941479867,30
model_3,0.2,-0.2,2.0,3,-0.04031513999154913,0.07324929484868059,30
model_3,0.2,-0.2,2.0,4,-0.05295433284181084,0.049224410174954616,30
model_3,0.2,-0.2,2.0,5,-0.06332602960107016,0.033079527948713466,30
model_3,0.2,-0.2,2.0,6,-0.07183520148802656,0.02222994318299125,30
model_3,0.2,-0.2,2.0,7,-0.07881513082399078,0.014938840293692714,30
model_3,0.2,-0.2,2.0,8,-0.0845398794800007,0.01003909382442193,30
model_3,0.2,-0.2,2.0,9,-0.0892346651089143,0.006746384503014512,30
model_3,0.2,-0.2,2.0,10,-0.09308447047082072,0.0045336354968130614,30
model_3,0.2,-0.2,2.0,11,-0.09624116903395269,0.003046639741347719,30
model_3,0.2,-0.2,2.0,12,-0.09882941070355837,0.0020473622545076416,30
model_3,0.2,-0.2,2.0,13,-0.10095147560353382,0.001375838554885641,30
model_3,0.2,-0.2,2.0,14,-0.10269127173904538,0.0009245694936490811,30
model_3,0.2,-0.2,2.0,15,-0.10411762423305423,0.0006213138661061245,30
model_3,0.2,-0.2,2.0,16,-0.10528697953780207,0.00041752455869950475,30
model_3,0.2,-0.2,2.0,17,-0.10624562729541381,0.00028057733054851587,30
model_3,0.2,-0.2,2.0,18,-0.10703152499736546,0.00018854836705257125,30
model_3,0.2,-0.2,2.0,19,-0.10767579587953405,0.00012670468534396726,30
model_3,0.2,-0.2,2.0,20,-0.10820395820339089,8.514562290262519e-05,30
model_3,0.2,0.0,0.6,0,0.016666666666666666,0.24138888888888888,30
model_3,0.2,0.0,0.6,1,0.014405042458438844,0.1803220607113695,30
model_3,0.2,0.0,0.6,2,0.01246387178835163,0.13493507502874677,30
model_3,0.2,0.0,0.6,3,0.010791169864101302,0.10108635019326613,30
model_3,0.2,0.0,0.6,4,0.009346472428510166,0.0757863299170802,30
model_3,0.2,0.0,0.6,5,0.008097015430569147,0.05684810831153753,30
model_3,0.2,0.0,0.6,6,0.007015556420854155,0.0426579088492848,30
model_3,0.2,0.0,0.6,7,0.006079064860766701,0.03201809946086915,30
model_3,0.2,0.0,0.6,8,0.005267875685427317,0.024036566807944536,30
model_3,0.2,0.0,0.6,9,0.0045650983230904945,0.01804713052504339,30
model_3,0.2,0.0,0.6,10,0.003956174897135358,0.013551489437118707,30
model_3,0.2,0.0,0.6,11,0.003428532277257455,0.010176483877953958,30
model_3,0.2,0.0,0.6,12,0.0029712980697096324,0.007642440806156506,30
model_3,0.2,0.0,0.6,13,0.0025750634308578176,0.005739631279443429,30
model_3,0.2,0.0,0.6,14,0.002231682171763829,0.004310712084182504,30
model_3,0.2,0.0,0.6,15,0.0019340991394560267,0.0032376048529664217,30
model_3,0.2,0.0,0.6,16,0.001676202845569778,0.0024316776598767155,30
model_3,0.2,0.0,0.6,17,0.0014526985129396709,0.0018263906062086816,30
model_3,0.2,0.0,0.6,18,0.0012589984934063567,0.0013717830944498508,30
model_3,0.2,0.0,0.6,19,0.0010911275594489955,0.0010303394297903718,30
model_3,0.2,0.0,0.6,20,0.0009456409824737333,0.0007738869335226719,30
model_3,0.2,0.0,0.95,0,0.016666666666666666,0.24138888888888888,30
model_3,0.2,0.0,0.95,1,0.014024900719321514,0.17093042312234952,30
model_3,0.2,0.0,0.95,2,0.011805193322837726,0.12109643739632095,30
model_3,0.2,0.0,0.95,3,0.009938492119664305,0.08581858742568636,30
model_3,0.2,0.0,0.95,4,0.00836783185882709,0.06083068894328275,30
model_3,0.2,0.0,0.95,5,0.00704584284098214,0.04312460088466604,30
model_3,0.2,0.0,0.95,6,0.005932939871203663,0.030575139881315244,30
model_3,0.2,0.0,0.95,7,0.004995943379368722,0.021679017686283462,30
model_3,0.2,0.0,0.95,8,0.004206992186813741,0.015371975945113645,30
model_3,0.2,0.0,0.95,9,0.003542665239930118,0.010900158053265545,30
model_3,0.2,0.0,0.95,10,0.002983260858773771,0.007729383644959107,30
model_3,0.2,0.0,0.95,11,0.002512199341845352,0.005481042230256197,30
model_3,0.2,0.0,0.95,12,0.0021155247677579797,0.0038867423910145145,30
model_3,0.2,0.0,0.95,13,0.001781487961627166,0.0027562041635184925,30
model_3,0.2,0.0,0.95,14,0.0015001966046433973,0.0019545155266160207,30
model_3,0.2,0.0,0.95,15,0.0012633212669799518,0.0013860163316994395,30
model_3,0.2,0.0,0.95,16,0.0010638482143971377,0.0009828757333591456,30
model_3,0.2,0.0,0.95,17,0.0008958714364234187,0.0006969949179916561,30
model_3,0.2,0.0,0.95,18,0.0007544176153037208,0.0004942664447856382,30
model_3,0.2,0.0,0.95,19,0.0006352987876922085,0.00035050402452640355,30
model_3,0.2,0.0,0.95,20,0.0005349883013148686,0.0002485565133285243,30
model_3,0.2,0.0,1.2999999999999998,0,0.016666666666666666,0.24138888888888888,30
model_3,0.2,0.0,1.2999999999999998,1,0.013842145866049734,0.16650474689180983,30
model_3,0.2,0.0,1.2999999999999998,2,0.01149756972171521,0.11487399196590947,30
model_3,0.2,0.0,1.2999999999999998,3,0.009550765515995572,0.07926343385951816,30
model_3,0.2,0.0,1.2999999999999998,4,0.007933932427212709,0.05469666670744874,30
model_3,0.2,0.0,1.2999999999999998,5,0.006590980938825079,0.03774618803956542,30
model_3,0.2,0.0,1.2999999999999998,6,0.005475434577151583,0.02604962021145524,30
model_3,0.2,0.0,1.2999999999999998,7,0.004548743897652783,0.017977958188275106,30
model_3,0.2,0.0,1.2999999999999998,8,0.003778914852871418,0.01240756212748627,30
model_3,0.2,0.0,1.2999999999999998,9,0.0031393840433340805,0.008563224331122306,30
model_3,0.2,0.0,1.2999999999999998,10,0.002608091816892603,0.005910053204349846,30
model_3,0.2,0.0,1.2999999999999998,11,0.0021667160540936583,0.0040789428594075125,30
model_3,0.2,0.0,1.2999999999999998,12,0.001800037576916691,0.0028151744613520136,30
model_3,0.2,0.0,1.2999999999999998,13,0.0014954139540642433,0.0019429606155593076,30
model_3,0.2,0.0,1.2999999999999998,14,0.0012423428723453062,0.0013409832524515332,30
model_3,0.2,0.0,1.2999999999999998,15,0.0010320996673205565,0.0009255143756827145,30
model_3,0.2,0.0,1.2999999999999998,16,0.0008574363346418988,0.000638768213224241,30
model_3,0.2,0.0,1.2999999999999998,17,0.000712331551115498,0.00044086298556075186,30
model_3,0.2,0.0,1.2999999999999998,18,0.0005917830384397952,0.0003042734960562484,30
model_3,0.2,0.0,1.2999999999999998,19,0.0004916350858119228,0.00021000261931849868,30
model_3,0.2,0.0,1.2999999999999998,20,0.000408435271900992,0.00014493903562712976,30
model_3,0.2,0.0,1.65,0,0.016666666666666666,0.24138888888888888,30
model_3,0.2,0.0,1.65,1,0.01373540652627724,0.16394675003218315,30
model_3,0.2,0.0,1.65,2,0.011320295410577578,0.1113605381419197,30
model_3,0.2,0.0,1.65,3,0.009330148723191052,0.07564632336922002,30
model_3,0.2,0.0,1.65,4,0.007690036840853985,0.05138810562068261,30
model_3,0.2,0.0,1.65,5,0.006338316273273085,0.034909960476555306,30
model_3,0.2,0.0,1.65,6,0.005224237423260939,0.023716137522689185,30
model_3,0.2,0.0,1.65,7,0.004306000782668721,0.01611178773220216,30
model_3,0.2,0.0,1.65,8,0.003549169027607399,0.01094578500159946,30
model_3,0.2,0.0,1.65,9,0.0029253654663350345,0.007436222076447232,30
model_3,0.2,0.0,1.65,10,0.002411204950100739,0.005051952802383254,30
model_3,0.2,0.0,1.65,11,0.001987414576787409,0.0034321575209463563,30
model_3,0.2,0.0,1.65,12,0.0016381099058862712,0.002331716795704556,30
model_3,0.2,0.0,1.65,13,0.0013501988808976952,0.0015841081623550633,30
model_3,0.2,0.0,1.65,14,0.0011128907723846125,0.0010762028990779174,30
model_3,0.2,0.0,1.65,15,0.0009172915598139708,0.0007311452806292327,30
model_3,0.2,0.0,1.65,16,0.0007560704963204933,0.0004967219331065962,30
model_3,0.2,0.0,1.65,17,0.000623185312660159,0.0003374606058374431,30
model_3,0.2,0.0,1.65,18,0.0005136557371062944,0.00022926242748370334,30
model_3,0.2,0.0,1.65,19,0.00042337683059042916,0.0001557552633271919,30
model_3,0.2,0.0,1.65,20,0.0003489651346709218,0.0001058163076882675,30
model_3,0.2,0.0,2.0,0,0.016666666666666666,0.24138888888888888,30
model_3,0.2,0.0,2.0,1,0.013665559982083197,0.16228360324318075,30
model_3,0.2,0.0,2.0,2,0.011205191740211442,0.10910797696727356,30
model_3,0.2,0.0,2.0,3,0.00918796585300521,0.07335914801035834,30
model_3,0.2,0.0,2.0,4,0.007533982125832699,0.04932446793814068,30
model_3,0.2,0.0,2.0,5,0.006177788104264625,0.0331647928517831,30
model_3,0.2,0.0,2.0,6,0.005065746356702526,0.022299574490069488,30
model_3,0.2,0.0,2.0,7,0.004153891367183622,0.014994042809569246,30
model_3,0.2,0.0,2.0,8,0.003406180211115423,0.010081909773732311,30
model_3,0.2,0.0,2.0,9,0.002793062204034753,0.006779038605903772,30
model_3,0.2,0.0,2.0,10,0.0022903081044209793,0.004558208890701492,30
model_3,0.2,0.0,2.0,11,0.0018780511287650283,0.0030649322443351283,30
model_3,0.2,0.0,2.0,12,0.0015400011310033027,0.0020608571391578876,30
model_3,0.2,0.0,2.0,13,0.001262800510152674,0.0013857188679533398,30
model_3,0.2,0.0,2.0,14,0.0010354961986526513,0.0009317567094720775,30
model_3,0.2,0.0,2.0,15,0.0008491067669618741,0.0006265129176768174,30
model_3,0.2,0.0,2.0,16,0.0006962674875747523,0.0004212671544265561,30
model_3,0.2,0.0,2.0,17,0.0005709393072848216,0.00028325997579225316,30
model_3,0.2,0.0,2.0,18,0.0004681702146836377,0.0001904639813525626,30
model_3,0.2,0.0,2.0,19,0.00038389956682886216,0.0001280679692349132,30
model_3,0.2,0.0,2.0,20,0.0003147976398809593,8.611289720577638e-05,30
model_3,0.2,0.20000000000000007,0.6,0,0.016666666666666666,0.24138888888888888,30
model_3,0.2,0.20000000000000007,0.6,1,0.0752938466142288,0.17783077284516458,30
model_3,0.2,0.20000000000000007,0.6,2,0.12675734763765126,0.1309331026451324,30
model_3,0.2,0.20000000000000007,0.6,3,0.1716646501565854,0.09631832127394166,30
model_3,0.2,0.20000000000000007,0.6,4,0.21066794427762753,0.07078367592057032,30
model_3,0.2,0.20000000000000007,0.6,5,0.24442198544765173,0.05196557725922669,30
model_3,0.2,0.20000000000000007,0.6,6,0.273553186354623,0.038113150829156485,30
model_3,0.2,0.20000000000000007,0.6,7,0.29864162517167353,0.027928053097994992,30
model_3,0.2,0.20000000000000007,0.6,8,0.320212804416257,0.020447902778914298,30
model_3,0.2,0.20000000000000007,0.6,9,0.3387356965132549,0.014960156876369608,30
model_3,0.2,0.20000000000000007,0.6,10,0.35462446803513914,0.010938023894562169,30
model_3,0.2,0.20000000000000007,0.6,11,0.36824216097451185,0.00799265160425249,30
model_3,0.2,0.20000000000000007,0.6,12,0.3799052674054352,0.0058374529448838594,30
model_3,0.2,0.20000000000000007,0.6,13,0.3898885688311674,0.004261520704911881,30
model_3,0.2,0.20000000000000007,0.6,14,0.39842988401938745,0.003109851898191031,30
model_3,0.2,0.20000000000000007,0.6,15,0.4057345350647353,0.002268668331999421,30
model_3,0.2,0.20000000000000007,0.6,16,0.41197944063278624,0.0016545432259431922,30
model_3,0.2,0.20000000000000007,0.6,17,0.4173168036736287,0.0012063634796610535,30
model_3,0.2,0.20000000000000007,0.6,18,0.4218773944192279,0.0008793993277634709,30
model_3,0.2,0.20000000000000007,0.6,19,0.42577344800825034,0.0006409363703638615,30
model_3,0.2,0.20000000000000007,0.6,20,0.42910120556911246,0.0004670633096724818,30
model_3,0.2,0.20000000000000007,0.95,0,0.016666666666666666,0.24138888888888888,30
model_3,0.2,0.20000000000000007,0.95,1,0.05454860740826124,0.17023828210578404,30
model_3,0.2,0.20000000000000007,0.95,2,0.0866971574960513,0.12006837258875529,30
model_3,0.2,0.20000000000000007,0.95,3,0.11391581417067988,0.08468095197468811,30
model_3,0.2,0.20000000000000007,0.95,4,0.13691739651595433,0.05971795202944915,30
model_3,0.2,0.20000000000000007,0.95,5,0.1563268084330216,0.042109060579060165,30
model_3,0.2,0.20000000000000007,0.95,6,0.17268643444155643,0.029688935394309092,30
model_3,0.2,0.20000000000000007,0.95,7,0.18646334754295837,0.020929713659871958,30
model_3,0.2,0.20000000000000007,0.95,8,0.19805735326192744,0.01475315539423996,30
model_3,0.2,0.20000000000000007,0.95,9,0.20780912411334804,0.010398337586231918,30
model_3,0.2,0.20000000000000007,0.95,10,0.21600795203140907,0.007328329620543828,30
model_3,0.2,0.20000000000000007,0.95,11,0.2228988624694768,0.005164316013471527,30
model_3,0.2,0.20000000000000007,0.95,12,0.22868898071317384,0.0036390809300517555,30
model_3,0.2,0.20000000000000007,0.95,13,0.2335531318663671,0.0025641632752542126,30
model_3,0.2,0.20000000000000007,0.95,14,0.2376387077959027,0.0018066675140467013,30
model_3,0.2,0.20000000000000007,0.95,15,0.24106986081605256,0.00127289479010633,30
model_3,0.2,0.20000000000000007,0.95,16,0.2439510948234855,0.0008967909361021217,30
model_3,0.2,0.20000000000000007,0.95,17,0.24637032641842466,0.0006317957287134016,30
model_3,0.2,0.20000000000000007,0.95,18,0.248401485360109,0.00044509319199034975,30
model_3,0.2,0.20000000000000007,0.95,19,0.2501067180143599,0.00031355644614470337,30
model_3,0.2,0.20000000000000007,0.95,20,0.25153825075028,0.0002208881930299791,30
model_3,0.2,0.20000000000000007,1.2999999999999998,0,0.016666666666666666,0.24138888888888888,30
model_3,0.2,0.20000000000000007,1.2999999999999998,1,0.043976992548735744,0.16622717349474028,30
model_3,0.2,0.20000000000000007,1.2999999999999998,2,0.0667778184755583,0.11447751530862234,30
model_3,0.2,0.20000000000000007,1.2999999999999998,3,0.085789236729233,0.0788407339389114,30
model_3,0.2,0.20000000000000007,1.2999999999999998,4,0.10162470688065181,0.05429769612355195,30
model_3,0.2,0.20000000000000007,1.2999999999999998,5,0.11480406446724015,0.03739435002557523,30
model_3,0.2,0.20000000000000007,1.2999999999999998,6,0.12576583514306824,0.025752614559995154,30
model_3,0.2,0.20000000000000007,1.2999999999999998,7,0.13487861534411522,0.017734800223130044,30
model_3,0.2,0.20000000000000007,1.2999999999999998,8,0.14245134037387863,0.012212959310650367,30
model_3,0.2,0.20000000000000007,1.2999999999999998,9,0.1487423661837129,0.008410189121232819,30
model_3,0.2,0.20000000000000007,1.2999999999999998,10,0.1539673787655206,0.005791375858729958,30
model_3,0.2,0.20000000000000007,1.2999999999999998,11,0.15830620228548353,0.0039879516024257785,30
model_3,0.2,0.20000000000000007,1.2999999999999998,12,0.16190860790494582,0.0027460670970205336,30
model_3,0.2,0.20000000000000007,1.2999999999999998,13,0.16489923731091402,0.001890890976054789,30
model_3,0.2,0.20000000000000007,1.2999999999999998,14,0.16738175518836618,0.001302017342775693,30
model_3,0.2,0.20000000000000007,1.2999999999999998,15,0.16944233828602112,0.0008965256999524845,30
model_3,0.2,0.20000000000000007,1.2999999999999998,16,0.1711525987566206,0.0006173125079787972,30
model_3,0.2,0.20000000000000007,1.2999999999999998,17,0.17257202822170722,0.0004250542289177031,30
model_3,0.2,0.20000000000000007,1.2999999999999998,18,0.17375003777270015,0.00029267190081584004,30
model_3,0.2,0.20000000000000007,1.2999999999999998,19,0.1747276585574797,0.00020151879350288724,30
model_3,0.2,0.20000000000000007,1.2999999999999998,20,0.1755389580415393,0.0001387548821934282,30
model_3,0.2,0.20000000000000007,1.65,0,0.016666666666666666,0.24138888888888888,30
model_3,0.2,0.20000000000000007,1.65,1,0.03766374962516804,0.16380962070058408,30
model_3,0.2,0.20000000000000007,1.65,2,0.055029564831800416,0.11116913094825613,30
model_3,0.2,0.20000000000000007,1.65,3,0.06938024712150616,0.0754466949132377,30
model_3,0.2,0.20000000000000007,1.65,4,0.08123145113397783,0.05120361739885183,30
model_3,0.2,0.20000000000000007,1.65,5,0.09101337874743311,0.034750543499720614,30
model_3,0.2,0.20000000000000007,1.65,6,0.09908399551091784,0.023584191393765677,30
model_3,0.2,0.20000000000000007,1.65,7,0.10574052457365395,0.01600581474294986,30
model_3,0.2,0.20000000000000007,1.65,8,0.11122933455316761,0.010862545211883026,30
model_3,0.2,0.20000000000000007,1.65,9,0.11575436711295332,0.007371950273148281,30
model_3,0.2,0.20000000000000007,1.65,10,0.11948426605841936,0.005002998290977273,30
model_3,0.2,0.20000000000000007,1.65,11,0.12255837228561048,0.0033952810749444157,30
model_3,0.2,0.20000000000000007,1.65,12,0.12509174171844417,0.002304192877072877,30
model_3,0.2,0.20000000000000007,1.65,13,0.12717933042697552,0.0015637234331680398,30
model_3,0.2,0.20000000000000007,1.65,14,0.1288994755001147,0.0010612051708981996,30
model_3,0.2,0.20000000000000007,1.65,15,0.13031678400519986,0.0007201738101484548,30
model_3,0.2,0.20000000000000007,1.65,16,0.1314845267422368,0.00048873570511477,30
model_3,0.2,0.20000000000000007,1.65,17,0.1324466191561662,0.00033167274540111863,30
model_3,0.2,0.20000000000000007,1.65,18,0.1332392589960565,0.0002250840101888382,30
model_3,0.2,0.20000000000000007,1.65,19,0.13389227916760552,0.00015274914428918228,30
model_3,0.2,0.20000000000000007,1.65,20,0.13443026464742644,0.00010366026900529503,30
model_3,0.2,0.20000000000000007,2.0,0,0.016666666666666666,0.24138888888888888,30
model_3,0.2,0.20000000000000007,2.0,1,0.03348805432899065,0.16220627350056813,30
model_3,0.2,0.20000000000000007,2.0,2,0.04731628518713898,0.10900165762644987,30
model_3,0.2,0.20000000000000007,2.0,3,0.05867733397784899,0.07324985039577459,30
model_3,0.2,0.20000000000000007,2.0,4,0.06800702862278253,0.04922484946582695,30
model_3,0.2,0.20000000000000007,2.0,5,0.0756657312109761,0.03307985559709871,30
model_3,0.2,0.20000000000000007,2.0,6,0.08195087855994103,0.022230179236691332,30
model_3,0.2,0.20000000000000007,2.0,7,0.08710761802614535,0.014939006645888382,30
model_3,0.2,0.20000000000000007,2.0,8,0.09133776831281114,0.010039209349594921,30
model_3,0.2,0.20000000000000007,2.0,9,0.09480732656868852,0.006746463931741717,30
model_3,0.2,0.20000000000000007,2.0,10,0.09765272863225741,0.0045336897296352225,30
model_3,0.2,0.20000000000000007,2.0,11,0.09998605024807844,0.0030466765909744923,30
model_3,0.2,0.20000000000000007,2.0,12,0.10189931579752197,0.0020473872070766426,30
model_3,0.2,0.20000000000000007,2.0,13,0.10346805950892606,0.0013758554106075545,30
model_3,0.2,0.20000000000000007,2.0,14,0.1047542635615534,0.0009245808604912943,30
model_3,0.2,0.20000000000000007,2.0,15,0.10580877872088108,0.0006213215223093607,30
model_3,0.2,0.20000000000000007,2.0,16,0.10667331647150588,0.00041752971128830173,30
model_3,0.2,0.20000000000000007,2.0,17,0.10738208711010583,0.00028058079622390864,30
model_3,0.2,0.20000000000000007,2.0,18,0.10796314582703175,0.00018855069718251376,30
model_3,0.2,0.20000000000000007,2.0,19,0.10843949826045944,0.00012670625158446206,30
model_3,0.2,0.20000000000000007,2.0,20,0.10883000813620121,8.514667549996e-05,30
model_3,0.2,0.4,0.6,0,0.016666666666666666,0.24138888888888888,30
model_3,0.2,0.4,0.6,1,0.12608814658715922,0.17197437504534513,30
model_3,0.2,0.4,0.6,2,0.21993833770040763,0.12200119198712328,30
model_3,0.2,0.4,0.6,3,0.29991337497269255,0.08622203125051522,30
model_3,0.2,0.4,0.6,4,0.3677220611833162,0.06073610452199315,30
model_3,0.2,0.4,0.6,5,0.42499217668268235,0.04266394017455476,30
model_3,0.2,0.4,0.6,6,0.47321643914956213,0.029898511940547063,30
model_3,0.2,0.4,0.6,7,0.5137287887618369,0.02091112151979808,30
model_3,0.2,0.4,0.6,8,0.5477001277611292,0.01460107458065682,30
model_3,0.2,0.4,0.6,9,0.5761452795251064,0.010181012337826716,30
model_3,0.2,0.4,0.6,10,0.5999357256210467,0.0070908075936000564,30
model_3,0.2,0.4,0.6,11,0.6198147609468998,0.004933813281922625,30
model_3,0.2,0.4,0.6,12,0.6364130932665889,0.0034302192754553113,30
model_3,0.2,0.4,0.6,13,0.6502637910974516,0.002383260483256909,30
model_3,0.2,0.4,0.6,14,0.6618160233657235,0.001654932045447864,30
model_3,0.2,0.4,0.6,15,0.6714473576725,0.0011486515097902544,30
model_3,0.2,0.4,0.6,16,0.679474572177305,0.0007969471926239362,30
model_3,0.2,0.4,0.6,17,0.6861630406659778,0.0005527540789319529,30
model_3,0.2,0.4,0.6,18,0.69173480388739,0.00038328236335408297,30
model_3,0.2,0.4,0.6,19,0.6963754631063429,0.00026571103085224395,30
model_3,0.2,0.4,0.6,20,0.7002400367327137,0.00018417061721057566,30
model_3,0.2,0.4,0.95,0,0.016666666666666666,0.24138888888888888,30
model_3,0.2,0.4,0.95,1,0.09188644190104886,0.16837483849732005,30
model_3,0.2,0.4,0.95,2,0.15525956558272874,0.11734446715485954,30
model_3,0.2,0.4,0.95,3,0.2085197306835947,0.08171422431932156,30
model_3,0.2,0.4,0.95,4,0.25319247070447076,0.05686137204668999,30
model_3,0.2,0.4,0.95,5,0.2906041314337356,0.03954209767036575,30
model_3,0.2,0.4,0.95,6,0.32189667342950673,0.027482857076965087,30
model_3,0.2,0.4,0.95,7,0.34804584851881293,0.019092293056251774,30
model_3,0.2,0.4,0.95,8,0.369880537156997,0.013258028135155165,30
model_3,0.2,0.4,0.95,9,0.3881017234366564,0.009203461873013796,30
model_3,0.2,0.4,0.95,10,0.40330021206085387,0.006387017613641784,30
model_3,0.2,0.4,0.95,11,0.41597264446845084,0.004431385024796425,30
model_3,0.2,0.4,0.95,12,0.42653566376157154,0.003073917731789387,30
model_3,0.2,0.4,0.95,13,0.435338252278618,0.002131919003205281,30
model_3,0.2,0.4,0.95,14,0.4426723606716979,0.0014783829961595913,30
model_3,0.2,0.4,0.95,15,0.4487819923515169,0.0010250644989098642,30
model_3,0.2,0.4,0.95,16,0.45387092202422613,0.0007106764967775539,30
model_3,0.2,0.4,0.95,17,0.45810922464118015,0.0004926703299823652,30
model_3,0.2,0.4,0.95,18,0.46163877948518156,0.0003415156140243722,30
model_3,0.2,0.4,0.95,19,0.46457789824121326,0.0002367224476986551,30
model_3,0.2,0.4,0.95,20,0.4670252086473107,0.0001640768243816024,30
model_3,0.2,0.4,1.2999999999999998,0,0.016666666666666666,0.24138888888888888,30
model_3,0.2,0.4,1.2999999999999998,1,0.07276704164772384,0.16544211379851897,30
model_3,0.2,0.4,1.2999999999999998,2,0.11945706533321629,0.1133637831854237,30
model_3,0.2,0.4,1.2999999999999998,3,0.1582653582011813,0.07766119380903005,30
model_3,0.2,0.4,1.2999999999999998,4,0.1904892417620924,0.053191543353551814,30
model_3,0.2,0.4,1.2999999999999998,5,0.2172240234899983,0.036424995724985025,30
model_3,0.2,0.4,1.2999999999999998,6,0.23939045087059688,0.024939340417445444,30
model_3,0.2,0.4,1.2999999999999998,7,0.257759835008083,0.01707295701876068,30
model_3,0.2,0.4,1.2999999999999998,8,0.27297652574727976,0.01168637599167091,30
model_3,0.2,0.4,1.2999999999999998,9,0.285577650360855,0.007998458605820255,30
model_3,0.2,0.4,1.2999999999999998,10,0.29601020382413396,0.005473877676359134,30
model_3,0.2,0.4,1.2999999999999998,11,0.3046456868903953,0.003745866097308434,30
model_3,0.2,0.4,1.2999999999999998,12,0.3117925418429281,0.002563202593988878,30
model_3,0.2,0.4,1.2999999999999998,13,0.31770665227081135,0.0017538462130074202,30
model_3,0.2,0.4,1.2999999999999998,14,0.32260016689467724,0.0012000011319612187,30
model_3,0.2,0.4,1.2999999999999998,15,0.326648888612822,0.0008210251560482789,30
model_3,0.2,0.4,1.2999999999999998,16,0.3299984452597095,0.0005617182342454533,30
model_3,0.2,0.4,1.2999999999999998,17,0.33276943219152305,0.0003842996516573103,30
model_3,0.2,0.4,1.2999999999999998,18,0.33506169111060513,0.00026291337008575786,30
model_3,0.2,0.4,1.2999999999999998,19,0.3369578657619563,0.00017986558121961164,30
model_3,0.2,0.4,1.2999999999999998,20,0.3385263538369075,0.0001230488098441519,30
model_3,0.2,0.4,1.65,0,0.016666666666666666,0.24138888888888888,30
model_3,0.2,0.4,1.65,1,0.06091048977155242,0.16341289467821415,30
model_3,0.2,0.4,1.65,2,0.09744136276237689,0.11061735044251068,30
model_3,0.2,0.4,1.65,3,0.12757999511385903,0.07487318103250086,30
model_3,0.2,0.4,1.65,4,0.15242910580986357,0.05067533990079349,30
model_3,0.2,0.4,1.65,5,0.17290667545883157,0.0342955008915924,30
model_3,0.2,0.4,1.65,6,0.18977500462556993,0.023208713550785926,30
model_3,0.2,0.4,1.65,7,0.20366584432454152,0.015705142107025203,30
model_3,0.2,0.4,1.65,8,0.215101913988188,0.010627052741328526,30
model_3,0.2,0.4,1.65,9,0.224515170162628,0.007190630116673119,30
model_3,0.2,0.4,1.65,10,0.23226220990608906,0.004865268930875686,30
model_3,0.2,0.4,1.65,11,0.23863718749451127,0.0032918105578159567,30
model_3,0.2,0.4,1.65,12,0.24388259965747947,0.0022271674028495844,30
model_3,0.2,0.4,1.65,13,0.24819826116704208,0.0015068242526109108,30
model_3,0.2,0.4,1.65,14,0.2517487551686757,0.0010194488940453615,30
model_3,0.2,0.4,1.65,15,0.2546696050876634,0.0006897037889046489,30
model_3,0.2,0.4,1.65,16,0.25707237955117745,0.0004666110759619049,30
model_3,0.2,0.4,1.65,17,0.25904890969736616,0.00031567745941067226,30
model_3,0.2,0.4,1.65,18,0.26067476993834593,0.00021356440959045386,30
model_3,0.2,0.4,1.65,19,0.26201214871381756,0.00014448126220960512,30
model_3,0.2,0.4,1.65,20,0.26311221478796815,9.774442179284622e-05,30
model_3,0.2,0.4,2.0,0,0.016666666666666666,0.24138888888888888,30
model_3,0.2,0.4,2.0,1,0.05292045323916248,0.16197982088842772,30
model_3,0.2,0.4,2.0,2,0.08269249616809854,0.10869098394025399,30
model_3,0.2,0.4,2.0,3,0.10712842001541995,0.0729311249935201,30
model_3,0.2,0.4,2.0,4,0.12717590640948703,0.048934911609303536,30
model_3,0.2,0.4,2.0,5,0.14361736908529898,0.03283310319011438,30
model_3,0.2,0.4,2.0,6,0.15709772905854566,0.02202893434743819,30
model_3,0.2,0.4,2.0,7,0.16814787583157143,0.014779674123839062,30
model_3,0.2,0.4,2.0,8,0.17720436809566414,0.00991579232671004,30
model_3,0.2,0.4,2.0,9,0.1846258932367228,0.006652463100494154,30
model_3,0.2,0.4,2.0,10,0.1907069618215668,0.004463044101229814,30
model_3,0.2,0.4,2.0,11,0.195689263519779,0.0029941569101741426,30
model_3,0.2,0.4,2.0,12,0.1997710588427529,0.0020086926395939254,30
model_3,0.2,0.4,2.0,13,0.20311493020106464,0.001347561904508093,30
model_3,0.2,0.4,2.0,14,0.2058541684025007,0.0009040259551989614,30
model_3,0.2,0.4,2.0,15,0.20809802805810682,0.0006064717035790203,30
model_3,0.2,0.4,2.0,16,0.20993604787382958,0.00040685353796493366,30
model_3,0.2,0.4,2.0,17,0.21144159942457594,0.00027293795322561233,30
model_3,0.2,0.4,2.0,18,0.2126748003956483,0.00018310000149621828,30
model_3,0.2,0.4,2.0,19,0.21368490495447695,0.00012283202200814936,30
model_3,0.2,0.4,2.0,20,0.21451226435727963,8.240126860351446e-05,30
model_3,0.45,-0.4,0.6,0,0.016666666666666666,0.24138888888888888,30
model_3,0.45,-0.4,0.6,1,-0.08181388923326256,0.19443849292824286,30
model_3,0.45,-0.4,0.6,2,-0.1764209153562743,0.15487107115708393,30
model_3,0.45,-0.4,0.6,3,-0.2647443621320666,0.12169197168713312,30
model_3,0.45,-0.4,0.6,4,-0.345338624183339,0.09430450621654103,30
model_3,0.45,-0.4,0.6,5,-0.41764177239860967,0.07211533572822158,30
model_3,0.45,-0.4,0.6,6,-0.48167965796938644,0.05447232371985249,30
model_3,0.45,-0.4,0.6,7,-0.5378304500346398,0.04069165787490868,30
model_3,0.45,-0.4,0.6,8,-0.5866698209596728,0.030101394827054425,30
model_3,0.45,-0.4,0.6,9,-0.6288710469028673,0.02207942664877825,30
model_3,0.45,-0.4,0.6,10,-0.6651397308717559,0.016078419319002862,30
model_3,0.45,-0.4,0.6,11,-0.6961713993808034,0.011636863976014756,30
model_3,0.45,-0.4,0.6,12,-0.7226250396150282,0.008378941278455076,30
model_3,0.45,-0.4,0.6,13,-0.7451079595427639,0.006007133047805832,30
model_3,0.45,-0.4,0.6,14,-0.7641685843710666,0.004291207377464436,30
model_3,0.45,-0.4,0.6,15,-0.7802946272143947,0.0030562302785294686,30
model_3,0.45,-0.4,0.6,16,-0.7939147191304362,0.002171224116143842,30
model_3,0.45,-0.4,0.6,17,-0.8054021096935376,0.001539277039618303,30
model_3,0.45,-0.4,0.6,18,-0.8150794660526129,0.0010893655218607015,30
model_3,0.45,-0.4,0.6,19,-0.8232241158511799,0.0007698407322071913,30
model_3,0.45,-0.4,0.6,20,-0.8300733121324091,0.0005433793697731254,30
model_3,0.45,-0.4,0.95,0,0.016666666666666666,0.24138888888888888,30
model_3,0.45,-0.4,0.95,1,-0.057555836140897786,0.18550845373606015,30
model_3,0.45,-0.4,0.95,2,-0.12510517744019853,0.1422941238946356,30
model_3,0.45,-0.4,0.95,3,-0.1858993880371471,0.10883980118212287,30
model_3,0.45,-0.4,0.95,4,-0.2401279798361775,0.08298764870020273,30
model_3,0.45,-0.4,0.95,5,-0.2881713943175801,0.06307258998663404,30
model_3,0.45,-0.4,0.95,6,-0.3305139103139988,0.047787495993940506,30
model_3,0.45,-0.4,0.95,7,-0.36768080267158243,0.03610070136017719,30
model_3,0.45,-0.4,0.95,8,-0.40019912217433307,0.027198471796371415,30
model_3,0.45,-0.4,0.95,9,-0.42857508088412455,0.020441279682534935,30
model_3,0.45,-0.4,0.95,10,-0.4532819435399162,0.015329013099974094,30
model_3,0.45,-0.4,0.95,11,-0.47475431684419994,0.011472735458265288,30
model_3,0.45,-0.4,0.95,12,-0.4933862842860435,0.008571647320259924,30
model_3,0.45,-0.4,0.95,13,-0.5095318331740605,0.0063943488983206915,30
model_3,0.45,-0.4,0.95,14,-0.5235066224761007,0.004763706717923006,30
model_3,0.45,-0.4,0.95,15,-0.535590498552476,0.0035447365594287765,30
model_3,0.45,-0.4,0.95,16,-0.5460303827051822,0.002634988663481249,30
model_3,0.45,-0.4,0.95,17,-0.5550432895091794,0.0019569845896090653,30
model_3,0.45,-0.4,0.95,18,-0.5628193218120077,0.0014523156268542883,30
model_3,0.45,-0.4,0.95,19,-0.569524545876589,0.0010770710201038337,30
model_3,0.45,-0.4,0.95,20,-0.5753036890737316,0.0007983190863237004,30
model_3,0.45,-0.4,1.2999999999999998,0,0.016666666666666666,0.24138888888888888,30
model_3,0.45,-0.4,1.2999999999999998,1,-0.0419653682327511,0.1790551562877824,30
model_3,0.45,-0.4,1.2999999999999998,2,-0.09362197038300281,0.13279118067492246,30
model_3,0.45,-0.4,1.2999999999999998,3,-0.13887552020503202,0.09841970083369754,30
model_3,0.45,-0.4,1.2999999999999998,4,-0.17833993109663177,0.0728853874426177,30
model_3,0.45,-0.4,1.2999999999999998,5,-0.2126350546000468,0.053928077002283886,30
model_3,0.45,-0.4,1.2999999999999998,6,-0.24235772903117353,0.03986636582262617,30
model_3,0.45,-0.4,1.2999999999999998,7,-0.26806397747889943,0.029446491532858037,30
model_3,0.45,-0.4,1.2999999999999998,8,-0.29026032041000516,0.02173312556631339,30
model_3,0.45,-0.4,1.2999999999999998,9,-0.30940117282145574,0.016028866825087744,30
model_3,0.45,-0.4,1.2999999999999998,10,-0.32588988640523603,0.011814262443716032,30
model_3,0.45,-0.4,1.2999999999999998,11,-0.3400817833555474,0.008702898836885199,30
model_3,0.45,-0.4,1.2999999999999998,12,-0.35228814641709366,0.006407718158436242,30
model_3,0.45,-0.4,1.2999999999999998,13,-0.36278054680840205,0.004715756674837553,30
model_3,0.45,-0.4,1.2999999999999998,14,-0.3717951550745481,0.0034692198980140567,30
model_3,0.45,-0.4,1.2999999999999998,15,-0.37953684090400214,0.002551327373763914,30
model_3,0.45,-0.4,1.2999999999999998,16,-0.38618296450354683,0.0018757439489756047,30
model_3,0.45,-0.4,1.2999999999999998,17,-0.39188681924494795,0.0013787031876537383,30
model_3,0.45,-0.4,1.2999999999999998,18,-0.3967807185364002,0.0010131474848457751,30
model_3,0.45,-0.4,1.2999999999999998,19,-0.4009787386922861,0.0007443756807504191,30
model_3,0.45,-0.4,1.2999999999999998,20,-0.40457913968338116,0.0005468152052739938,30
model_3,0.45,-0.4,1.65,0,0.016666666666666666,0.24138888888888888,30
model_3,0.45,-0.4,1.65,1,-0.03162789664672975,0.17457452756356054,30
model_3,0.45,-0.4,1.65,2,-0.07331554710234899,0.12626953197440188,30
model_3,0.45,-0.4,1.65,3,-0.10917808746977953,0.09132093286585949,30
model_3,0.45,-0.4,1.65,4,-0.13994524625097843,0.06603050884062868,30
model_3,0.45,-0.4,1.65,5,-0.1662846205057817,0.04773076803010313,30
model_3,0.45,-0.4,1.65,6,-0.18879615109352912,0.03449253008832675,30
model_3,0.45,-0.4,1.65,7,-0.20801150468107232,0.024918801843419672,30
model_3,0.45,-0.4,1.65,8,-0.2243969631764855,0.01799750545162053,30
model_3,0.45,-0.4,1.65,9,-0.2383583484431077,0.012995424993404158,30
model_3,0.45,-0.4,1.65,10,-0.2502468832688605,0.009381504755792367,30
model_3,0.45,-0.4,1.65,11,-0.2603652770899714,0.006771254924574018,30
model_3,0.45,-0.4,1.65,12,-0.2689736180192055,0.004886419509114529,30
model_3,0.45,-0.4,1.65,13,-0.2762948487664748,0.0035257113360363645,30
model_3,0.45,-0.4,1.65,14,-0.28251972654228347,0.0025435821592180614,30
model_3,0.45,-0.4,1.65,15,-0.28781123979929146,0.001834828513921674,30
model_3,0.45,-0.4,1.65,16,-0.2923084956877655,0.0013234351573242814,30
model_3,0.45,-0.4,1.65,17,-0.2961301135751778,0.0009544941695742248,30
model_3,0.45,-0.4,1.65,18,-0.29937716974684275,0.000688355049376866,30
model_3,0.45,-0.4,1.65,19,-0.3021357413504225,0.000496392068043414,30
model_3,0.45,-0.4,1.65,20,-0.30447909676248425,0.00035794323519592404,30
model_3,0.45,-0.4,2.0,0,0.016666666666666666,0.24138888888888888,30
model_3,0.45,-0.4,2.0,1,-0.024407902415921275,0.17138313761036325,30
model_3,0.45,-0.4,2.0,2,-0.05938046973184031,0.12170012702125108,30
model_3,0.45,-0.4,2.0,3,-0.08909049026434844,0.08642203852223473,30
model_3,0.45,-0.4,2.0,4,-0.11428392923023731,0.06136697863206482,30
model_3,0.45,-0.4,2.0,5,-0.1356167495580084,0.04357171828449816,30
model_3,0.45,-0.4,2.0,6,-0.15366032103010052,0.030933366626309414,30
model_3,0.45,-0.4,2.0,7,-0.16890850579759453,0.021958406698858644,30
model_3,0.45,-0.4,2.0,8,-0.18178562361634626,0.015585737885641306,30
model_3,0.45,-0.4,2.0,9,-0.1926545853156337,0.011061404066937267,30
model_3,0.45,-0.4,2.0,10,-0.20182471101711696,0.007849711053124332,30
model_3,0.45,-0.4,2.0,11,-0.20955895647596398,0.005570087104098151,30
model_3,0.45,-0.4,2.0,12,-0.2160804197238323,0.00395220506515335,30
model_3,0.45,-0.4,2.0,13,-0.22157809556353836,0.002804078113068405,30
model_3,0.45,-0.4,2.0,14,-0.2262119014496644,0.0019893789758606063,30
model_3,0.45,-0.4,2.0,15,-0.23011702801413678,0.0014113182527395402,30
model_3,0.45,-0.4,2.0,16,-0.2334076807653625,0.0010011871499307234,30
model_3,0.45,-0.4,2.0,17,-0.23618028295924814,0.0007102168043810731,30
model_3,0.45,-0.4,2.0,18,-0.2385162075929861,0.0005037953472119165,30
model_3,0.45,-0.4,2.0,19,-0.24048410156490296,0.0003573606726761846,30
model_3,0.45,-0.4,2.0,20,-0.24214185887401865,0.00025348388754656926,30
model_3,0.45,-0.2,0.6,0,0.016666666666666666,0.24138888888888888,30
model_3,0.45,-0.2,0.6,1,-0.03563913153726064,0.20384814926977815,30
model_3,0.45,-0.2,0.6,2,-0.0876619629288057,0.17298362885065743,30
model_3,0.45,-0.2,0.6,3,-0.1383423887033466,0.1468494780851832,30
model_3,0.45,-0.2,0.6,4,-0.18683340308668991,0.12441895345507661,30
model_3,0.45,-0.2,0.6,5,-0.2326409860542168,0.10506784664187141,30
model_3,0.45,-0.2,0.6,6,-0.27553425319064095,0.0883614193533752,30
model_3,0.45,-0.2,0.6,7,-0.3154406986403291,0.07396554689754344,30
model_3,0.45,-0.2,0.6,8,-0.35237770836622684,0.0616054100117546,30
model_3,0.45,-0.2,0.6,9,-0.3864146247482856,0.051043970893271076,30
model_3,0.45,-0.2,0.6,10,-0.4176526827448166,0.04207006195937274,30
model_3,0.45,-0.2,0.6,11,-0.4462140741945313,0.03449182838846636,30
model_3,0.45,-0.2,0.6,12,-0.47223535458125965,0.02813335808894547,30
model_3,0.45,-0.2,0.6,13,-0.49586284369044986,0.02283319154751874,30
model_3,0.45,-0.2,0.6,14,-0.5172489648192292,0.018443843927340473,30
model_3,0.45,-0.2,0.6,15,-0.5365491010089494,0.014831753568925366,30
model_3,0.45,-0.2,0.6,16,-0.5539188347458142,0.011877279540390806,30
model_3,0.45,-0.2,0.6,17,-0.5695115528085009,0.009474532442259362,30
model_3,0.45,-0.2,0.6,18,-0.5834764307527104,0.007530944545410029,30
model_3,0.45,-0.2,0.6,19,-0.5959568081613688,0.005966570407554303,30
model_3,0.45,-0.2,0.6,20,-0.6070889496593062,0.0047131612700226245,30
model_3,0.45,-0.2,0.95,0,0.016666666666666666,0.24138888888888888,30
model_3,0.45,-0.2,0.95,1,-0.022454991225909833,0.1891227212924013,30
model_3,0.45,-0.2,0.95,2,-0.05849893028134158,0.1485412679602948,30
model_3,0.45,-0.2,0.95,3,-0.09140995667692448,0.11679720693996287,30
model_3,0.45,-0.2,0.95,4,-0.12124402413465592,0.09186600586141014,30
model_3,0.45,-0.2,0.95,5,-0.14814572204481388,0.07224597708464159,30
model_3,0.45,-0.2,0.95,6,-0.17231104095300825,0.05679264234990715,30
model_3,0.45,-0.2,0.95,7,-0.19395812520809885,0.04461935511575523,30
model_3,0.45,-0.2,0.95,8,-0.21330878686372395,0.03503254956112976,30
model_3,0.45,-0.2,0.95,9,-0.2305780930221599,0.02748665902598063,30
model_3,0.45,-0.2,0.95,10,-0.24596903576508852,0.02155120800925095,30
model_3,0.45,-0.2,0.95,11,-0.2596701526377043,0.016886013516637977,30
model_3,0.45,-0.2,0.95,12,-0.27185478436209803,0.013222103116919156,30
model_3,0.45,-0.2,0.95,13,-0.28268121370339616,0.010346832052938034,30
model_3,0.45,-0.2,0.95,14,-0.2922932647894715,0.008092175216195876,30
model_3,0.45,-0.2,0.95,15,-0.3008211321867396,0.006325468110580046,30
model_3,0.45,-0.2,0.95,16,-0.3083823132480899,0.004942062657845937,30
model_3,0.45,-0.2,0.95,17,-0.31508257356560737,0.003859493568571525,30
model_3,0.45,-0.2,0.95,18,-0.3210169058035887,0.0030128429650207638,30
model_3,0.45,-0.2,0.95,19,-0.32627045892071915,0.002351058489657088,30
model_3,0.45,-0.2,0.95,20,-0.33091942431236293,0.00183403121465023,30
model_3,0.45,-0.2,1.2999999999999998,0,0.016666666666666666,0.24138888888888888,30
model_3,0.45,-0.2,1.2999999999999998,1,-0.014285796837961155,0.18069718793570777,30
model_3,0.45,-0.2,1.2999999999999998,2,-0.04169064462393635,0.1354443733085598,30
model_3,0.45,-0.2,1.2999999999999998,3,-0.06583869816964671,0.10159875434963776,30
model_3,0.45,-0.2,1.2999999999999998,4,-0.0870352746412863,0.07623911343404315,30
model_3,0.45,-0.2,1.2999999999999998,5,-0.1055866509059976,0.057218359165252614,30
model_3,0.45,-0.2,1.2999999999999998,6,-0.12178736149915789,0.042944225633181975,30
model_3,0.45,-0.2,1.2999999999999998,7,-0.1359120252519303,0.032229442530295846,30
model_3,0.45,-0.2,1.2999999999999998,8,-0.1482113117117063,0.024185811001669957,30
model_3,0.45,-0.2,1.2999999999999998,9,-0.15891076816249225,0.018147574429815693,30
model_3,0.45,-0.2,1.2999999999999998,10,-0.16821137060956903,0.013615152193335572,30
model_3,0.45,-0.2,1.2999999999999998,11,-0.1762910053799614,0.01021343595945162,30
model_3,0.45,-0.2,1.2999999999999998,12,-0.18330638342354444,0.007660698234956114,30
model_3,0.45,-0.2,1.2999999999999998,13,-0.18939509430772508,0.005745328990394496,30
model_3,0.45,-0.2,1.2999999999999998,14,-0.19467763643946304,0.00430839143095668,30
model_3,0.45,-0.2,1.2999999999999998,15,-0.19925933793218992,0.003230524630250792,30
model_3,0.45,-0.2,1.2999999999999998,16,-0.20323212788137385,0.002422103034802018,30
model_3,0.45,-0.2,1.2999999999999998,17,-0.20667614355304564,0.0018158405952599114,30
model_3,0.45,-0.2,1.2999999999999998,18,-0.20966117321113723,0.0013612317498372295,30
model_3,0.45,-0.2,1.2999999999999998,19,-0.21224794186293297,0.0010203733206042833,30
model_3,0.45,-0.2,1.2999999999999998,20,-0.21448925093087573,0.0007648247680912782,30
model_3,0.45,-0.2,1.65,0,0.016666666666666666,0.24138888888888888,30
model_3,0.45,-0.2,1.65,1,-0.008988627532332708,0.17543372520215583,30
model_3,0.45,-0.2,1.65,2,-0.031182880708004516,0.12759724285274898,30
model_3,0.45,-0.2,1.65,3,-0.050326903203150725,0.0928466545693238,30
model_3,0.45,-0.2,1.65,4,-0.06680078087995953,0.06757778702519103,30
model_3,0.45,-0.2,1.65,5,-0.08095075304503219,0.0491929093622191,30
model_3,0.45,-0.2,1.65,6,-0.09308742105313164,0.03581211660705414,30
model_3,0.45,-0.2,1.65,7,-0.10348596220374481,0.026071559846957845,30
model_3,0.45,-0.2,1.65,8,-0.11238787945702454,0.01898025505216645,30
model_3,0.45,-0.2,1.65,9,-0.12000365555915563,0.013817468554895726,30
model_3,0.45,-0.2,1.65,10,-0.12651581079794755,0.010058723425369159,30
model_3,0.45,-0.2,1.65,11,-0.13208203334153773,0.007322235165477167,30
model_3,0.45,-0.2,1.65,12,-0.13683818707436615,0.0053300415026234045,30
model_3,0.45,-0.2,1.65,13,-0.14090109473182016,0.003879752586824734,30
model_3,0.45,-0.2,1.65,14,-0.14437105245908932,0.002824000807816932,30
model_3,0.45,-0.2,1.65,15,-0.14733406636410495,0.002055483421884132,30
model_3,0.45,-0.2,1.65,16,-0.14986382075393634,0.0014960724696274107,30
model_3,0.45,-0.2,1.65,17,-0.1520233974666236,0.0010888846919814787,30
model_3,0.45,-0.2,1.65,18,-0.15386676986860165,0.0007925065019089594,30
model_3,0.45,-0.2,1.65,19,-0.15544009606295864,0.0005767883184387608,30
model_3,0.45,-0.2,1.65,20,-0.1567828350877012,0.00041978186576297746,30
model_3,0.45,-0.2,2.0,0,0.016666666666666666,0.24138888888888888,30
model_3,0.45,-0.2,2.0,1,-0.005337898767695389,0.17188251561843287,30
model_3,0.45,-0.2,2.0,2,-0.02409278596591456,0.12244821706140938,30
model_3,0.45,-0.2,2.0,3,-0.04004664227558419,0.08725677631748278,30
model_3,0.45,-0.2,2.0,4,-0.053596163543299054,0.06219010641686035,30
model_3,0.45,-0.2,2.0,5,-0.06508919996189225,0.04432892988956577,30
model_3,0.45,-0.2,2.0,6,-0.07482831342160591,0.031599286616920845,30
model_3,0.45,-0.2,2.0,7,-0.08307489588730324,0.02252574582989533,30
model_3,0.45,-0.2,2.0,8,-0.09005356856401542,0.016057779771598394,30
model_3,0.45,-0.2,2.0,9,-0.09595656666653984,0.011447002936432082,30
model_3,0.45,-0.2,2.0,10,-0.100947900576709,0.00816010113380103,30
model_3,0.45,-0.2,2.0,11,-0.10516717387365153,0.0058169510848640775,30
model_3,0.45,-0.2,2.0,12,-0.10873300612950493,0.00414658743198202,30
model_3,0.45,-0.2,2.0,13,-0.11174605221658142,0.0029558450547525353,30
model_3,0.45,-0.2,2.0,14,-0.11429163557369486,0.0021070171517944534,30
model_3,0.45,-0.2,2.0,15,-0.11644202625575192,0.001501932243943857,30
model_3,0.45,-0.2,2.0,16,-0.11825840020125991,0.0010706039523730253,30
model_3,0.45,-0.2,2.0,17,-0.11979251715449811,0.0007631395607815694,30
model_3,0.45,-0.2,2.0,18,-0.12108815312030986,0.0005439714494212378,30
model_3,0.45,-0.2,2.0,19,-0.12218232038052293,0.0003877444821344726,30
model_3,0.45,-0.2,2.0,20,-0.12310630472197177,0.0002763839806230454,30
model_3,0.45,0.0,0.6,0,0.016666666666666666,0.24138888888888888,30
model_3,0.45,0.0,0.6,1,0.015450496507957679,0.20744580499555496,30
model_3,0.45,0.0,0.6,2,0.01446717952634129,0.1804659364400814,30
model_3,0.45,0.0,0.6,3,0.0136173592884988,0.15818650464878967,30
model_3,0.45,0.0,0.6,4,0.012852261841906352,0.1393478904628398,30
model_3,0.45,0.0,0.6,5,0.012148081176795908,0.12318682484284663,30
model_3,0.45,0.0,0.6,6,0.011492596079690357,0.10919445762390634,30
model_3,0.45,0.0,0.6,7,0.010878866025960396,0.09700290593306528,30
model_3,0.45,0.0,0.6,8,0.010302397480533975,0.08633037341400535,30
model_3,0.45,0.0,0.6,9,0.00975989187562861,0.07695272347259015,30
model_3,0.45,0.0,0.6,10,0.00924869057978269,0.0686873419154101,30
model_3,0.45,0.0,0.6,11,0.008766522661254664,0.061383057956528875,30
model_3,0.45,0.0,0.6,12,0.008311383994301114,0.05491331132480256,30
model_3,0.45,0.0,0.6,13,0.007881473992073328,0.04917122902487861,30
model_3,0.45,0.0,0.6,14,0.007475158379846288,0.04406592740985311,30
model_3,0.45,0.0,0.6,15,0.007090944411671046,0.03951965662643553,30
model_3,0.45,0.0,0.6,16,0.006727462582955993,0.035465553401684495,30
model_3,0.45,0.0,0.6,17,0.006383452147447657,0.03184584806515536,30
model_3,0.45,0.0,0.6,18,0.006057749144548918,0.028610418504661228,30
model_3,0.45,0.0,0.6,19,0.005749276254953497,0.02571561338779667,30
model_3,0.45,0.0,0.6,20,0.005457034081401638,0.023123286928005592,30
model_3,0.45,0.0,0.95,0,0.016666666666666666,0.24138888888888888,30
model_3,0.45,0.0,0.95,1,0.014803904256096893,0.19044620008338092,30
model_3,0.45,0.0,0.95,2,0.013188336145108307,0.15089372860739844,30
model_3,0.45,0.0,0.95,3,0.011768730005485999,0.11988863655772425,30
model_3,0.45,0.0,0.95,4,0.01051193627009798,0.09543414696317486,30
model_3,0.45,0.0,0.95,5,0.009394592621729337,0.07606872622605634,30
model_3,0.45,0.0,0.95,6,0.008398869420494207,0.060691621106919794,30
model_3,0.45,0.0,0.95,7,0.007510316462099134,0.048458103614840285,30
model_3,0.45,0.0,0.95,8,0.00671675173680837,0.03871198066205663,30
model_3,0.45,0.0,0.95,9,0.006007658442226073,0.030939405679152255,30
model_3,0.45,0.0,0.95,10,0.005373831417609226,0.02473579580469432,30
model_3,0.45,0.0,0.95,11,0.004807149390378859,0.019781368121574196,30
model_3,0.45,0.0,0.95,12,0.0043004139758311835,0.015822653243859577,30
model_3,0.45,0.0,0.95,13,0.0038472267895633848,0.01265831835132898,30
model_3,0.45,0.0,0.95,14,0.0034418903457212285,0.010128183069816518,30
model_3,0.45,0.0,0.95,15,0.003079325208565803,0.008104646332790013,30
model_3,0.45,0.0,0.95,16,0.0027549991554096914,0.006485958517501737,30
model_3,0.45,0.0,0.95,17,0.0024648657574876036,0.005190919801688109,30
model_3,0.45,0.0,0.95,18,0.002205310653356098,0.004154688979304934,30
model_3,0.45,0.0,0.95,19,0.0019731042772497655,0.0033254617744981688,30
model_3,0.45,0.0,0.95,20,0.001765360100422712,0.002661832992691606,30
model_3,0.45,0.0,1.2999999999999998,0,0.016666666666666666,0.24138888888888888,30
model_3,0.45,0.0,1.2999999999999998,1,0.01444320058418357,0.1812786514668994,30
model_3,0.45,0.0,1.2999999999999998,2,0.012531566937092746,0.1363952232235741,30
model_3,0.45,0.0,1.2999999999999998,3,0.010880663700878958,0.102753173931937,30
model_3,0.45,0.0,1.2999999999999998,4,0.00945119551353925,0.07747425407212573,30
model_3,0.45,0.0,1.2999999999999998,5,0.008211576227413107,0.05844821960866365,30
model_3,0.45,0.0,1.2999999999999998,6,0.007135633640241406,0.04411250378313151,30
model_3,0.45,0.0,1.2999999999999998,7,0.006201261949565998,0.03330259578354262,30
model_3,0.45,0.0,1.2999999999999998,8,0.005389573124653347,0.025146967002134132,30
model_3,0.45,0.0,1.2999999999999998,9,0.004684318280079248,0.018991525082952564,30
model_3,0.45,0.0,1.2999999999999998,10,0.004071462970782443,0.014344430389916207,30
model_3,0.45,0.0,1.2999999999999998,11,0.0035388567570209897,0.01083536015547129,30
model_3,0.45,0.0,1.2999999999999998,12,0.003075965378725672,0.008185226454569186,30
model_3,0.45,0.0,1.2999999999999998,13,0.0026736478385961143,0.0061835588537169466,30
model_3,0.45,0.0,1.2999999999999998,14,0.0023239677860056505,0.004671557034423223,30
model_3,0.45,0.0,1.2999999999999998,15,0.002020032319804227,0.0035293632966167956,30
model_3,0.45,0.0,1.2999999999999998,16,0.0017558533855499769,0.0026664888757170113,30
model_3,0.45,0.0,1.2999999999999998,17,0.001526228155577301,0.002014604258890931,30
model_3,0.45,0.0,1.2999999999999998,18,0.0013266355512651835,0.0015221051951531661,30
model_3,0.45,0.0,1.2999999999999998,19,0.0011531465954237466,0.001150014520700686,30
model_3,0.45,0.0,1.2999999999999998,20,0.001002346670005109,0.0008688900016084335,30
model_3,0.45,0.0,1.65,0,0.016666666666666666,0.24138888888888888,30
model_3,0.45,0.0,1.65,1,0.014220535795032225,0.17573234168078178,30
model_3,0.45,0.0,1.65,2,0.012140766216642986,0.12806135211518663,30
model_3,0.45,0.0,1.65,3,0.010368905868485094,0.09338335733328933,30
model_3,0.45,0.0,1.65,4,0.008857550942397586,0.06812574335271486,30
model_3,0.45,0.0,1.65,5,0.007567478543048572,0.04971435931113149,30
model_3,0.45,0.0,1.65,6,0.006465819387346395,0.036286135806726114,30
model_3,0.45,0.0,1.65,7,0.005524813597734165,0.026488709337924708,30
model_3,0.45,0.0,1.65,8,0.004720906840765757,0.019338542163164045,30
model_3,0.45,0.0,1.65,9,0.004034057563147808,0.014119422535320073,30
model_3,0.45,0.0,1.65,10,0.003447184805910659,0.010309359128660009,30
model_3,0.45,0.0,1.65,11,0.0029457163444428455,0.007527691357151941,30
model_3,0.45,0.0,1.65,12,0.0025172126960634885,0.005496712328511229,30
model_3,0.45,0.0,1.65,13,0.002151051018936768,0.004013767355985935,30
model_3,0.45,0.0,1.65,14,0.0018381576948544402,0.0029309415581277843,30
model_3,0.45,0.0,1.65,15,0.0015707812391709411,0.0021402588777760796,30
model_3,0.45,0.0,1.65,16,0.001342299011283645,0.0015628902977915058,30
model_3,0.45,0.0,1.65,17,0.0011470524613277392,0.001141281804268145,30
model_3,0.45,0.0,1.65,18,0.0009802065760175247,0.000833410370014527,30
model_3,0.45,0.0,1.65,19,0.0008376299021141249,0.0006085917748457031,30
model_3,0.45,0.0,1.65,20,0.0007157920979483516,0.0004444205280969907,30
model_3,0.45,0.0,2.0,0,0.016666666666666666,0.24138888888888888,30
model_3,0.45,0.0,2.0,1,0.014070928226328197,0.17205419737976557,30
model_3,0.45,0.0,2.0,2,0.011883536148000544,0.12270616058166611,30
model_3,0.45,0.0,2.0,3,0.010038262399967468,0.08754554107096822,30
model_3,0.45,0.0,2.0,4,0.008480586407628712,0.06247585768905261,30
model_3,0.45,0.0,2.0,5,0.007165169467783539,0.044592767245606346,30
model_3,0.45,0.0,2.0,6,0.006054071020323503,0.031832196037559136,30
model_3,0.45,0.0,2.0,7,0.0051154198106276045,0.0227249436054625,30
model_3,0.45,0.0,2.0,8,0.00432238109545569,0.016224165976320645,30
model_3,0.45,0.0,2.0,9,0.0036523292819244696,0.011583453952387622,30
model_3,0.45,0.0,2.0,10,0.0030861716676580876,0.008270370716205674,30
model_3,0.45,0.0,2.0,11,0.0026077885719324938,0.005904997242974419,30
model_3,0.45,0.0,2.0,12,0.002203566140218573,0.004216187379245608,30
model_3,0.45,0.0,2.0,13,0.0018620045906428601,0.00301039833397444,30
model_3,0.45,0.0,2.0,14,0.0015733887515692055,0.0021494668230892934,30
model_3,0.45,0.0,2.0,15,0.001329510488421489,0.0015347563913978865,30
model_3,0.45,0.0,2.0,16,0.0011234345905817224,0.0010958459766342164,30
model_3,0.45,0.0,2.0,17,0.0009493011800234541,0.0007824571273339325,30
model_3,0.45,0.0,2.0,18,0.0008021588739248815,0.0005586917660947314,30
model_3,0.45,0.0,2.0,19,0.0006778238771488531,0.00039891877715122624,30
model_3,0.45,0.0,2.0,20,0.0005727609544138978,0.0002848374143675236,30
model_3,0.45,0.20000000000000007,0.6,0,0.016666666666666666,0.24138888888888888,30
model_3,0.45,0.20000000000000007,0.6,1,0.06626763326424857,0.20392248834732174,30
model_3,0.45,0.20000000000000007,0.6,2,0.11591535849984512,0.1730658498328391,30
model_3,0.45,0.20000000000000007,0.6,3,0.1644032222215439,0.14690974580567112,30
model_3,0.45,0.20000000000000007,0.6,4,0.21082465874295286,0.12445114239612495,30
model_3,0.45,0.20000000000000007,0.6,5,0.2546645095023867,0.10507641016292192,30
model_3,0.45,0.20000000000000007,0.6,6,0.29568674747163615,0.08835377536986433,30
model_3,0.45,0.20000000000000007,0.6,7,0.33381997664855223,0.07394866883658553,30
model_3,0.45,0.20000000000000007,0.6,8,0.36908461753381816,0.06158465359029334,30
model_3,0.45,0.20000000000000007,0.6,9,0.40155296615698416,0.05102292994514636,30
model_3,0.45,0.20000000000000007,0.6,10,0.43132819489931096,0.042050839029216386,30
model_3,0.45,0.20000000000000007,0.6,11,0.4585330290510788,0.03447542359240585,30
model_3,0.45,0.20000000000000007,0.6,12,0.4833030720411439,0.028120040063673395,30
model_3,0.45,0.20000000000000007,0.6,13,0.5057823015887102,0.02282279664442838,30
model_3,0.45,0.20000000000000007,0.6,14,0.5261196022040383,0.018435992188752602,30
model_3,0.45,0.20000000000000007,0.6,15,0.5444658599983142,0.014825990281097894,30
model_3,0.45,0.20000000000000007,0.6,16,0.5609714510239892,0.011873158760036058,30
model_3,0.45,0.20000000000000007,0.6,17,0.5757840821301674,0.00947165959340799,30
model_3,0.45,0.20000000000000007,0.6,18,0.5890469854971995,0.007528992637614261,30
model_3,0.45,0.20000000000000007,0.6,19,0.6008974715132847,0.005965280845482016,30
model_3,0.45,0.20000000000000007,0.6,20,0.6114658333066791,0.004712336791512498,30
model_3,0.45,0.20000000000000007,0.95,0,0.016666666666666666,0.24138888888888888,30
model_3,0.45,0.20000000000000007,0.95,1,0.05195998022788998,0.18914571671601926,30
model_3,0.45,0.20000000000000007,0.95,2,0.08466233426128494,0.14856868432421522,30
model_3,0.45,0.20000000000000007,0.95,3,0.11462579573646006,0.1168215139550624,30
model_3,0.45,0.20000000000000007,0.95,4,0.14184597403545648,0.09188515643275405,30
model_3,0.45,0.20000000000000007,0.95,5,0.16642403609853892,0.07226018115008379,30
model_3,0.45,0.20000000000000007,0.95,6,0.1885218972123741,0.05680281982033671,30
model_3,0.45,0.20000000000000007,0.95,7,0.20832929323313557,0.04462649512813573,30
model_3,0.45,0.20000000000000007,0.95,8,0.22604346498328307,0.03503749152256086,30
model_3,0.45,0.20000000000000007,0.95,9,0.24185778876422273,0.02749004919911185,30
model_3,0.45,0.20000000000000007,0.95,10,0.2559559048443776,0.021553519498855537,30
model_3,0.45,0.20000000000000007,0.95,11,0.26850899870793554,0.01688758271730287,30
model_3,0.45,0.20000000000000007,0.95,12,0.2796748214403883,0.013223164959370851,30
model_3,0.45,0.20000000000000007,0.95,13,0.28959764524812354,0.010347548727064828,30
model_3,0.45,0.20000000000000007,0.95,14,0.29840871010334746,0.008092657844666295,30
model_3,0.45,0.20000000000000007,0.95,15,0.3062269192852535,0.006325792437673331,30
model_3,0.45,0.20000000000000007,0.95,16,0.31315965154003134,0.004942280129804416,30
model_3,0.45,0.20000000000000007,0.95,17,0.3193036167328086,0.003859639039547829,30
model_3,0.45,0.20000000000000007,0.95,18,0.32474571371217936,0.003012940003204707,30
model_3,0.45,0.20000000000000007,0.95,19,0.3295638665286865,0.002351123007097091,30
model_3,0.45,0.20000000000000007,0.95,20,0.333827824993837,0.0018340739395426775,30
model_3,0.45,0.20000000000000007,1.2999999999999998,0,0.016666666666666666,0.24138888888888888,30
model_3,0.45,0.20000000000000007,1.2999999999999998,1,0.04312609265231312,0.18070674617195778,30
model_3,0.45,0.20000000000000007,1.2999999999999998,2,0.06666536235979051,0.1354558698989505,30
model_3,0.45,0.20000000000000007,1.2999999999999998,3,0.08747506053773334,0.10160917233065402,30
model_3,0.45,0.20000000000000007,1.2999999999999998,4,0.10578270975133804,0.07624758030042285,30
model_3,0.45,0.20000000000000007,1.2999999999999998,5,0.12183147023892323,0.05722488365692574,30
model_3,0.45,0.20000000000000007,1.2999999999999998,6,0.13586315635527785,0.04294911253930169,30
model_3,0.45,0.20000000000000007,1.2999999999999998,7,0.14810756986924878,0.03223304673883856,30
model_3,0.45,0.20000000000000007,1.2999999999999998,8,0.15877689565762498,0.024188447753069827,30
model_3,0.45,0.20000000000000007,1.2999999999999998,9,0.16806344933233558,0.018149496234839996,30
model_3,0.45,0.20000000000000007,1.2999999999999998,10,0.17613942586051506,0.013616551385137846,30
model_3,0.45,0.20000000000000007,1.2999999999999998,11,0.183157747703127,0.010214455165730645,30
model_3,0.45,0.20000000000000007,1.2999999999999998,12,0.1892534581593785,0.007661441706961915,30
model_3,0.45,0.20000000000000007,1.2999999999999998,13,0.19454533589342213,0.00574587236722828,30
model_3,0.45,0.20000000000000007,1.2999999999999998,14,0.199137548839883,0.004308789418586686,30
model_3,0.45,0.20000000000000007,1.2999999999999998,15,0.20312125009753124,0.0032308167715681445,30
model_3,0.45,0.20000000000000007,1.2999999999999998,16,0.20657606728517686,0.0024223179405539405,30
model_3,0.45,0.20000000000000007,1.2999999999999998,17,0.20957146459344955,0.0018159990058436886,30
model_3,0.45,0.20000000000000007,1.2999999999999998,18,0.2121679722403076,0.001361348736477881,30
model_3,0.45,0.20000000000000007,1.2999999999999998,19,0.21441828643797867,0.0010204598637533837,30
model_3,0.45,0.20000000000000007,1.2999999999999998,20,0.21636824732788845,0.0007648888891619653,30
model_3,0.45,0.20000000000000007,1.65,0,0.016666666666666666,0.24138888888888888,30
model_3,0.45,0.20000000000000007,1.65,1,0.03740568630414679,0.1754385159806618,30
model_3,0.45,0.20000000000000007,1.65,2,0.05542028145897591,0.12760298995506125,30
model_3,0.45,0.20000000000000007,1.65,3,0.07100460238876022,0.09285185932521543,30
model_3,0.45,0.20000000000000007,1.65,4,0.08444376950258566,0.06758201490590751,30
model_3,0.45,0.20000000000000007,1.65,5,0.09600519872474514,0.049196162516478174,30
model_3,0.45,0.20000000000000007,1.65,6,0.10593327586920172,0.03581454589490081,30
model_3,0.45,0.20000000000000007,1.65,7,0.11444715612584419,0.026073342869379564,30
model_3,0.45,0.20000000000000007,1.65,8,0.12174074894714706,0.018981550719226886,30
model_3,0.45,0.20000000000000007,1.65,9,0.12798400970854293,0.013818404798374529,30
model_3,0.45,0.20000000000000007,1.65,10,0.13332490383946777,0.010059397978034762,30
model_3,0.45,0.20000000000000007,1.65,11,0.13789163668766566,0.007322720568752204,30
model_3,0.45,0.20000000000000007,1.65,12,0.14179490816667767,0.005330390720150823,30
model_3,0.45,0.20000000000000007,1.65,13,0.14513005997360504,0.003880003926669694,30
model_3,0.45,0.20000000000000007,1.65,14,0.14797905032110478,0.0028241818362646077,30
model_3,0.45,0.20000000000000007,1.65,15,0.15041223082140184,0.0020556139263026517,30
model_3,0.45,0.20000000000000007,1.65,16,0.1524899226447968,0.001496166641561623,30
model_3,0.45,0.20000000000000007,1.65,17,0.1542638011271974,0.0010889527111500087,30
model_3,0.45,0.20000000000000007,1.65,18,0.15577810388424215,0.000792555675651163,30
model_3,0.45,0.20000000000000007,1.65,19,0.15707067981010292,0.0005768238976863962,30
model_3,0.45,0.20000000000000007,1.65,20,0.15817389666129064,0.00041980762822075126,30
model_3,0.45,0.20000000000000007,2.0,0,0.016666666666666666,0.24138888888888888,30
model_3,0.45,0.20000000000000007,2.0,1,0.03346581185809083,0.17188523504354333,30
model_3,0.45,0.20000000000000007,2.0,2,0.04783490318341904,0.12245146531231223,30
model_3,0.45,0.20000000000000007,2.0,3,0.06008996712542526,0.08725970595419986,30
model_3,0.45,0.20000000000000007,2.0,4,0.07051835273722722,0.06219247480774291,30
model_3,0.45,0.20000000000000007,2.0,5,0.07937686980641016,0.044330741475921885,30
model_3,0.45,0.20000000000000007,2.0,6,0.08689182990538297,0.03160062961599684,30
model_3,0.45,0.20000000000000007,2.0,7,0.09326053581306569,0.022526723048221606,30
model_3,0.45,0.20000000000000007,2.0,8,0.09865362939191172,0.016058482805766383,30
model_3,0.45,0.20000000000000007,2.0,9,0.1032178271038029,0.011447505238956114,30
model_3,0.45,0.20000000000000007,2.0,10,0.10707872893424822,0.0081604585523028,30
model_3,0.45,0.20000000000000007,2.0,11,0.11034351409877548,0.0058172048252390285,30
model_3,0.45,0.20000000000000007,2.0,12,0.11310342542274814,0.004146767360523488,30
model_3,0.45,0.20000000000000007,2.0,13,0.11543600055301635,0.002955972587645214,30
model_3,0.45,0.20000000000000007,2.0,14,0.11740704166842948,0.0021071075477442436,30
model_3,0.45,0.20000000000000007,2.0,15,0.11907233400573418,0.00150199633443957,30
model_3,0.45,0.20000000000000007,2.0,16,0.12047913293127543,0.0010706494111054037,30
model_3,0.45,0.20000000000000007,2.0,17,0.12166744318370357,0.0007631718195333531,30
model_3,0.45,0.20000000000000007,2.0,18,0.12267111464077617,0.0005439943523342684,30
model_3,0.45,0.20000000000000007,2.0,19,0.12351877796964719,0.00038776075036921,30
model_3,0.45,0.20000000000000007,2.0,20,0.12423464167146013,0.0002763955412948793,30
model_3,0.45,0.4,0.6,0,0.016666666666666666,0.24138888888888888,30
model_3,0.45,0.4,0.6,1,0.1117206973869907,0.194546099232202,30
model_3,0.45,0.4,0.6,2,0.20305198822729797,0.15500089096268,30
model_3,0.45,0.4,0.6,3,0.2882596766601744,0.12181031652677063,30
model_3,0.45,0.4,0.6,4,0.3659379677827132,0.09440304853724014,30
model_3,0.45,0.4,0.6,5,0.4355590488693881,0.07219458011617486,30
model_3,0.45,0.4,0.6,6,0.4971684946938431,0.05453492830936182,30
model_3,0.45,0.4,0.6,7,0.5511500041737373,0.0407404408077982,30
model_3,0.45,0.4,0.6,8,0.598073447558638,0.03013890803662289,30
model_3,0.45,0.4,0.6,9,0.6385983411597883,0.02210790461886183,30
model_3,0.45,0.4,0.6,10,0.6734116238397305,0.016099780379705806,30
model_3,0.45,0.4,0.6,11,0.7031876894293535,0.011652715836578752,30
model_3,0.45,0.4,0.6,12,0.7285637037364355,0.00839059600161577,30
model_3,0.45,0.4,0.6,13,0.7501256690391156,0.006015634545622136,30
model_3,0.45,0.4,0.6,14,0.7684019697815612,0.004297367834471277,30
model_3,0.45,0.4,0.6,15,0.7838619568613345,0.003060669792119986,30
model_3,0.45,0.4,0.6,16,0.7969177571726505,0.0021744088365419196,30
model_3,0.45,0.4,0.6,17,0.8079279986771315,0.0015415529886273621,30
model_3,0.45,0.4,0.6,18,0.8172025372055961,0.0010909869314326527,30
model_3,0.45,0.4,0.6,19,0.825007571493203,0.0007709928485368606,30
model_3,0.45,0.4,0.6,20,0.8315707525579256,0.0005441962655567322,30
model_3,0.45,0.4,0.95,0,0.016666666666666666,0.24138888888888888,30
model_3,0.45,0.4,0.95,1,0.08677686450048407,0.18554775346392433,30
model_3,0.45,0.4,0.95,2,0.15069700689868973,0.1423411626065338,30
model_3,0.45,0.4,0.95,3,0.20827771552753022,0.10888211519048722,30
model_3,0.45,0.4,0.95,4,0.259661945595168,0.08302182675455258,30
model_3,0.45,0.4,0.95,5,0.3051927086077741,0.06309883750196377,30
model_3,0.45,0.4,0.95,6,0.3453213087121252,0.047807148974873814,30
model_3,0.45,0.4,0.95,7,0.38054276648143776,0.0361152304195435,30
model_3,0.45,0.4,0.95,8,0.4113560296669067,0.0272091478755261,30
model_3,0.45,0.4,0.95,9,0.4382412224008111,0.02044910509046828,30
model_3,0.45,0.4,0.95,10,0.46164753450816753,0.015334745604312203,30
model_3,0.45,0.4,0.95,11,0.4819875240714649,0.011476936291491555,30
model_3,0.45,0.4,0.95,12,0.4996352383942716,0.008574728122162516,30
model_3,0.45,0.4,0.95,13,0.5149265900057165,0.006396610361195332,30
model_3,0.45,0.4,0.95,14,0.5281610396507472,0.00476536825010987,30
model_3,0.45,0.4,0.95,15,0.5396040014386128,0.0035459583250880802,30
model_3,0.45,0.4,0.95,16,0.5494896029562849,0.002635887709260895,30
model_3,0.45,0.4,0.95,17,0.5580235672904689,0.0019576465678944124,30
model_3,0.45,0.4,0.95,18,0.5653860693030206,0.0014528033015522048,30
model_3,0.45,0.4,0.95,19,0.571734474491514,0.0010774304406503106,30
model_3,0.45,0.4,0.95,20,0.5772059062538442,0.0007985840760607437,30
model_3,0.45,0.4,1.2999999999999998,0,0.016666666666666666,0.24138888888888888,30
model_3,0.45,0.4,1.2999999999999998,1,0.07067435510907027,0.17907262903823346,30
model_3,0.45,0.4,1.2999999999999998,2,0.11834786457683116,0.13281213677649492,30
model_3,0.45,0.4,1.2999999999999998,3,0.16016424582166364,0.09843865956141996,30
model_3,0.45,0.4,1.2999999999999998,4,0.1966611559409721,0.0729007797639501,30
model_3,0.45,0.4,1.2999999999999998,5,0.2283948167109039,0.053939927677910296,30
model_3,0.45,0.4,1.2999999999999998,6,0.25590769886491815,0.03987523195653519,30
model_3,0.45,0.4,1.2999999999999998,7,0.2797088145481842,0.029453019363614667,30
model_3,0.45,0.4,1.2999999999999998,8,0.3002638206284978,0.021737889205123883,30
model_3,0.45,0.4,1.2999999999999998,9,0.3179915519057094,0.016032326745155118,30
model_3,0.45,0.4,1.2999999999999998,10,0.3332643838513939,0.011816769973568678,30
model_3,0.45,0.4,1.2999999999999998,11,0.3464106972741522,0.008704714928408632,30
model_3,0.45,0.4,1.2999999999999998,12,0.3577183745541206,0.006409033774621685,30
model_3,0.45,0.4,1.2999999999999998,13,0.3674386918763566,0.004716710434326942,30
model_3,0.45,0.4,1.2999999999999998,14,0.3757902432683023,0.003469912012708849,30
model_3,0.45,0.4,1.2999999999999998,15,0.382962696734599,0.002551830169356871,30
model_3,0.45,0.4,1.2999999999999998,16,0.38912028085481976,0.0018761096137145006,30
model_3,0.45,0.4,1.2999999999999998,17,0.3944049579765526,0.0013789694030822944,30
model_3,0.45,0.4,1.2999999999999998,18,0.3989392736730967,0.0010133414882214631,30
model_3,0.45,0.4,1.2999999999999998,19,0.4028288911337103,0.000744517186052264,30
model_3,0.45,0.4,1.2999999999999998,20,0.40616482941826043,0.0005469185012109178,30
model_3,0.45,0.4,1.65,0,0.016666666666666666,0.24138888888888888,30
model_3,0.45,0.4,1.65,1,0.059975373443190975,0.1745835740799378,30
model_3,0.45,0.4,1.65,2,0.09742580914347891,0.1262803569066021,30
model_3,0.45,0.4,1.65,3,0.1296835800314449,0.09133071318887276,30
model_3,0.45,0.4,1.65,4,0.15738277597166228,0.0660384343146874,30
model_3,0.45,0.4,1.65,5,0.18111090117811923,0.0477368501526637,30
model_3,0.45,0.4,1.65,6,0.20140016532981878,0.03449705827370457,30
model_3,0.45,0.4,1.65,7,0.21872466203982074,0.024922113995535913,30
model_3,0.45,0.4,1.65,8,0.23350161228725855,0.017999902903022412,30
model_3,0.45,0.4,1.65,9,0.2460949874993873,0.012997149778578744,30
model_3,0.45,0.4,1.65,10,0.25682030220071755,0.009382741384685781,30
model_3,0.45,0.4,1.65,11,0.26594980336178525,0.006772140035826983,30
model_3,0.45,0.4,1.65,12,0.273717601168676,0.004887052603129005,30
model_3,0.45,0.4,1.65,13,0.28032449447041996,0.003526164160276193,30
model_3,0.45,0.4,1.65,14,0.28594237337147604,0.002543906159661956,30
model_3,0.45,0.4,1.65,15,0.2907181580892075,0.0018350604692599067,30
model_3,0.45,0.4,1.65,16,0.2947772766999319,0.0013236013249153737,30
model_3,0.45,0.4,1.65,17,0.29822670762651843,0.0009546132887819907,30
model_3,0.45,0.4,1.65,18,0.3011576238389214,0.0006884404975977447,30
model_3,0.45,0.4,1.65,19,0.30364767979163615,0.00049645340073079,30
model_3,0.45,0.4,1.65,20,0.30576298217733167,0.00035798728312880457,30
model_3,0.45,0.4,2.0,0,0.016666666666666666,0.24138888888888888,30
model_3,0.45,0.4,2.0,1,0.05249499934230922,0.17138836494167317,30
model_3,0.45,0.4,2.0,2,0.08304977263970365,0.12170635981127907,30
model_3,0.45,0.4,2.0,3,0.10903724532215264,0.0864276501657407,30
model_3,0.45,0.4,2.0,4,0.13109306636319584,0.061371506989161204,30
model_3,0.45,0.4,2.0,5,0.1497810398647247,0.04357517523282633,30
model_3,0.45,0.4,2.0,6,0.16559516561353096,0.03093592386136141,30
model_3,0.45,0.4,2.0,7,0.17896417677591583,0.021960263005213816,30
model_3,0.45,0.4,2.0,8,0.1902574926931865,0.015587069853439474,30
model_3,0.45,0.4,2.0,9,0.19979171636418355,0.011062353003488215,30
model_3,0.45,0.4,2.0,10,0.20783709893260482,0.00785038418712294,30
model_3,0.45,0.4,2.0,11,0.21462363422710307,0.0055705633929519285,30
model_3,0.45,0.4,2.0,12,0.22034661370858105,0.003952541613984153,30
model_3,0.45,0.4,2.0,13,0.22517157830324058,0.0028043157732080097,30
model_3,0.45,0.4,2.0,14,0.2292386663437567,0.0019895467776299986,30
model_3,0.45,0.4,2.0,15,0.23266639117983098,0.001411436745057607,30
model_3,0.45,0.4,2.0,16,0.2355548986802837,0.0010012708462381248,30
model_3,0.45,0.4,2.0,17,0.23798876095742688,0.0007102759441455096,30
model_3,0.45,0.4,2.0,18,0.24003936273171614,0.0005038371517083528,30
model_3,0.45,0.4,2.0,19,0.24176693361604157,0.0003573902348222004,30
model_3,0.45,0.4,2.0,20,0.2432222749156417,0.00025350480024146667,30
model_3,0.7,-0.4,0.6,0,0.016666666666666666,0.24138888888888888,30
model_3,0.7,-0.4,0.6,1,-0.0636052206608858,0.21438089346028505,30
model_3,0.7,-0.4,0.6,2,-0.14880613253650837,0.18952944658892365,30
model_3,0.7,-0.4,0.6,3,-0.23533294498228768,0.1650911608071681,30
model_3,0.7,-0.4,0.6,4,-0.319375022785461,0.14125597959481137,30
model_3,0.7,-0.4,0.6,5,-0.3984828749458716,0.11858299341987347,30
model_3,0.7,-0.4,0.6,6,-0.4713317312865687,0.09758773452483009,30
model_3,0.7,-0.4,0.6,7,-0.537309156690239,0.07866510109778771,30
model_3,0.7,-0.4,0.6,8,-0.5962554081509661,0.06208026413767356,30
model_3,0.7,-0.4,0.6,9,-0.6483054960030482,0.04796777318556123,30
model_3,0.7,-0.4,0.6,10,-0.6937882039105854,0.0363239215205555,30
model_3,0.7,-0.4,0.6,11,-0.7331604437859511,0.027006767668839672,30
model_3,0.7,-0.4,0.6,12,-0.766960507251898,0.01976128486735037,30
model_3,0.7,-0.4,0.6,13,-0.7957692003694591,0.014266531932703346,30
model_3,0.7,-0.4,0.6,14,-0.82017584155468,0.010186461363926277,30
model_3,0.7,-0.4,0.6,15,-0.8407507579120665,0.007208480522454857,30
model_3,0.7,-0.4,0.6,16,-0.8580259627182102,0.005064587208575338,30
model_3,0.7,-0.4,0.6,17,-0.8724839028139034,0.0035379037379599672,30
model_3,0.7,-0.4,0.6,18,-0.8845527853069032,0.002460069902980419,30
model_3,0.7,-0.4,0.6,19,-0.894606555948174,0.0017042927567003732,30
model_3,0.7,-0.4,0.6,20,-0.9029677864143393,0.0011772003296909377,30
model_3,0.7,-0.4,0.95,0,0.016666666666666666,0.24138888888888888,30
model_3,0.7,-0.4,0.95,1,-0.04889961665003646,0.20110724304546918,30
model_3,0.7,-0.4,0.95,2,-0.11343543300377423,0.16766312926189988,30
model_3,0.7,-0.4,0.95,3,-0.17554149337284192,0.13931870347531267,30
model_3,0.7,-0.4,0.95,4,-0.23418139695920606,0.11515602371846798,30
model_3,0.7,-0.4,0.95,5,-0.2887862557400237,0.09458482125699803,30
model_3,0.7,-0.4,0.95,6,-0.3391238903019973,0.07715636485715845,30
model_3,0.7,-0.4,0.95,7,-0.3851687180513716,0.06249202697764437,30
model_3,0.7,-0.4,0.95,8,-0.4270179993330723,0.0502531167266118,30
model_3,0.7,-0.4,0.95,9,-0.46484342488897534,0.04012783131207126,30
model_3,0.7,-0.4,0.95,10,-0.4988628024784981,0.031826616106191884,30
model_3,0.7,-0.4,0.95,11,-0.5293221555010109,0.025081800169531574,30
model_3,0.7,-0.4,0.95,12,-0.5564832231447181,0.01964903079065418,30
model_3,0.7,-0.4,0.95,13,-0.5806140349781603,0.0153089470338194,30
model_3,0.7,-0.4,0.95,14,-0.60198155369175,0.011868210357309132,30
model_3,0.7,-0.4,0.95,15,-0.6208459546718849,0.009159527760896187,30
model_3,0.7,-0.4,0.95,16,-0.6374563221058261,0.007040659228581237,30
model_3,0.7,-0.4,0.95,17,-0.6520475949204462,0.005392605352249648,30
model_3,0.7,-0.4,0.95,18,-0.6648385948592764,0.0041172523945003404,30
model_3,0.7,-0.4,0.95,19,-0.6760309594374353,0.0031347503202144994,30
model_3,0.7,-0.4,0.95,20,-0.6858088011123149,0.002380852272841207,30
model_3,0.7,-0.4,1.2999999999999998,0,0.016666666666666666,0.24138888888888888,30
model_3,0.7,-0.4,1.2999999999999998,1,-0.03741688990888548,0.1918893428704767,30
model_3,0.7,-0.4,1.2999999999999998,2,-0.08804537983337112,0.1527632882505569,30
model_3,0.7,-0.4,1.2999999999999998,3,-0.1348514241805669,0.12157254887481334,30
model_3,0.7,-0.4,1.2999999999999998,4,-0.17768956545154105,0.09662233952154449,30
model_3,0.7,-0.4,1.2999999999999998,5,-0.21660580254528136,0.07665138642421944,30
model_3,0.7,-0.4,1.2999999999999998,6,-0.2517678785398946,0.060680416965963734,30
model_3,0.7,-0.4,1.2999999999999998,7,-0.28340864734889365,0.04793082847439768,30
model_3,0.7,-0.4,1.2999999999999998,8,-0.3117896538633323,0.037775734416317534,30
model_3,0.7,-0.4,1.2999999999999998,9,-0.3371798248930627,0.029707347754667775,30
model_3,0.7,-0.4,1.2999999999999998,10,-0.3598435378438654,0.023313495073461803,30
model_3,0.7,-0.4,1.2999999999999998,11,-0.38003411185967156,0.018259738172927746,30
model_3,0.7,-0.4,1.2999999999999998,12,-0.3979903708146344,0.014275233126504071,30
model_3,0.7,-0.4,1.2999999999999998,13,-0.41393496442031164,0.0111412633783369,30
model_3,0.7,-0.4,1.2999999999999998,14,-0.42807372715228625,0.008681803664300812,30
model_3,0.7,-0.4,1.2999999999999998,15,-0.44059567525467275,0.006755699519849464,30
model_3,0.7,-0.4,1.2999999999999998,16,-0.45167341075132506,0.005250173880158948,30
model_3,0.7,-0.4,1.2999999999999998,17,-0.46146379009917066,0.004075444540651226,30
model_3,0.7,-0.4,1.2999999999999998,18,-0.47010876315608896,0.0031602793951361107,30
model_3,0.7,-0.4,1.2999999999999998,19,-0.4777363158690067,0.0024483443396009267,30
model_3,0.7,-0.4,1.2999999999999998,20,-0.48446146765764786,0.0018952190112001839,30
model_3,0.7,-0.4,1.65,0,0.016666666666666666,0.24138888888888888,30
model_3,0.7,-0.4,1.65,1,-0.028958025342728323,0.18534375293340077,30
model_3,0.7,-0.4,1.65,2,-0.07028529196078846,0.14249354189905347,30
model_3,0.7,-0.4,1.65,3,-0.10743227960066572,0.10958519128099439,30
model_3,0.7,-0.4,1.65,4,-0.14061635616628543,0.08425846379490706,30
model_3,0.7,-0.4,1.65,5,-0.17012324085485409,0.06475175490137729,30
model_3,0.7,-0.4,1.65,6,-0.19627054053674983,0.04972777586952508,30
model_3,0.7,-0.4,1.65,7,-0.21938123621152325,0.0381615499798697,30
model_3,0.7,-0.4,1.65,8,-0.23976759173407483,0.0292634050408315,30
model_3,0.7,-0.4,1.65,9,-0.25772255808201006,0.022423413569313197,30
model_3,0.7,-0.4,1.65,10,-0.2735158770530064,0.01717002937088988,30
model_3,0.7,-0.4,1.65,11,-0.287392929677232,0.013138687859870985,30
model_3,0.7,-0.4,1.65,12,-0.29957511116704,0.010047690640070649,30
model_3,0.7,-0.4,1.65,13,-0.3102610128760603,0.007679560807921676,30
model_3,0.7,-0.4,1.65,14,-0.3196279973642551,0.005866577792248428,30
model_3,0.7,-0.4,1.65,15,-0.3278339314920322,0.004479538642106011,30
model_3,0.7,-0.4,1.65,16,-0.3350189449845516,0.0034190247558156155,30
model_3,0.7,-0.4,1.65,17,-0.34130714042948396,0.0026086198710195446,30
model_3,0.7,-0.4,1.65,18,-0.3468082143274313,0.00198964921625601,30
model_3,0.7,-0.4,1.65,19,-0.3516189684769031,0.0015171042308383068,30
model_3,0.7,-0.4,1.65,20,-0.3558247026952618,0.001156490363993114,30
model_3,0.7,-0.4,2.0,0,0.016666666666666666,0.24138888888888888,30
model_3,0.7,-0.4,2.0,1,-0.0226880381783992,0.1805847367449898,30
model_3,0.7,-0.4,2.0,2,-0.057543530249745185,0.13522993829701654,30
model_3,0.7,-0.4,2.0,3,-0.08825449004789314,0.10130791627728787,30
model_3,0.7,-0.4,2.0,4,-0.1152014279881636,0.07590107141884873,30
model_3,0.7,-0.4,2.0,5,-0.1387707073247665,0.05685966168536865,30
model_3,0.7,-0.4,2.0,6,-0.15933649085483678,0.04258609112568524,30
model_3,0.7,-0.4,2.0,7,-0.17724913899688166,0.03188719310411253,30
model_3,0.7,-0.4,2.0,8,-0.1928293326848904,0.023869390316640367,30
model_3,0.7,-0.4,2.0,9,-0.20636612285449363,0.0178625159959705,30
model_3,0.7,-0.4,2.0,10,-0.21811735261211349,0.013363641589713522,30
model_3,0.7,-0.4,2.0,11,-0.2283113772361723,0.009995286536147162,30
model_3,0.7,-0.4,2.0,12,-0.23714940821820285,0.007474164714086378,30
model_3,0.7,-0.4,2.0,13,-0.24480808288782105,0.00558774195122164,30
model_3,0.7,-0.4,2.0,14,-0.2514420347028427,0.004176625536272978,30
model_3,0.7,-0.4,2.0,15,-0.25718634384354344,0.003121326278317685,30
model_3,0.7,-0.4,2.0,16,-0.26215880905606176,0.00233230636203663,30
model_3,0.7,-0.4,2.0,17,-0.26646201692736177,0.0017424990376944133,30
model_3,0.7,-0.4,2.0,18,-0.270185204623896,0.001301688462596152,30
model_3,0.7,-0.4,2.0,19,-0.2734059229865005,0.0009722892245321157,30
model_3,0.7,-0.4,2.0,20,-0.2761915125060053,0.0007261786646144068,30
model_3,0.7,-0.2,0.6,0,0.016666666666666666,0.24138888888888888,30
model_3,0.7,-0.2,0.6,1,-0.025215885125410294,0.22205939856728962,30
model_3,0.7,-0.2,0.6,2,-0.0705225026087588,0.20829674706165321,30
model_3,0.7,-0.2,0.6,3,-0.11848379394021323,0.19673621338909827,30
model_3,0.7,-0.2,0.6,4,-0.1675319046247869,0.18599990693604213,30
model_3,0.7,-0.2,0.6,5,-0.21644818615720457,0.17552016085963162,30
model_3,0.7,-0.2,0.6,6,-0.26448433136887306,0.16503546206348552,30
model_3,0.7,-0.2,0.6,7,-0.3111782895754534,0.1544262794199912,30
model_3,0.7,-0.2,0.6,8,-0.35622091762904656,0.14366197409637058,30
model_3,0.7,-0.2,0.6,9,-0.3993896598376355,0.13277900440070947,30
model_3,0.7,-0.2,0.6,10,-0.44051732582423225,0.12186465808397988,30
model_3,0.7,-0.2,0.6,11,-0.4794771714342554,0.11103840512631626,30
model_3,0.7,-0.2,0.6,12,-0.516176487468735,0.10043086381494812,30
model_3,0.7,-0.2,0.6,13,-0.5505551828555071,0.09016417849545612,30
model_3,0.7,-0.2,0.6,14,-0.5825867248909778,0.08033824023037554,30
model_3,0.7,-0.2,0.6,15,-0.6122789157491404,0.07102531405300613,30
model_3,0.7,-0.2,0.6,16,-0.6396725655033352,0.06227263983610356,30
model_3,0.7,-0.2,0.6,17,-0.6648372713723308,0.054110035333255535,30
model_3,0.7,-0.2,0.6,18,-0.6878647682612733,0.04655847191763152,30
model_3,0.7,-0.2,0.6,19,-0.7088611851154468,0.03963614851940487,30
model_3,0.7,-0.2,0.6,20,-0.727939790924743,0.03336023409923861,30
model_3,0.7,-0.2,0.95,0,0.016666666666666666,0.24138888888888888,30
model_3,0.7,-0.2,0.95,1,-0.01738536161523281,0.2052627091289614,30
model_3,0.7,-0.2,0.95,2,-0.05131298471581569,0.17608145999464714,30
model_3,0.7,-0.2,0.95,3,-0.08454899809366853,0.15170739746443837,30
model_3,0.7,-0.2,0.95,4,-0.11661524037894207,0.1309571942060109,30
model_3,0.7,-0.2,0.95,5,-0.14723241728564926,0.1131035444212072,30
model_3,0.7,-0.2,0.95,6,-0.17627499617226305,0.09764997635000248,30
model_3,0.7,-0.2,0.95,7,-0.20370808598532977,0.08422934035018993,30
model_3,0.7,-0.2,0.95,8,-0.22954431614522866,0.07255487931754183,30
model_3,0.7,-0.2,0.95,9,-0.2538198613403369,0.06239420000020373,30
model_3,0.7,-0.2,0.95,10,-0.2765823373524335,0.05355398071050867,30
model_3,0.7,-0.2,0.95,11,-0.297885032752932,0.04587022950846235,30
model_3,0.7,-0.2,0.95,12,-0.3177842578967986,0.039201713510244006,30
model_3,0.7,-0.2,0.95,13,-0.33633812937839336,0.03342535948010284,30
model_3,0.7,-0.2,0.95,14,-0.35360596417380724,0.02843295597637901,30
model_3,0.7,-0.2,0.95,15,-0.36964789947432924,0.024128746773080127,30
model_3,0.7,-0.2,0.95,16,-0.3845245723067437,0.020427645211270426,30
model_3,0.7,-0.2,0.95,17,-0.39829679695707176,0.017253882474073574,30
model_3,0.7,-0.2,0.95,18,-0.41102522565736455,0.014539957058293357,30
model_3,0.7,-0.2,0.95,19,-0.4227699980493021,0.012225790632793724,30
model_3,0.7,-0.2,0.95,20,-0.4335903919273643,0.01025802320868975,30
model_3,0.7,-0.2,1.2999999999999998,0,0.016666666666666666,0.24138888888888888,30
model_3,0.7,-0.2,1.2999999999999998,1,-0.011595762796094386,0.19405439220967205,30
model_3,0.7,-0.2,1.2999999999999998,2,-0.0381996576534223,0.15672880478654166,30
model_3,0.7,-0.2,1.2999999999999998,3,-0.0629895022320178,0.12691853871481415,30
model_3,0.7,-0.2,1.2999999999999998,4,-0.08589729323294759,0.10292990272035785,30
model_3,0.7,-0.2,1.2999999999999998,5,-0.10694109148038149,0.08353960148199158,30
model_3,0.7,-0.2,1.2999999999999998,6,-0.126195341509402,0.06782467209592244,30
model_3,0.7,-0.2,1.2999999999999998,7,-0.14376419708110028,0.05506875390773754,30
model_3,0.7,-0.2,1.2999999999999998,8,-0.15976404253857296,0.04470583647171149,30
model_3,0.7,-0.2,1.2999999999999998,9,-0.17431350422473668,0.03628362154015528,30
model_3,0.7,-0.2,1.2999999999999998,10,-0.18752821362383962,0.029438029940882328,30
model_3,0.7,-0.2,1.2999999999999998,11,-0.19951827631831864,0.02387458546253922,30
model_3,0.7,-0.2,1.2999999999999998,12,-0.21038719075723716,0.01935435335698176,30
model_3,0.7,-0.2,1.2999999999999998,13,-0.22023151249148756,0.01568306620655964,30
model_3,0.7,-0.2,1.2999999999999998,14,-0.2291408893892783,0.01270257359004993,30
model_3,0.7,-0.2,1.2999999999999998,15,-0.23719827592780293,0.010284037910448546,30
model_3,0.7,-0.2,1.2999999999999998,16,-0.24448023090047677,0.008322472300536284,30
model_3,0.7,-0.2,1.2999999999999998,17,-0.2510572517514168,0.006732327907273425,30
model_3,0.7,-0.2,1.2999999999999998,18,-0.25699412275940836,0.005443912604188431,30
model_3,0.7,-0.2,1.2999999999999998,19,-0.2623502657233987,0.00440047517146709,30
model_3,0.7,-0.2,1.2999999999999998,20,-0.26718008708998614,0.003555826234498357,30
model_3,0.7,-0.2,1.65,0,0.016666666666666666,0.24138888888888888,30
model_3,0.7,-0.2,1.65,1,-0.007370228726995509,0.18655384714497492,30
model_3,0.7,-0.2,1.65,2,-0.02919555905400636,0.1445673089972068,30
model_3,0.7,-0.2,1.65,3,-0.04888536422329868,0.11221467608350663,30
model_3,0.7,-0.2,1.65,4,-0.06655590609451455,0.08718852630076579,30
model_3,0.7,-0.2,1.65,5,-0.0823530187266009,0.06778354236594766,30
model_3,0.7,-0.2,1.65,6,-0.09643620115917541,0.052715034825888143,30
model_3,0.7,-0.2,1.65,7,-0.108966405540788,0.041003374403322614,30
model_3,0.7,-0.2,1.65,8,-0.12009854952039424,0.03189582266708829,30
model_3,0.7,-0.2,1.65,9,-0.12997758708360962,0.024811172691404548,30
model_3,0.7,-0.2,1.65,10,-0.13873683232789352,0.019299265412949285,30
model_3,0.7,-0.2,1.65,11,-0.14649758338306035,0.01501074231158634,30
model_3,0.7,-0.2,1.65,12,-0.1533694458744401,0.011674124062129454,30
model_3,0.7,-0.2,1.65,13,-0.15945100410844512,0.009078277468092491,30
model_3,0.7,-0.2,1.65,14,-0.16483064294686384,0.0070589199761326785,30
model_3,0.7,-0.2,1.65,15,-0.16958741364967242,0.0054881881993717,30
model_3,0.7,-0.2,1.65,16,-0.1737918877167304,0.0042665518528521755,30
model_3,0.7,-0.2,1.65,17,-0.1775069706126116,0.003316533773187318,30
model_3,0.7,-0.2,1.65,18,-0.18078866231994836,0.002577826454755637,30
model_3,0.7,-0.2,1.65,19,-0.18368675973753315,0.002003491481298472,30
model_3,0.7,-0.2,1.65,20,-0.18624550024041675,0.0015570002863408488,30
model_3,0.7,-0.2,2.0,0,0.016666666666666666,0.24138888888888888,30
model_3,0.7,-0.2,2.0,1,-0.004259342260036211,0.18131366090631892,30
model_3,0.7,-0.2,2.0,2,-0.02281053391720141,0.13642180249974886,30
model_3,0.7,-0.2,2.0,3,-0.03918435909024951,0.10275381006680577,30
model_3,0.7,-0.2,2.0,4,-0.053584843665133365,0.07744603204740357,30
model_3,0.7,-0.2,2.0,5,-0.06621539396388139,0.05839536162126759,30
model_3,0.7,-0.2,2.0,6,-0.07727116018269285,0.044041904332001586,30
model_3,0.7,-0.2,2.0,7,-0.08693396441785553,0.033221385375567125,30
model_3,0.7,-0.2,2.0,8,-0.09536978525616857,0.025061342684264982,30
model_3,0.7,-0.2,2.0,9,-0.10272805438727439,0.018906321319719067,30
model_3,0.7,-0.2,2.0,10,-0.10914205402324033,0.01426309098644143,30
model_3,0.7,-0.2,2.0,11,-0.1147299075932248,0.01076010337902819,30
model_3,0.7,-0.2,2.0,12,-0.11959584292195581,0.008117282364314837,30
model_3,0.7,-0.2,2.0,13,-0.12383153928310124,0.006123412952954287,30
model_3,0.7,-0.2,2.0,14,-0.12751745383916896,0.004619168035434101,30
model_3,0.7,-0.2,2.0,15,-0.1307240735158914,0.0034843424801526373,30
model_3,0.7,-0.2,2.0,16,-0.13351306759838236,0.002628239358713309,30
model_3,0.7,-0.2,2.0,17,-0.13593833274704137,0.0019824238804076705,30
model_3,0.7,-0.2,2.0,18,-0.13804693104689425,0.0014952589268182666,30
model_3,0.7,-0.2,2.0,19,-0.13987992632606847,0.0011277827245734001,30
model_3,0.7,-0.2,2.0,20,-0.14147312617534077,0.000850598370907317,30
model_3,0.7,0.0,0.6,0,0.016666666666666666,0.24138888888888888,30
model_3,0.7,0.0,0.6,1,0.01607733548528629,0.224619742470301,30
model_3,0.7,0.0,0.6,2,0.01593485662505139,0.21498948338011584,30
model_3,0.7,0.0,0.6,3,0.015989587315588784,0.20894705220106174,30
model_3,0.7,0.0,0.6,4,0.016123091295284827,0.20481680614230408,30
model_3,0.7,0.0,0.6,5,0.016285140741368626,0.2018226549076795,30
model_3,0.7,0.0,0.6,6,0.016455386871840602,0.19958617615652857,30
model_3,0.7,0.0,0.6,7,0.01662571155432334,0.1979033151921509,30
model_3,0.7,0.0,0.6,8,0.016792885498245563,0.19664972116970433,30
model_3,0.7,0.0,0.6,9,0.016955624622208832,0.1957405700626602,30
model_3,0.7,0.0,0.6,10,0.017113423800964474,0.19511292603960825,30
model_3,0.7,0.0,0.6,11,0.01726609565440286,0.1947174881936827,30
model_3,0.7,0.0,0.6,12,0.017413587583175436,0.1945143571418863,30
model_3,0.7,0.0,0.6,13,0.01755590861531188,0.1944706125305287,30
model_3,0.7,0.0,0.6,14,0.017693099673986166,0.19455877004259797,30
model_3,0.7,0.0,0.6,15,0.017825221062087056,0.19475570877715626,30
model_3,0.7,0.0,0.6,16,0.017952346798023367,0.19504187779609827,30
model_3,0.7,0.0,0.6,17,0.018074561694169995,0.1954006846954369,30
model_3,0.7,0.0,0.6,18,0.018191959547751557,0.1958180118091136,30
model_3,0.7,0.0,0.6,19,0.018304641798122974,0.1962818265353751,30
model_3,0.7,0.0,0.6,20,0.018412716395910536,0.1967818634233618,30
model_3,0.7,0.0,0.95,0,0.016666666666666666,0.24138888888888888,30
model_3,0.7,0.0,0.95,1,0.015424111480841813,0.2067378938119161,30
model_3,0.7,0.0,0.95,2,0.01441158589180024,0.17915619013550974,30
model_3,0.7,0.0,0.95,3,0.013533236839587645,0.15639339047861867,30
model_3,0.7,0.0,0.95,4,0.012741749248915345,0.1371818648945716,30
model_3,0.7,0.0,0.95,5,0.012013767731192577,0.120743439291294,30
model_3,0.7,0.0,0.95,6,0.0113370955451936,0.10655361635357681,30
model_3,0.7,0.0,0.95,7,0.010704657286563496,0.09423035336719583,30
model_3,0.7,0.0,0.95,8,0.010111775912780452,0.08347973220369459,30
model_3,0.7,0.0,0.95,9,0.009554963534826828,0.07406746355515403,30
model_3,0.7,0.0,0.95,10,0.009031381503673264,0.06580249568951048,30
model_3,0.7,0.0,0.95,11,0.008538592509864036,0.05852665840770864,30
model_3,0.7,0.0,0.95,12,0.008074440057568345,0.05210758217478591,30
model_3,0.7,0.0,0.95,13,0.00763698425139652,0.04643356733510779,30
model_3,0.7,0.0,0.95,14,0.00722446330398631,0.04140971663645966,30
model_3,0.7,0.0,0.95,15,0.006835267515288723,0.03695494205599782,30
model_3,0.7,0.0,0.95,16,0.006467919879664021,0.032999605714049786,30
model_3,0.7,0.0,0.95,17,0.006121060644992321,0.029483635494862902,30
model_3,0.7,0.0,0.95,18,0.005793434516912254,0.026355003848887913,30
model_3,0.7,0.0,0.95,19,0.005483879806451716,0.02356848880727313,30
model_3,0.7,0.0,0.95,20,0.005191319098622967,0.021084656924915096,30
model_3,0.7,0.0,1.2999999999999998,0,0.016666666666666666,0.24138888888888888,30
model_3,0.7,0.0,1.2999999999999998,1,0.014972741751402037,0.19481502313658017,30
model_3,0.7,0.0,1.2999999999999998,2,0.01350779338455568,0.15814151978914184,30
model_3,0.7,0.0,1.2999999999999998,3,0.012214679863346822,0.12885602163438778,30
model_3,0.7,0.0,1.2999999999999998,4,0.011059800877179194,0.10526179212165135,30
model_3,0.7,0.0,1.2999999999999998,5,0.010021686997397973,0.08614356645696665,30
model_3,0.7,0.0,1.2999999999999998,6,0.009085198864963466,0.07059234754833951,30
model_3,0.7,0.0,1.2999999999999998,7,0.008238683692015077,0.05790811402606431,30
model_3,0.7,0.0,1.2999999999999998,8,0.0074725850355041165,0.047541486188719485,30
model_3,0.7,0.0,1.2999999999999998,9,0.006778744873342261,0.03905595007055045,30
model_3,0.7,0.0,1.2999999999999998,10,0.006150033046849677,0.03210176613907134,30
model_3,0.7,0.0,1.2999999999999998,11,0.005580133336444426,0.026397065331080393,30
model_3,0.7,0.0,1.2999999999999998,12,0.005063406921047296,0.021713689042842665,30
model_3,0.7,0.0,1.2999999999999998,13,0.004594796241835639,0.01786633874601365,30
model_3,0.7,0.0,1.2999999999999998,14,0.004169751683497826,0.01470412951486458,30
model_3,0.7,0.0,1.2999999999999998,15,0.0037841724037662727,0.01210393990711546,30
model_3,0.7,0.0,1.2999999999999998,16,0.0034343567931746774,0.00996513149567787,30
model_3,0.7,0.0,1.2999999999999998,17,0.003116960027405317,0.008205328181193941,30
model_3,0.7,0.0,1.2999999999999998,18,0.0028289571581804024,0.006757024734118137,30
model_3,0.7,0.0,1.2999999999999998,19,0.002567610706291333,0.005564849908276363,30
model_3,0.7,0.0,1.2999999999999998,20,0.0023304420135116964,0.00458334995522517,30
model_3,0.7,0.0,1.65,0,0.016666666666666666,0.24138888888888888,30
model_3,0.7,0.0,1.65,1,0.014668328055398635,0.18697390786054904,30
model_3,0.7,0.0,1.65,2,0.012937678548913471,0.14529225496957887,30
model_3,0.7,0.0,1.65,3,0.011425416256850129,0.11314199357324105,30
model_3,0.7,0.0,1.65,4,0.010097163104916167,0.08823239490216885,30
model_3,0.7,0.0,1.65,5,0.008927106461745904,0.06887589519139739,30
model_3,0.7,0.0,1.65,6,0.007894675767735799,0.05380454284844462,30
model_3,0.7,0.0,1.65,7,0.006982791613442165,0.0420533472859035,30
model_3,0.7,0.0,1.65,8,0.006176905111433426,0.03288172077559425,30
model_3,0.7,0.0,1.65,9,0.005464433336919864,0.025718134120661804,30
model_3,0.7,0.0,1.65,10,0.004834397381157955,0.020119855102166677,30
model_3,0.7,0.0,1.65,11,0.00427716871851852,0.0157430127273701,30
model_3,0.7,0.0,1.65,12,0.0037842774920634186,0.012320010062579165,30
model_3,0.7,0.0,1.65,13,0.0033482592989902693,0.009642311290707585,30
model_3,0.7,0.0,1.65,14,0.0029625281231288325,0.007547233521828882,30
model_3,0.7,0.0,1.65,15,0.002621268473265137,0.005907761787149242,30
model_3,0.7,0.0,1.65,16,0.0023193425082987146,0.004624667113406973,30
model_3,0.7,0.0,1.65,17,0.002052209360413548,0.003620390627298751,30
model_3,0.7,0.0,1.65,18,0.0018158546647828234,0.002834288413174606,30
model_3,0.7,0.0,1.65,19,0.001606728782121449,0.0022189286477378866,30
model_3,0.7,0.0,1.65,20,0.0014216925096819562,0.0017372047077137982,30
model_3,0.7,0.0,2.0,0,0.016666666666666666,0.24138888888888888,30
model_3,0.7,0.0,2.0,1,0.014454585147787783,0.1815645426295482,30
model_3,0.7,0.0,2.0,2,0.012551824845097608,0.13683348682952884,30
model_3,0.7,0.0,2.0,3,0.010907515813932364,0.10325556417975124,30
model_3,0.7,0.0,2.0,4,0.009482693177826712,0.07798509474938439,30
model_3,0.7,0.0,2.0,5,0.00824611137333769,0.05893445086117067,30
model_3,0.7,0.0,2.0,6,0.0071719110055017314,0.04455629681739435,30
model_3,0.7,0.0,2.0,7,0.006238258348732669,0.033696061016012996,30
model_3,0.7,0.0,2.0,8,0.0054264951277329726,0.025488458320184655,30
model_3,0.7,0.0,2.0,9,0.004720563007978118,0.019283115420664625,30
model_3,0.7,0.0,2.0,10,0.004106583617858734,0.014590225778233242,30
model_3,0.7,0.0,2.0,11,0.003572533079559694,0.011040402835094564,30
model_3,0.7,0.0,2.0,12,0.00310797882449728,0.00835480503104582,30
model_3,0.7,0.0,2.0,13,0.0027038607958483453,0.006322795017449182,30
model_3,0.7,0.0,2.0,14,0.0023523063943676555,0.004785176627476572,30
model_3,0.7,0.0,2.0,15,0.0020464723162709956,0.0036215873807958297,30
model_3,0.7,0.0,2.0,16,0.0017804085134645394,0.0027410004918282855,30
model_3,0.7,0.0,2.0,17,0.0015489407246750723,0.002074560810531175,30
model_3,0.7,0.0,2.0,18,0.0013475687945484168,0.0015701764117562328,30
model_3,0.7,0.0,2.0,19,0.0011723785209282393,0.0011884329304709478,30
model_3,0.7,0.0,2.0,20,0.0010199651515997146,0.000899505643844325,30
model_3,0.7,0.20000000000000007,0.6,0,0.016666666666666666,0.24138888888888888,30
model_3,0.7,0.20000000000000007,0.6,1,0.05717391860502063,0.22219366673329574,30
model_3,0.7,0.20000000000000007,0.6,2,0.10168101075868771,0.20839037520378817,30
model_3,0.7,0.20000000000000007,0.6,3,0.14897005735910449,0.1966605073533694,30
model_3,0.7,0.20000000000000007,0.6,4,0.19728038000097423,0.1857012640022397,30
model_3,0.7,0.20000000000000007,0.6,5,0.24531981272900827,0.17500264195907617,30
model_3,0.7,0.20000000000000007,0.6,6,0.2923169282112446,0.16433941265984714,30
model_3,0.7,0.20000000000000007,0.6,7,0.33780956986680044,0.1536129393102004,30
model_3,0.7,0.20000000000000007,0.6,8,0.3815012052935233,0.1428011898269377,30
model_3,0.7,0.20000000000000007,0.6,9,0.4231904616427409,0.13193856102354132,30
model_3,0.7,0.20000000000000007,0.6,10,0.46273770277280246,0.12110165178450752,30
model_3,0.7,0.20000000000000007,0.6,11,0.500048244967086,0.11039354254039004,30
model_3,0.7,0.20000000000000007,0.6,12,0.5350638585988893,0.09992618514208847,30
model_3,0.7,0.20000000000000007,0.6,13,0.5677590095706266,0.08980401309115228,30
model_3,0.7,0.20000000000000007,0.6,14,0.5981394589943854,0.08011258216215865,30
model_3,0.7,0.20000000000000007,0.6,15,0.6262410554878254,0.07091447160079767,30
model_3,0.7,0.20000000000000007,0.6,16,0.6521270672810672,0.0622520303863695,30
model_3,0.7,0.20000000000000007,0.6,17,0.6758833812848019,0.054154283581855665,30
model_3,0.7,0.20000000000000007,0.6,18,0.6976119723619001,0.0466443665720661,30
model_3,0.7,0.20000000000000007,0.6,19,0.7174237956100139,0.03974437455389942,30
model_3,0.7,0.20000000000000007,0.6,20,0.7354324646138616,0.033476043592403006,30
model_3,0.7,0.20000000000000007,0.95,0,0.016666666666666666,0.24138888888888888,30
model_3,0.7,0.20000000000000007,0.95,1,0.04812252557386208,0.20531155383320437,30
model_3,0.7,0.20000000000000007,0.95,2,0.0798565098505432,0.17613394545959968,30
model_3,0.7,0.20000000000000007,0.95,3,0.11112896645767242,0.1517416413950564,30
model_3,0.7,0.20000000000000007,0.95,4,0.14138110285099895,0.13096724483763536,30
model_3,0.7,0.20000000000000007,0.95,5,0.17029642451164695,0.11309127324814185,30
model_3,0.7,0.20000000000000007,0.95,6,0.19773183018047558,0.0976201554055177,30
model_3,0.7,0.20000000000000007,0.95,7,0.22364368168979773,0.08418726601195697,30
model_3,0.7,0.20000000000000007,0.95,8,0.24803986721724483,0.07250536416758811,30
model_3,0.7,0.20000000000000007,0.95,9,0.2709536470618799,0.06234121059759478,30
model_3,0.7,0.20000000000000007,0.95,10,0.2924305251670283,0.05350056972307741,30
model_3,0.7,0.20000000000000007,0.95,11,0.31252197515208346,0.04581860030350469,30
model_3,0.7,0.20000000000000007,0.95,12,0.3312825287833435,0.03915334064286494,30
model_3,0.7,0.20000000000000007,0.95,13,0.34876842462679264,0.03338112653871064,30
model_3,0.7,0.20000000000000007,0.95,14,0.3650369355226089,0.02839329039718052,30
model_3,0.7,0.20000000000000007,0.95,15,0.38014596322024247,0.02409374095827659,30
model_3,0.7,0.20000000000000007,0.95,16,0.3941537190134903,0.020397159069053032,30
model_3,0.7,0.20000000000000007,0.95,17,0.4071184189701952,0.017227626111371633,30
model_3,0.7,0.20000000000000007,0.95,18,0.4190979728063009,0.014517554571535161,30
model_3,0.7,0.20000000000000007,0.95,19,0.4301496672831224,0.0122068271783344,30
model_3,0.7,0.20000000000000007,0.95,20,0.440329853201318,0.010242078083127024,30
model_3,0.7,0.20000000000000007,1.2999999999999998,0,0.016666666666666666,0.24138888888888888,30
model_3,0.7,0.20000000000000007,1.2999999999999998,1,0.041483000786973624,0.194076070619808,30
model_3,0.7,0.20000000000000007,1.2999999999999998,2,0.06508839885947568,0.1567542342110719,30
model_3,0.7,0.20000000000000007,1.2999999999999998,3,0.08721992079729336,0.12694020619148663,30
model_3,0.7,0.20000000000000007,1.2999999999999998,4,0.10774690051393647,0.10294583073075315,30
model_3,0.7,0.20000000000000007,1.2999999999999998,5,0.12664729528869012,0.08355016353714373,30
model_3,0.7,0.20000000000000007,1.2999999999999998,6,0.1439669995375884,0.06783098338180343,30
model_3,0.7,0.20000000000000007,1.2999999999999998,7,0.15978788158307597,0.05507198541866244,30
model_3,0.7,0.20000000000000007,1.2999999999999998,8,0.17420776027383844,0.044706975217395986,30
model_3,0.7,0.20000000000000007,1.2999999999999998,9,0.18732915870406744,0.036283421402681565,30
model_3,0.7,0.20000000000000007,1.2999999999999998,10,0.19925341319945575,0.029437033862183496,30
model_3,0.7,0.20000000000000007,1.2999999999999998,11,0.21007777574835726,0.02387316773061742,30
model_3,0.7,0.20000000000000007,1.2999999999999998,12,0.2198941075169601,0.019352761861277695,30
model_3,0.7,0.20000000000000007,1.2999999999999998,13,0.2287883902944885,0.01568145797074282,30
model_3,0.7,0.20000000000000007,1.2999999999999998,14,0.23684064821661086,0.012701042371494817,30
model_3,0.7,0.20000000000000007,1.2999999999999998,15,0.24412507133454656,0.01028263467382659,30
model_3,0.7,0.20000000000000007,1.2999999999999998,16,0.2507102367988891,0.008321219936268495,30
model_3,0.7,0.20000000000000007,1.2999999999999998,17,0.2566593762316053,0.006731231554675917,30
model_3,0.7,0.20000000000000007,1.2999999999999998,18,0.2620306638886546,0.005442966732986041,30
model_3,0.7,0.20000000000000007,1.2999999999999998,19,0.26687751272382226,0.004399668331218358,30
model_3,0.7,0.20000000000000007,1.2999999999999998,20,0.27124887135064485,0.003555144159313911,30
model_3,0.7,0.20000000000000007,1.65,0,0.016666666666666666,0.24138888888888888,30
model_3,0.7,0.20000000000000007,1.65,1,0.03667419219966994,0.18656504755198533,30
model_3,0.7,0.20000000000000007,1.65,2,0.055004956151591546,0.14458073233187468,30
model_3,0.7,0.20000000000000007,1.65,3,0.07163887350608848,0.11222670317802502,30
model_3,0.7,0.20000000000000007,1.65,4,0.0866248684396734,0.08719813997414402,30
model_3,0.7,0.20000000000000007,1.65,5,0.10005784327287405,0.06779080012999956,30
model_3,0.7,0.20000000000000007,1.65,6,0.11205638895135668,0.052720343824014464,30
model_3,0.7,0.20000000000000007,1.65,7,0.12274724803019173,0.04100718814627131,30
model_3,0.7,0.20000000000000007,1.65,8,0.13225601782780014,0.0318985339670008,30
model_3,0.7,0.20000000000000007,1.65,9,0.14070216333326088,0.02481308936708514,30
model_3,0.7,0.20000000000000007,1.65,10,0.14819666362687603,0.019300616815781445,30
model_3,0.7,0.20000000000000007,1.65,11,0.15484115992162129,0.015011694591522882,30
model_3,0.7,0.20000000000000007,1.65,12,0.16072791714841983,0.011674795631207859,30
model_3,0.7,0.20000000000000007,1.65,13,0.1659402034548234,0.009078751914730374,30
model_3,0.7,0.20000000000000007,1.65,14,0.17055286772813882,0.007059255992448949,30
model_3,0.7,0.20000000000000007,1.65,15,0.17463299578825922,0.005488426889205612,30
model_3,0.7,0.20000000000000007,1.65,16,0.17824058176190533,0.004266721980352143,30
model_3,0.7,0.20000000000000007,1.65,17,0.18142918166054778,0.003316655477507265,30
model_3,0.7,0.20000000000000007,1.65,18,0.18424653269415722,0.0025779138563221888,30
model_3,0.7,0.20000000000000007,1.65,19,0.18673513076337628,0.0020035545012840696,30
model_3,0.7,0.20000000000000007,1.65,20,0.1889327633956222,0.0015570459136225719,30
model_3,0.7,0.20000000000000007,2.0,0,0.016666666666666666,0.24138888888888888,30
model_3,0.7,0.20000000000000007,2.0,1,0.03314873448554868,0.18132011931669303,30
model_3,0.7,0.20000000000000007,2.0,2,0.0478760968498741,0.13642957429893038,30
model_3,0.7,0.20000000000000007,2.0,3,0.060945355731076144,0.10276085216367464,30
model_3,0.7,0.20000000000000007,2.0,4,0.07248298941505683,0.07745175295000362,30
model_3,0.7,0.20000000000000007,2.0,5,0.08262997037203047,0.05839976757273723,30
model_3,0.7,0.20000000000000007,2.0,6,0.0915295955628816,0.04404520239389177,30
model_3,0.7,0.20000000000000007,2.0,7,0.09931978075537623,0.03322381639885305,30
model_3,0.7,0.20000000000000007,2.0,8,0.10612889962152015,0.025063120392439686,30
model_3,0.7,0.20000000000000007,2.0,9,0.11207396336428975,0.018907616708464425,30
model_3,0.7,0.20000000000000007,2.0,10,0.11726019900425161,0.0142640341346144,30
model_3,0.7,0.20000000000000007,2.0,11,0.12178140154579462,0.010760790620106134,30
model_3,0.7,0.20000000000000007,2.0,12,0.12572067773188764,0.008117784017564486,30
model_3,0.7,0.20000000000000007,2.0,13,0.1291513588372659,0.006123779973290546,30
model_3,0.7,0.20000000000000007,2.0,14,0.13213795793674762,0.004619437233820132,30
model_3,0.7,0.20000000000000007,2.0,15,0.13473710481972198,0.0034845404392357076,30
model_3,0.7,0.20000000000000007,2.0,16,0.13699842487693822,0.002628385298661458,30
model_3,0.7,0.20000000000000007,2.0,17,0.13896534696507282,0.001982531728836417,30
model_3,0.7,0.20000000000000007,2.0,18,0.14067583558752741,0.0014953388039920072,30
model_3,0.7,0.20000000000000007,2.0,19,0.1421630483102039,0.0011278420063505618,30
model_3,0.7,0.20000000000000007,2.0,20,0.14345592222394069,0.0008506424494953003,30
model_3,0.7,0.4,0.6,0,0.016666666666666666,0.24138888888888888,30
model_3,0.7,0.4,0.6,1,0.09497944834077189,0.21459346386158706,30
model_3,0.7,0.4,0.6,2,0.17814943237358113,0.18976666054805563,30
model_3,0.7,0.4,0.6,3,0.2623881296470288,0.1652820585693106,30
model_3,0.7,0.4,0.6,4,0.3439224345062868,0.1414157894257324,30
model_3,0.7,0.4,0.6,5,0.4204086406932152,0.11874467269907277,30
model_3,0.7,0.4,0.6,6,0.49063870946481164,0.09776716067843623,30
model_3,0.7,0.4,0.6,7,0.5541016546535986,0.07885795632035673,30
model_3,0.7,0.4,0.6,8,0.610711345095881,0.062272067283094985,30
model_3,0.7,0.4,0.6,9,0.6606462993422773,0.0481440067791324,30
model_3,0.7,0.4,0.6,10,0.704253060685579,0.03647530412674426,30
model_3,0.7,0.4,0.6,11,0.7419874988857436,0.027130022208294524,30
model_3,0.7,0.4,0.6,12,0.7743748411233503,0.01985757783730345,30
model_3,0.7,0.4,0.6,13,0.8019762009246134,0.014339438055022968,30
model_3,0.7,0.4,0.6,14,0.8253583766437499,0.010240368367980849,30
model_3,0.7,0.4,0.6,15,0.8450687951985735,0.00724763224747612,30
model_3,0.7,0.4,0.6,16,0.861617636231751,0.005092638444893211,30
model_3,0.7,0.4,0.6,17,0.875467344135113,0.0035577938442109412,30
model_3,0.7,0.4,0.6,18,0.8870282810398376,0.002474060611755359,30
model_3,0.7,0.4,0.6,19,0.896658764306266,0.001714072650152227,30
model_3,0.7,0.4,0.6,20,0.9046678598931207,0.001184003406146936,30
model_3,0.7,0.4,0.95,0,0.016666666666666666,0.24138888888888888,30
model_3,0.7,0.4,0.95,1,0.07931977464235489,0.2011927163538455,30
model_3,0.7,0.4,0.95,2,0.14121731540681925,0.1677608720027969,30
model_3,0.7,0.4,0.95,3,0.2008513183039436,0.1393980140449306,30
model_3,0.7,0.4,0.95,4,0.25715105725757986,0.11521129169875147,30
model_3,0.7,0.4,0.95,5,0.309542326252898,0.09462040079428591,30
model_3,0.7,0.4,0.95,6,0.35779745061862145,0.07717863188016014,30
model_3,0.7,0.4,0.95,7,0.4018972612083763,0.06250631928109965,30
model_3,0.7,0.4,0.95,8,0.4419440412031992,0.05026304434222958,30
model_3,0.7,0.4,0.95,9,0.47811183660809975,0.04013550586344532,30
model_3,0.7,0.4,0.95,10,0.5106178522688596,0.03183311370135097,30
model_3,0.7,0.4,0.95,11,0.5397047690920956,0.025087582717949305,30
model_3,0.7,0.4,0.95,12,0.5656287109094632,0.019654246729817883,30
model_3,0.7,0.4,0.95,13,0.5886503760225754,0.015313615202178337,30
model_3,0.7,0.4,0.95,14,0.6090282315351545,0.011872317301448167,30
model_3,0.7,0.4,0.95,15,0.6270132858585815,0.0091630702770198,30
model_3,0.7,0.4,0.95,16,0.6428451946815544,0.0070436566495029615,30
model_3,0.7,0.4,0.95,17,0.6567495279685991,0.0053950976050558125,30
model_3,0.7,0.4,0.95,18,0.6689360355444002,0.004119293036026619,30
model_3,0.7,0.4,0.95,19,0.6795977448226688,0.0031363991631154697,30
model_3,0.7,0.4,0.95,20,0.6889107248509306,0.0023821694860584014,30
model_3,0.7,0.4,1.2999999999999998,0,0.016666666666666666,0.24138888888888888,30
model_3,0.7,0.4,1.2999999999999998,1,0.06713626645092692,0.1919292785356743,30
model_3,0.7,0.4,1.2999999999999998,2,0.11457553057348391,0.15281058051558993,30
model_3,0.7,0.4,1.2999999999999998,3,0.15852972400537746,0.12161394571083908,30
model_3,0.7,0.4,1.2999999999999998,4,0.1988035737505733,0.09665444219775327,30
model_3,0.7,0.4,1.2999999999999998,5,0.2354105843081188,0.07667480076300444,30
model_3,0.7,0.4,1.2999999999999998,6,0.2684940976425033,0.060696926946265245,30
model_3,0.7,0.4,1.2999999999999998,7,0.2982665629093337,0.047942253277863264,30
model_3,0.7,0.4,1.2999999999999998,8,0.3249713173810785,0.03778356427328385,30
model_3,0.7,0.4,1.2999999999999998,9,0.3488605004803576,0.029712694370596225,30
model_3,0.7,0.4,1.2999999999999998,10,0.3701828019502187,0.02331714806891454,30
model_3,0.7,0.4,1.2999999999999998,11,0.38917683421496047,0.01826224296982656,30
model_3,0.7,0.4,1.2999999999999998,12,0.406067660887772,0.014276960494110062,30
model_3,0.7,0.4,1.2999999999999998,13,0.42106511264301477,0.011142463236118633,30
model_3,0.7,0.4,1.2999999999999998,14,0.4343631446645611,0.00868264391969365,30
model_3,0.7,0.4,1.2999999999999998,15,0.4461398249820422,0.006756293036221683,30
model_3,0.7,0.4,1.2999999999999998,16,0.45655771898008785,0.00525059677516876,30
model_3,0.7,0.4,1.2999999999999998,17,0.46576452768824866,0.004075748432812335,30
model_3,0.7,0.4,1.2999999999999998,18,0.47389388716077774,0.003160499538625582,30
model_3,0.7,0.4,1.2999999999999998,19,0.4810662646040934,0.0024485050111462832,30
model_3,0.7,0.4,1.2999999999999998,20,0.4873899045397924,0.0018953370782434842,30
model_3,0.7,0.4,1.65,0,0.016666666666666666,0.24138888888888888,30
model_3,0.7,0.4,1.65,1,0.05816677122230523,0.1853649661784418,30
model_3,0.7,0.4,1.65,2,0.09590439237157117,0.14251897862321788,30
model_3,0.7,0.4,1.65,3,0.1299075845746741,0.10960806578715235,30
model_3,0.7,0.4,1.65,4,0.16033022621562706,0.08427687487551115,30
model_3,0.7,0.4,1.65,5,0.18740880479109026,0.06476579738802803,30
model_3,0.7,0.4,1.65,6,0.21142036987225327,0.049738189146378446,30
model_3,0.7,0.4,1.65,7,0.23265322749885856,0.03816915924026296,30
model_3,0.7,0.4,1.65,8,0.25138938054127863,0.02926892615003375,30
model_3,0.7,0.4,1.65,9,0.26789509358422786,0.022427409436026308,30
model_3,0.7,0.4,1.65,10,0.28241646195860015,0.017172921972196654,30
model_3,0.7,0.4,1.65,11,0.2951778786874178,0.01314078570687492,30
model_3,0.7,0.4,1.65,12,0.30638210974352453,0.010049216372705776,30
model_3,0.7,0.4,1.65,13,0.316211224005381,0.0076806741228813155,30
model_3,0.7,0.4,1.65,14,0.32482794749870836,0.005867393022840688,30
model_3,0.7,0.4,1.65,15,0.3323771986832386,0.004480137702912029,30
model_3,0.7,0.4,1.65,16,0.33898766803209324,0.0034194664709574457,30
model_3,0.7,0.4,1.65,17,0.34477336554381677,0.0026089466212311308,30
model_3,0.7,0.4,1.65,18,0.34983509433944177,0.0019898916512389826,30
model_3,0.7,0.4,1.65,19,0.35426182853005805,0.0015172846056646662,30
model_3,0.7,0.4,1.65,20,0.3581319854044742,0.001156624903952593,30
model_3,0.7,0.4,2.0,0,0.016666666666666666,0.24138888888888888,30
model_3,0.7,0.4,2.0,1,0.05151938899444444,0.1805971675153495,30
model_3,0.7,0.4,2.0,2,0.0824979117684463,0.1352448813773276,30
model_3,0.7,0.4,2.0,3,0.10985855993579,0.10132145189587671,30
model_3,0.7,0.4,2.0,4,0.1339052843979706,0.0759120693637968,30
model_3,0.7,0.4,2.0,5,0.1549620554208615,0.056868135594858545,30
model_3,0.7,0.4,2.0,6,0.17335067484001407,0.042592437856870884,30
model_3,0.7,0.4,2.0,7,0.18937680010065128,0.03189187379959582,30
model_3,0.7,0.4,2.0,8,0.20332258421231744,0.023872814325941356,30
model_3,0.7,0.4,2.0,9,0.21544370798115572,0.017865011160535262,30
model_3,0.7,0.4,2.0,10,0.22596904293481576,0.013365457655018963,30
model_3,0.7,0.4,2.0,11,0.23510176725367538,0.00999660876362244,30
model_3,0.7,0.4,2.0,12,0.24302120839203425,0.007475128573003602,30
model_3,0.7,0.4,2.0,13,0.24988498571230372,0.005588445773115079,30
model_3,0.7,0.4,2.0,14,0.2558312119101223,0.0041771404667610675,30
model_3,0.7,0.4,2.0,15,0.26098062255592097,0.0031217037577880246,30
model_3,0.7,0.4,2.0,16,0.26543856751158595,0.0023325836144154856,30
model_3,0.7,0.4,2.0,17,0.2692968349458984,0.0017427030457062443,30
model_3,0.7,0.4,2.0,18,0.2726352995546278,0.0013018388282106956,30
model_3,0.7,0.4,2.0,19,0.27552339813093046,0.000972400221977638,30
model_3,0.7,0.4,2.0,20,0.278021441757381,0.0007262607136868392,30
model_3,0.95,-0.4,0.6,0,0.016666666666666666,0.24138888888888888,30
model_3,0.95,-0.4,0.6,1,-0.05023391232340797,0.22824222453725243,30
model_3,0.95,-0.4,0.6,2,-0.12439104938902652,0.2186600365824977,30
model_3,0.95,-0.4,0.6,3,-0.20452654260619565,0.20772072724013577,30
model_3,0.95,-0.4,0.6,4,-0.28585851124161293,0.1946100067683874,30
model_3,0.95,-0.4,0.6,5,-0.3647529380640552,0.17979135186819142,30
model_3,0.95,-0.4,0.6,6,-0.4390674467307224,0.16412104998211802,30
model_3,0.95,-0.4,0.6,7,-0.507481061464492,0.14852711746053057,30
model_3,0.95,-0.4,0.6,8,-0.5692418782852232,0.13364094413763497,30
model_3,0.95,-0.4,0.6,9,-0.6241383308135194,0.11961309689585711,30
model_3,0.95,-0.4,0.6,10,-0.6724388638656897,0.10621555759203434,30
model_3,0.95,-0.4,0.6,11,-0.7147454434940518,0.09308943162525041,30
model_3,0.95,-0.4,0.6,12,-0.751814781968102,0.07998273621746609,30
model_3,0.95,-0.4,0.6,13,-0.784396786996389,0.06690962004299235,30
model_3,0.95,-0.4,0.6,14,-0.8131144265082344,0.05419889862763052,30
model_3,0.95,-0.4,0.6,15,-0.8384061836226541,0.042400195783872274,30
model_3,0.95,-0.4,0.6,16,-0.8605481030836953,0.032067650484542576,30
model_3,0.95,-0.4,0.6,17,-0.8797359376613334,0.023542823370811483,30
model_3,0.95,-0.4,0.6,18,-0.8961684342828307,0.01687159261011212,30
model_3,0.95,-0.4,0.6,19,-0.9100858876239306,0.011867530177811017,30
model_3,0.95,-0.4,0.6,20,-0.9217651279215114,0.00823186119114875,30
model_3,0.95,-0.4,0.95,0,0.016666666666666666,0.24138888888888888,30
model_3,0.95,-0.4,0.95,1,-0.04035282993205322,0.21401084051775895,30
model_3,0.95,-0.4,0.95,2,-0.10018058401356297,0.19125522353597982,30
model_3,0.95,-0.4,0.95,3,-0.16114950328078095,0.1707905381324526,30
model_3,0.95,-0.4,0.95,4,-0.2214220023935098,0.15178518654479753,30
model_3,0.95,-0.4,0.95,5,-0.2797374410264494,0.13396167887216945,30
model_3,0.95,-0.4,0.95,6,-0.3353469540199941,0.11724756876530128,30
model_3,0.95,-0.4,0.95,7,-0.3878135855315959,0.10165863512195703,30
model_3,0.95,-0.4,0.95,8,-0.4368831862655995,0.08724775882348855,30
model_3,0.95,-0.4,0.95,9,-0.4824194743000437,0.07407462746014128,30
model_3,0.95,-0.4,0.95,10,-0.5243723940632591,0.06218649018975778,30
model_3,0.95,-0.4,0.95,11,-0.5627605923971359,0.05160698383373334,30
model_3,0.95,-0.4,0.95,12,-0.5976591226411241,0.04233074958124334,30
model_3,0.95,-0.4,0.95,13,-0.6291890437064559,0.03432195953633126,30
model_3,0.95,-0.4,0.95,14,-0.6575079758827428,0.027515718319392934,30
model_3,0.95,-0.4,0.95,15,-0.6828014163471545,0.021821975625176893,30
model_3,0.95,-0.4,0.95,16,-0.7052747234058196,0.017131626958573412,30
model_3,0.95,-0.4,0.95,17,-0.725145697302523,0.013324059684406695,30
model_3,0.95,-0.4,0.95,18,-0.7426377763344223,0.010275011709592784,30
model_3,0.95,-0.4,0.95,19,-0.757973977485318,0.007863590084803994,30
model_3,0.95,-0.4,0.95,20,-0.7713717581770781,0.005977644023837176,30
model_3,0.95,-0.4,1.2999999999999998,0,0.016666666666666666,0.24138888888888888,30
model_3,0.95,-0.4,1.2999999999999998,1,-0.03233241977509706,0.2033155896360863,30
model_3,0.95,-0.4,1.2999999999999998,2,-0.08088701705381131,0.17216997662723751,30
model_3,0.95,-0.4,1.2999999999999998,3,-0.12807515425941213,0.14596310688066014,30
model_3,0.95,-0.4,1.2999999999999998,4,-0.1731703348410978,0.12360746989335694,30
model_3,0.95,-0.4,1.2999999999999998,5,-0.21575724019163336,0.10442461905466402,30
model_3,0.95,-0.4,1.2999999999999998,6,-0.2556512192218775,0.08793653648990385,30
model_3,0.95,-0.4,1.2999999999999998,7,-0.29280548773394455,0.07377591242168417,30
model_3,0.95,-0.4,1.2999999999999998,8,-0.32725011835803164,0.061643513257758534,30
model_3,0.95,-0.4,1.2999999999999998,9,-0.3590581271980363,0.05128554053607982,30
model_3,0.95,-0.4,1.2999999999999998,10,-0.38832765286021703,0.04248065852040164,30
model_3,0.95,-0.4,1.2999999999999998,11,-0.4151724859618531,0.035032314480245165,30
model_3,0.95,-0.4,1.2999999999999998,12,-0.4397166305993031,0.02876418397430068,30
model_3,0.95,-0.4,1.2999999999999998,13,-0.4620907311073407,0.023517496712278138,30
model_3,0.95,-0.4,1.2999999999999998,14,-0.48242935925498304,0.019149455582242354,30
model_3,0.95,-0.4,1.2999999999999998,15,-0.5008687376488782,0.015532231686619874,30
model_3,0.95,-0.4,1.2999999999999998,16,-0.5175447471102164,0.01255220125207392,30
model_3,0.95,-0.4,1.2999999999999998,17,-0.5325911819468677,0.010109222916474963,30
model_3,0.95,-0.4,1.2999999999999998,18,-0.5461382576085655,0.008115850551705713,30
model_3,0.95,-0.4,1.2999999999999998,19,-0.5583113812333278,0.006496444279008629,30
model_3,0.95,-0.4,1.2999999999999998,20,-0.5692301877703169,0.005186185586255747,30
model_3,0.95,-0.4,1.65,0,0.016666666666666666,0.24138888888888888,30
model_3,0.95,-0.4,1.65,1,-0.025799075972222304,0.19533612442504028,30
model_3,0.95,-0.4,1.65,2,-0.06614938183517215,0.15866360989949183,30
model_3,0.95,-0.4,1.65,3,-0.10399968395404016,0.12906228007145149,30
model_3,0.95,-0.4,1.65,4,-0.1391336120207786,0.10499826034130398,30
model_3,0.95,-0.4,1.65,5,-0.17150148883699,0.08536866197602143,30
model_3,0.95,-0.4,1.65,6,-0.2011651283922887,0.06933518307131413,30
model_3,0.95,-0.4,1.65,7,-0.22824856277155384,0.056238089117476166,30
model_3,0.95,-0.4,1.65,8,-0.2529059353097927,0.04554714134118722,30
model_3,0.95,-0.4,1.65,9,-0.2753030059256204,0.03683074714200961,30
model_3,0.95,-0.4,1.65,10,-0.2956071049197324,0.029734958968437964,30
model_3,0.95,-0.4,1.65,11,-0.3139818314249183,0.023968288527430732,30
model_3,0.95,-0.4,1.65,12,-0.3305842950998648,0.019290220540481132,30
model_3,0.95,-0.4,1.65,13,-0.3455637001167378,0.015502226543657793,30
model_3,0.95,-0.4,1.65,14,-0.3590606467167733,0.012440555237319734,30
model_3,0.95,-0.4,1.65,15,-0.3712068337636801,0.009970341401071687,30
model_3,0.95,-0.4,1.65,16,-0.38212500267465477,0.007980731290554542,30
model_3,0.95,-0.4,1.65,17,-0.3919290400229245,0.006380817096567821,30
model_3,0.95,-0.4,1.65,18,-0.40072419258922937,0.005096231846351773,30
model_3,0.95,-0.4,1.65,19,-0.4086073655792586,0.004066293394824761,30
model_3,0.95,-0.4,1.65,20,-0.41566748268247833,0.003241610390945549,30
model_3,0.95,-0.4,2.0,0,0.016666666666666666,0.24138888888888888,30
model_3,0.95,-0.4,2.0,1,-0.02060223884691616,0.189337676891152,30
model_3,0.95,-0.4,2.0,2,-0.05496431176981234,0.14890717289589767,30
model_3,0.95,-0.4,2.0,3,-0.08636519482737023,0.11725961603755906,30
model_3,0.95,-0.4,2.0,4,-0.11485516991916749,0.09238107702787351,30
model_3,0.95,-0.4,2.0,5,-0.14056880104099398,0.07278005133052674,30
model_3,0.95,-0.4,2.0,6,-0.16368976661060677,0.05732104981965304,30
model_3,0.95,-0.4,2.0,7,-0.18442304627412562,0.04512494170029955,30
model_3,0.95,-0.4,2.0,8,-0.20297731201058217,0.03550420045445027,30
model_3,0.95,-0.4,2.0,9,-0.2195550154893464,0.027917951247699198,30
model_3,0.95,-0.4,2.0,10,-0.2343473250079039,0.02193924466815614,30
model_3,0.95,-0.4,2.0,11,-0.24753187364151666,0.0172304520639838,30
model_3,0.95,-0.4,2.0,12,-0.25927206175455303,0.013524369518490627,30
model_3,0.95,-0.4,2.0,13,-0.26971719115536164,0.010609502850720027,30
model_3,0.95,-0.4,2.0,14,-0.27900303009004823,0.008318505094986876,30
model_3,0.95,-0.4,2.0,15,-0.28725259057581504,0.006519039490313942,30
model_3,0.95,-0.4,2.0,16,-0.2945769993393784,0.005106534710432462,30
model_3,0.95,-0.4,2.0,17,-0.3010763972824078,0.003998430092592421,30
model_3,0.95,-0.4,2.0,18,-0.3068408311676673,0.003129601177740546,30
model_3,0.95,-0.4,2.0,19,-0.3119511168448319,0.002448723617499105,30
model_3,0.95,-0.4,2.0,20,-0.3164796620865372,0.0019153845149526018,30
model_3,0.95,-0.2,0.6,0,0.016666666666666666,0.24138888888888888,30
model_3,0.95,-0.2,0.6,1,-0.01860763499838072,0.23241944783184154,30
model_3,0.95,-0.2,0.6,2,-0.0574362362269201,0.23240053390188492,30
model_3,0.95,-0.2,0.6,3,-0.10061539247061245,0.2359002387449785,30
model_3,0.95,-0.2,0.6,4,-0.1464657444607733,0.2406490568233778,30
model_3,0.95,-0.2,0.6,5,-0.1930692036827148,0.24576294932538906,30
model_3,0.95,-0.2,0.6,6,-0.23911892709763052,0.25073483574275596,30
model_3,0.95,-0.2,0.6,7,-0.28373531743902436,0.2551136462416596,30
model_3,0.95,-0.2,0.6,8,-0.32633960546738133,0.25843167207458295,30
model_3,0.95,-0.2,0.6,9,-0.3666208797857663,0.2602264871774514,30
model_3,0.95,-0.2,0.6,10,-0.40451062987290143,0.2600963081130569,30
model_3,0.95,-0.2,0.6,11,-0.4401365671628158,0.2577557971123174,30
model_3,0.95,-0.2,0.6,12,-0.47375910335846466,0.25307878763304437,30
model_3,0.95,-0.2,0.6,13,-0.505700466103892,0.24612680030524905,30
model_3,0.95,-0.2,0.6,14,-0.5362737758876963,0.2371644785603332,30
model_3,0.95,-0.2,0.6,15,-0.5657176442707201,0.226657101893147,30
model_3,0.95,-0.2,0.6,16,-0.5941445072045803,0.21523775196495085,30
model_3,0.95,-0.2,0.6,17,-0.6215155052691111,0.20363228490148005,30
model_3,0.95,-0.2,0.6,18,-0.6476541883234271,0.19254652860901175,30
model_3,0.95,-0.2,0.6,19,-0.6722996660569661,0.18254637258631998,30
model_3,0.95,-0.2,0.6,20,-0.6951813123726281,0.17397552994245732,30
model_3,0.95,-0.2,0.95,0,0.016666666666666666,0.24138888888888888,30
model_3,0.95,-0.2,0.95,1,-0.012677364629091466,0.21766210301370806,30
model_3,0.95,-0.2,0.95,2,-0.04365585930019256,0.19984297537242102,30
model_3,0.95,-0.2,0.95,3,-0.07576437856716066,0.1851288146024217,30
model_3,0.95,-0.2,0.95,4,-0.1082409940115515,0.172226110429012,30
model_3,0.95,-0.2,0.95,5,-0.14053580922504744,0.1605152677468209,30
model_3,0.95,-0.2,0.95,6,-0.17233465355525246,0.14966737900677807,30
model_3,0.95,-0.2,0.95,7,-0.20346485937644063,0.13948747673072748,30
model_3,0.95,-0.2,0.95,8,-0.23382450915067945,0.1298499228888476,30
model_3,0.95,-0.2,0.95,9,-0.2633453686412074,0.12067005973626466,30
model_3,0.95,-0.2,0.95,10,-0.2919758925318316,0.11189059010438443,30
model_3,0.95,-0.2,0.95,11,-0.3196740100974831,0.10347419793237707,30
model_3,0.95,-0.2,0.95,12,-0.34640425893065524,0.09539888724694066,30
model_3,0.95,-0.2,0.95,13,-0.3721367280983497,0.08765450908593769,30
model_3,0.95,-0.2,0.95,14,-0.39684670921099585,0.08023981169822073,30
model_3,0.95,-0.2,0.95,15,-0.42051461174227245,0.07315976265112926,30
model_3,0.95,-0.2,0.95,16,-0.4431259775534063,0.06642309912530174,30
model_3,0.95,-0.2,0.95,17,-0.46467153267655614,0.06004015826089003,30
model_3,0.95,-0.2,0.95,18,-0.485147242396887,0.054021064093851545,30
model_3,0.95,-0.2,0.95,19,-0.5045543378943883,0.048374327064816015,30
model_3,0.95,-0.2,0.95,20,-0.5228992824283731,0.043105868282823485,30
model_3,0.95,-0.2,1.2999999999999998,0,0.016666666666666666,0.24138888888888888,30
model_3,0.95,-0.2,1.2999999999999998,1,-0.008712440422886396,0.2056093465278515,30
model_3,0.95,-0.2,1.2999999999999998,2,-0.0339573568810389,0.17688796468038767,30
model_3,0.95,-0.2,1.2999999999999998,3,-0.05869709400677329,0.15303502482509895,30
model_3,0.95,-0.2,1.2999999999999998,4,-0.0826082278483786,0.13282044071455243,30
model_3,0.95,-0.2,1.2999999999999998,5,-0.10550294892511758,0.1154838542883407,30
model_3,0.95,-0.2,1.2999999999999998,6,-0.12730100945404504,0.10050691794034833,30
model_3,0.95,-0.2,1.2999999999999998,7,-0.14798556356621628,0.08750805895276938,30
model_3,0.95,-0.2,1.2999999999999998,8,-0.1675722175017803,0.07619121009826911,30
model_3,0.95,-0.2,1.2999999999999998,9,-0.1860916211595313,0.06631856615664236,30
model_3,0.95,-0.2,1.2999999999999998,10,-0.20358066600438923,0.057694622097173784,30
model_3,0.95,-0.2,1.2999999999999998,11,-0.22007835706472714,0.05015595490811183,30
model_3,0.95,-0.2,1.2999999999999998,12,-0.23562402322257228,0.04356421667990222,30
model_3,0.95,-0.2,1.2999999999999998,13,-0.2502566258199454,0.037801091928561036,30
model_3,0.95,-0.2,1.2999999999999998,14,-0.2640145468337491,0.0327645482599657,30
model_3,0.95,-0.2,1.2999999999999998,15,-0.2769355621556245,0.02836598538576852,30
model_3,0.95,-0.2,1.2999999999999998,16,-0.289056867011551,0.02452803080664979,30
model_3,0.95,-0.2,1.2999999999999998,17,-0.30041509827727,0.0211828116842248,30
model_3,0.95,-0.2,1.2999999999999998,18,-0.31104633463020365,0.018270582379397545,30
model_3,0.95,-0.2,1.2999999999999998,19,-0.320986071594795,0.015738620061153577,30
model_3,0.95,-0.2,1.2999999999999998,20,-0.3302691751606977,0.013540323663664772,30
model_3,0.95,-0.2,1.65,0,0.016666666666666666,0.24138888888888888,30
model_3,0.95,-0.2,1.65,1,-0.005533887732246875,0.19674258230166947,30
model_3,0.95,-0.2,1.65,2,-0.02666111676794757,0.1613211259011736,30
model_3,0.95,-0.2,1.65,3,-0.046559309926442895,0.132756369834326,30
model_3,0.95,-0.2,1.65,4,-0.06513593552129465,0.1094916079714421,30
model_3,0.95,-0.2,1.65,5,-0.08237254377482234,0.09042811167886881,30
model_3,0.95,-0.2,1.65,6,-0.0983019637067725,0.07474741054048879,30
model_3,0.95,-0.2,1.65,7,-0.1129852915486839,0.0618172612161886,30
model_3,0.95,-0.2,1.65,8,-0.1264964402517973,0.05113774685403659,30
model_3,0.95,-0.2,1.65,9,-0.13891328898315028,0.04230759887368943,30
model_3,0.95,-0.2,1.65,10,-0.15031306735333125,0.035001508520138,30
model_3,0.95,-0.2,1.65,11,-0.16077013668716394,0.028953935760695,30
model_3,0.95,-0.2,1.65,12,-0.170355034372243,0.023947070797249146,30
model_3,0.95,-0.2,1.65,13,-0.17913414927949886,0.019801622756179516,30
model_3,0.95,-0.2,1.65,14,-0.18716969688978968,0.01636962654480007,30
model_3,0.95,-0.2,1.65,15,-0.19451982836887635,0.01352874095566963,30
model_3,0.95,-0.2,1.65,16,-0.20123879435664885,0.011177677067302275,30
model_3,0.95,-0.2,1.65,17,-0.20737712755478768,0.009232500147033635,30
model_3,0.95,-0.2,1.65,18,-0.21298182896506418,0.007623617063288288,30
model_3,0.95,-0.2,1.65,19,-0.2180965520616669,0.0062933084581812656,30
model_3,0.95,-0.2,1.65,20,-0.22276178312824166,0.005193698338946948,30
model_3,0.95,-0.2,2.0,0,0.016666666666666666,0.24138888888888888,30
model_3,0.95,-0.2,2.0,1,-0.00301103141760665,0.1902297820404358,30
model_3,0.95,-0.2,2.0,2,-0.02115857454796517,0.15049399903967325,30
model_3,0.95,-0.2,2.0,3,-0.03777278385330006,0.11934539463816796,30
model_3,0.95,-0.2,2.0,4,-0.05289137673369812,0.09478817775646353,30
model_3,0.95,-0.2,2.0,5,-0.06658862109423347,0.07535783605915228,30
model_3,0.95,-0.2,2.0,6,-0.07896039001465582,0.05994852032636003,30
model_3,0.95,-0.2,2.0,7,-0.09011142690512401,0.047709612000981144,30
model_3,0.95,-0.2,2.0,8,-0.10014713394604301,0.037979041706189424,30
model_3,0.95,-0.2,2.0,9,-0.10916899112325035,0.030237549657542856,30
model_3,0.95,-0.2,2.0,10,-0.11727230720561822,0.024075823472357424,30
model_3,0.95,-0.2,2.0,11,-0.12454531977134738,0.0191701145352649,30
model_3,0.95,-0.2,2.0,12,-0.13106902503412804,0.015263746529724386,30
model_3,0.95,-0.2,2.0,13,-0.13691737983276375,0.012152883669036578,30
model_3,0.95,-0.2,2.0,14,-0.1421576797078259,0.009675465372457604,30
model_3,0.95,-0.2,2.0,15,-0.14685100946738355,0.007702541064123439,30
model_3,0.95,-0.2,2.0,16,-0.15105271317766922,0.0061314495479989125,30
model_3,0.95,-0.2,2.0,17,-0.1548128572420218,0.004880430211935414,30
model_3,0.95,-0.2,2.0,18,-0.1581766740178921,0.0038843538387849257,30
model_3,0.95,-0.2,2.0,19,-0.16118498039384643,0.0030913336590847125,30
model_3,0.95,-0.2,2.0,20,-0.16387456922477123,0.0024600312702884705,30
model_3,0.95,0.0,0.6,0,0.016666666666666666,0.24138888888888888,30
model_3,0.95,0.0,0.6,1,0.016397069567880042,0.2336427207696754,30
model_3,0.95,0.0,0.6,2,0.016904312782143036,0.2366303019771653,30
model_3,0.95,0.0,0.6,3,0.0177433953593124,0.24492424486021688,30
model_3,0.95,0.0,0.6,4,0.018693042481762283,0.25583684688637165,30
model_3,0.95,0.0,0.6,5,0.01965761641621549,0.2680667395537742,30
model_3,0.95,0.0,0.6,6,0.02059529322026781,0.2809120789794345,30
model_3,0.95,0.0,0.6,7,0.021486356919646437,0.2939317979153067,30
model_3,0.95,0.0,0.6,8,0.022320914669315996,0.30681419481860606,30
model_3,0.95,0.0,0.6,9,0.023094140471382748,0.31932713388542255,30
model_3,0.95,0.0,0.6,10,0.02380427341464174,0.33129802459038454,30
model_3,0.95,0.0,0.6,11,0.02445162270732034,0.3426037729251595,30
model_3,0.95,0.0,0.6,12,0.025037958960518587,0.3531635780529502,30
model_3,0.95,0.0,0.6,13,0.025566075818359138,0.36293232879209397,30
model_3,0.95,0.0,0.6,14,0.02603944800504692,0.3718941511810301,30
model_3,0.95,0.0,0.6,15,0.026461959558414582,0.38005623531218496,30
model_3,0.95,0.0,0.6,16,0.026837690595896194,0.3874431762589025,30
model_3,0.95,0.0,0.6,17,0.027170754594114818,0.39409200828798413,30
model_3,0.95,0.0,0.6,18,0.02746517873929447,0.40004801930206685,30
model_3,0.95,0.0,0.6,19,0.027724820028824995,0.40536135101108567,30
model_3,0.95,0.0,0.6,20,0.027953310171469244,0.4100843332826673,30
model_3,0.95,0.0,0.95,0,0.016666666666666666,0.24138888888888888,30
model_3,0.95,0.0,0.95,1,0.01587198051985255,0.218918276326021,30
model_3,0.95,0.0,0.95,2,0.015414879240970762,0.20285209268604545,30
model_3,0.95,0.0,0.95,3,0.015113329231443783,0.19029417897401787,30
model_3,0.95,0.0,0.95,4,0.014881445549425717,0.17984631054992367,30
model_3,0.95,0.0,0.95,5,0.0146819387423086,0.17081939435655605,30
model_3,0.95,0.0,0.95,6,0.01449914156151827,0.16284591706941998,30
model_3,0.95,0.0,0.95,7,0.014326484010160982,0.15570683856363965,30
model_3,0.95,0.0,0.95,8,0.014161135428801121,0.14925623837763552,30
model_3,0.95,0.0,0.95,9,0.014001791104588563,0.14338792986488105,30
model_3,0.95,0.0,0.95,10,0.01384777172428556,0.13801986991649146,30
model_3,0.95,0.0,0.95,11,0.013698659311103246,0.13308624413455628,30
model_3,0.95,0.0,0.95,12,0.013554150212284965,0.1285330082560597,30
model_3,0.95,0.0,0.95,13,0.013413995460785514,0.12431509877307473,30
model_3,0.95,0.0,0.95,14,0.013277976226514145,0.1203945283855186,30
model_3,0.95,0.0,0.95,15,0.013145893360792483,0.11673900123736153,30
model_3,0.95,0.0,0.95,16,0.013017562623906798,0.11332086354001332,30
model_3,0.95,0.0,0.95,17,0.012892812231728978,0.11011628695636655,30
model_3,0.95,0.0,0.95,18,0.012771481375375197,0.1071046218749944,30
model_3,0.95,0.0,0.95,19,0.012653419173366981,0.1042678788438406,30
model_3,0.95,0.0,0.95,20,0.012538483836935113,0.10159030879212363,30
model_3,0.95,0.0,1.2999999999999998,0,0.016666666666666666,0.24138888888888888,30
model_3,0.95,0.0,1.2999999999999998,1,0.01541178577132059,0.20640760923447668,30
model_3,0.95,0.0,1.2999999999999998,2,0.014385737235204313,0.1785476613274332,30
model_3,0.95,0.0,1.2999999999999998,3,0.013494250440627678,0.1555633935069872,30
model_3,0.95,0.0,1.2999999999999998,4,0.012690663644632064,0.13618278174879436,30
model_3,0.95,0.0,1.2999999999999998,5,0.011951818198731994,0.1196202779298763,30
model_3,0.95,0.0,1.2999999999999998,6,0.011265521363599951,0.1053438009563027,30
model_3,0.95,0.0,1.2999999999999998,7,0.01062462990861725,0.0929645019762281,30
model_3,0.95,0.0,1.2999999999999998,8,0.010024377376340814,0.08218266370954222,30
model_3,0.95,0.0,1.2999999999999998,9,0.009461184314157574,0.0727591568446991,30
model_3,0.95,0.0,1.2999999999999998,10,0.008932125212527727,0.06449892051427349,30
model_3,0.95,0.0,1.2999999999999998,11,0.008434682547635092,0.057240470211190136,30
model_3,0.95,0.0,1.2999999999999998,12,0.007966626390798677,0.050848696211203366,30
model_3,0.95,0.0,1.2999999999999998,13,0.00752594973375767,0.04520963207502252,30
model_3,0.95,0.0,1.2999999999999998,14,0.0071108293918509145,0.04022650497379338,30
model_3,0.95,0.0,1.2999999999999998,15,0.006719599394681909,0.03581667579358119,30
model_3,0.95,0.0,1.2999999999999998,16,0.0063507310672891075,0.03190922578651262,30
model_3,0.95,0.0,1.2999999999999998,17,0.006002817132738389,0.028443027834557686,30
model_3,0.95,0.0,1.2999999999999998,18,0.005674558522960207,0.025365188763302775,30
model_3,0.95,0.0,1.2999999999999998,19,0.005364753186740384,0.0226297801460353,30
model_3,0.95,0.0,1.2999999999999998,20,0.005072286463389177,0.02019679608031863,30
model_3,0.95,0.0,1.65,0,0.016666666666666666,0.24138888888888888,30
model_3,0.95,0.0,1.65,1,0.015065250378226558,0.1972297772250703,30
model_3,0.95,0.0,1.65,2,0.013686655679615118,0.16224711875129127,30
model_3,0.95,0.0,1.65,3,0.012468707241368506,0.13405544158130198,30
model_3,0.95,0.0,1.65,4,0.011376559159509065,0.11109057581682447,30
model_3,0.95,0.0,1.65,5,0.010389205968130592,0.09225405609509363,30
model_3,0.95,0.0,1.65,6,0.009492624754967248,0.07673228199304674,30
model_3,0.95,0.0,1.65,7,0.00867645325707056,0.06390019151748724,30
model_3,0.95,0.0,1.65,8,0.007932401064601554,0.0532659926149967,30
model_3,0.95,0.0,1.65,9,0.0072534780170254035,0.04443671567743927,30
model_3,0.95,0.0,1.65,10,0.006633602780264993,0.03709508418230916,30
model_3,0.95,0.0,1.65,11,0.006067389195227178,0.030983060822446794,30
model_3,0.95,0.0,1.65,12,0.00555001774373764,0.02588965198475555,30
model_3,0.95,0.0,1.65,13,0.005077149676625587,0.021641610609362615,30
model_3,0.95,0.0,1.65,14,0.004644864083208078,0.01809620965881207,30
model_3,0.95,0.0,1.65,15,0.004249608470162286,0.015135546530655776,30
model_3,0.95,0.0,1.65,16,0.003888158112908822,0.012662007150524329,30
model_3,0.95,0.0,1.65,17,0.0035575816277582015,0.01059462406772044,30
model_3,0.95,0.0,1.65,18,0.0032552112661182945,0.0088661329617852,30
model_3,0.95,0.0,1.65,19,0.0029786169674720234,0.007420580538731401,30
model_3,0.95,0.0,1.65,20,0.0027255835004390107,0.006211371532846308,30
model_3,0.95,0.0,2.0,0,0.016666666666666666,0.24138888888888888,30
model_3,0.95,0.0,2.0,1,0.01480743452015243,0.19053704173261476,30
model_3,0.95,0.0,2.0,2,0.01319492978902573,0.15104213350393422,30
model_3,0.95,0.0,2.0,3,0.011777837513751296,0.12006955573095004,30
model_3,0.95,0.0,2.0,4,0.010523021713155245,0.09562956244093115,30
model_3,0.95,0.0,2.0,5,0.009407173041986584,0.07626618362304813,30
model_3,0.95,0.0,2.0,6,0.008412526484352052,0.06088287930443926,30
model_3,0.95,0.0,2.0,7,0.0075246959079451935,0.04863802095360606,30
model_3,0.95,0.0,2.0,8,0.006731558044927521,0.03887764329175409,30
model_3,0.95,0.0,2.0,9,0.006022648048461981,0.03108946488365839,30
model_3,0.95,0.0,2.0,10,0.005388805871805175,0.02486997345777852,30
model_3,0.95,0.0,2.0,11,0.004821949002263128,0.019900092896778625,30
model_3,0.95,0.0,2.0,12,0.0043149121208303385,0.01592679664088195,30
model_3,0.95,0.0,2.0,13,0.0038613248936546626,0.012749006022807015,30
model_3,0.95,0.0,2.0,14,0.00345551350898853,0.010206662429164572,30
model_3,0.95,0.0,2.0,15,0.0030924184074076545,0.00817219585787031,30
model_3,0.95,0.0,2.0,16,0.002767523959921625,0.006543827648922204,30
model_3,0.95,0.0,2.0,17,0.0024767975034450883,0.005240291037655477,30
model_3,0.95,0.0,2.0,18,0.0022166360133077027,0.004196655851991683,30
model_3,0.95,0.0,2.0,19,0.0019838191808097374,0.0033610179907021666,30
model_3,0.95,0.0,2.0,20,0.0017754679592731784,0.00269186924224814,30
model_3,0.95,0.20000000000000007,0.6,0,0.016666666666666666,0.24138888888888888,30
model_3,0.95,0.20000000000000007,0.6,1,0.05129405306187219,0.23259388456833224,30
model_3,0.95,0.20000000000000007,0.6,2,0.09063496398179452,0.23240959450949356,30
model_3,0.95,0.20000000000000007,0.6,3,0.13465231430256755,0.235358735466373,30
model_3,0.95,0.20000000000000007,0.6,4,0.18129160470269962,0.23926465515625409,30
model_3,0.95,0.20000000000000007,0.6,5,0.22849504929062966,0.24336512847351663,30
model_3,0.95,0.20000000000000007,0.6,6,0.2749076121304087,0.2472633517242597,30
model_3,0.95,0.20000000000000007,0.6,7,0.31963474946536485,0.2506110361239254,30
model_3,0.95,0.20000000000000007,0.6,8,0.36209429977074326,0.25303237447708365,30
model_3,0.95,0.20000000000000007,0.6,9,0.4019750856563148,0.254138630539173,30
model_3,0.95,0.20000000000000007,0.6,10,0.4392081827052535,0.253578734389233,30
model_3,0.95,0.20000000000000007,0.6,11,0.47391997651594064,0.25109392605313263,30
model_3,0.95,0.20000000000000007,0.6,12,0.5063695959819633,0.246561426549389,30
model_3,0.95,0.20000000000000007,0.6,13,0.5368805344356158,0.2400243650215432,30
model_3,0.95,0.20000000000000007,0.6,14,0.565773675219206,0.23170847091876395,30
model_3,0.95,0.20000000000000007,0.6,15,0.5933067701573338,0.22202139390756204,30
model_3,0.95,0.20000000000000007,0.6,16,0.6196272511354747,0.21152390637520274,30
model_3,0.95,0.20000000000000007,0.6,17,0.6447490176277254,0.20086268180382952,30
model_3,0.95,0.20000000000000007,0.6,18,0.6685633717939415,0.1906687947347403,30
model_3,0.95,0.20000000000000007,0.6,19,0.6908843398151641,0.1814495672620205,30
model_3,0.95,0.20000000000000007,0.6,20,0.7115128234805101,0.17351407160520413,30
model_3,0.95,0.20000000000000007,0.95,0,0.016666666666666666,0.24138888888888888,30
model_3,0.95,0.20000000000000007,0.95,1,0.04432719153973189,0.21773686430750505,30
model_3,0.95,0.20000000000000007,0.95,2,0.07418815806228359,0.19990311566513735,30
model_3,0.95,0.20000000000000007,0.95,3,0.10540033820963741,0.1851122731841688,30
model_3,0.95,0.20000000000000007,0.95,4,0.13704473928130148,0.1721029179633403,30
model_3,0.95,0.20000000000000007,0.95,5,0.1685051328776586,0.16027706537390934,30
model_3,0.95,0.20000000000000007,0.95,6,0.1994405189021517,0.14931841361416798,30
model_3,0.95,0.20000000000000007,0.95,7,0.22966834729814653,0.13903971178283253,30
model_3,0.95,0.20000000000000007,0.95,8,0.2590844276200115,0.1293203508284455,30
model_3,0.95,0.20000000000000007,0.95,9,0.2876220236288828,0.12007882196777975,30
model_3,0.95,0.20000000000000007,0.95,10,0.31523323737492315,0.1112593597540819,30
model_3,0.95,0.20000000000000007,0.95,11,0.3418810610873565,0.10282470295433384,30
model_3,0.95,0.20000000000000007,0.95,12,0.3675361278851231,0.09475160455121236,30
model_3,0.95,0.20000000000000007,0.95,13,0.39217540178039656,0.08702759567880203,30
model_3,0.95,0.20000000000000007,0.95,14,0.4157816132038521,0.07964832791977497,30
model_3,0.95,0.20000000000000007,0.95,15,0.43834295955638625,0.07261521494522559,30
model_3,0.95,0.20000000000000007,0.95,16,0.4598528951256818,0.06593329812162697,30
model_3,0.95,0.20000000000000007,0.95,17,0.48030995149523653,0.05960935891258283,30
model_3,0.95,0.20000000000000007,0.95,18,0.4997175648451101,0.05365033224936624,30
model_3,0.95,0.20000000000000007,0.95,19,0.5180838918643303,0.04806206349570935,30
model_3,0.95,0.20000000000000007,0.95,20,0.5354215955903727,0.04284841753572735,30
model_3,0.95,0.20000000000000007,1.2999999999999998,0,0.016666666666666666,0.24138888888888888,30
model_3,0.95,0.20000000000000007,1.2999999999999998,1,0.03947627185569751,0.20564533683121367,30
model_3,0.95,0.20000000000000007,1.2999999999999998,2,0.0625782774065365,0.17692630483910926,30
model_3,0.95,0.20000000000000007,1.2999999999999998,3,0.08542317113523783,0.1530590216144352,30
model_3,0.95,0.20000000000000007,1.2999999999999998,4,0.10760142209438987,0.13282510402569658,30
model_3,0.95,0.20000000000000007,1.2999999999999998,5,0.1288837236174763,0.11547006488453133,30
model_3,0.95,0.20000000000000007,1.2999999999999998,6,0.14916883301645112,0.10047786518195616,30
model_3,0.95,0.20000000000000007,1.2999999999999998,7,0.16842827135153604,0.08746751127157863,30
model_3,0.95,0.20000000000000007,1.2999999999999998,8,0.1866703843641136,0.07614276620490396,30
model_3,0.95,0.20000000000000007,1.2999999999999998,9,0.2039206982212467,0.06626536275932253,30
model_3,0.95,0.20000000000000007,1.2999999999999998,10,0.22021209116250942,0.057639246126858994,30
model_3,0.95,0.20000000000000007,1.2999999999999998,11,0.23558017282234298,0.05010044799238474,30
model_3,0.95,0.20000000000000007,1.2999999999999998,12,0.2500612427500201,0.04351012153461768,30
model_3,0.95,0.20000000000000007,1.2999999999999998,13,0.2636914608471927,0.037749516689183506,30
model_3,0.95,0.20000000000000007,1.2999999999999998,14,0.2765065546007442,0.03271623631625421,30
model_3,0.95,0.20000000000000007,1.2999999999999998,15,0.2885417428174951,0.028321383816007285,30
model_3,0.95,0.20000000000000007,1.2999999999999998,16,0.2998317303798698,0.024487353522686058,30
model_3,0.95,0.20000000000000007,1.2999999999999998,17,0.3104107121927835,0.021146095246132972,30
model_3,0.95,0.20000000000000007,1.2999999999999998,18,0.32031236341490105,0.018237733649716807,30
model_3,0.95,0.20000000000000007,1.2999999999999998,19,0.32956981052640744,0.015709455671792976,30
model_3,0.95,0.20000000000000007,1.2999999999999998,20,0.3382155851303875,0.013514601781854887,30
model_3,0.95,0.20000000000000007,1.65,0,0.016666666666666666,0.24138888888888888,30
model_3,0.95,0.20000000000000007,1.65,1,0.035627451058410316,0.19676197197946466,30
model_3,0.95,0.20000000000000007,1.65,2,0.053951627961848804,0.16134354711802829,30
model_3,0.95,0.20000000000000007,1.65,3,0.07136390373888293,0.13277477206491578,30
model_3,0.95,0.20000000000000007,1.65,4,0.08770529726637877,0.10950412997757614,30
model_3,0.95,0.20000000000000007,1.65,5,0.10291744517820295,0.09043516312107218,30
model_3,0.95,0.20000000000000007,1.65,6,0.11700649239053618,0.07475014144402546,30
model_3,0.95,0.20000000000000007,1.65,7,0.13001371141862383,0.06181689179802835,30
model_3,0.95,0.20000000000000007,1.65,8,0.14199703042889072,0.05113532333627882,30
model_3,0.95,0.20000000000000007,1.65,9,0.153020724385329,0.04230393553211153,30
model_3,0.95,0.20000000000000007,1.65,10,0.163150065335345,0.0349972023770319,30
model_3,0.95,0.20000000000000007,1.65,11,0.17244870899003523,0.028949404281623556,30
model_3,0.95,0.20000000000000007,1.65,12,0.18097750754823874,0.0239425923215453,30
model_3,0.95,0.20000000000000007,1.65,13,0.18879403552899013,0.019797372237641567,30
model_3,0.95,0.20000000000000007,1.65,14,0.19595245896491204,0.01636570459790821,30
model_3,0.95,0.20000000000000007,1.65,15,0.20250356352889157,0.013525196367285724,30
model_3,0.95,0.20000000000000007,1.65,16,0.2084948528148452,0.011174523692801058,30
model_3,0.95,0.20000000000000007,1.65,17,0.21397067568734845,0.009229729274517704,30
model_3,0.95,0.20000000000000007,1.65,18,0.2189723645719103,0.007621206256662228,30
model_3,0.95,0.20000000000000007,1.65,19,0.22353837714385388,0.006291227736214015,30
model_3,0.95,0.20000000000000007,1.65,20,0.22770443846792054,0.005191914380813091,30
model_3,0.95,0.20000000000000007,2.0,0,0.016666666666666666,0.24138888888888888,30
model_3,0.95,0.20000000000000007,2.0,1,0.032602295525103395,0.19024122544202637,30
model_3,0.95,0.20000000000000007,2.0,2,0.04749912131651867,0.150507607725063,30
model_3,0.95,0.20000000000000007,2.0,3,0.06125358604909309,0.11935736468581629,30
model_3,0.95,0.20000000000000007,2.0,4,0.07383853871449382,0.09479746865988772,30
model_3,0.95,0.20000000000000007,2.0,5,0.08528243243415863,0.07536456189648329,30
model_3,0.95,0.20000000000000007,2.0,6,0.09564602580860829,0.059953164965875265,30
model_3,0.95,0.20000000000000007,2.0,7,0.10500545862444918,0.0477126984723912,30
model_3,0.95,0.20000000000000007,2.0,8,0.1134418957981958,0.037981016393882586,30
model_3,0.95,0.20000000000000007,2.0,9,0.12103579186644804,0.030238757525630787,30
model_3,0.95,0.20000000000000007,2.0,10,0.1278639702159902,0.024076517113515876,30
model_3,0.95,0.20000000000000007,2.0,11,0.13399829336112307,0.01917047265713957,30
model_3,0.95,0.20000000000000007,2.0,12,0.1395051903526776,0.015263892422491227,30
model_3,0.95,0.20000000000000007,2.0,13,0.14444562819082632,0.012152900603697095,30
model_3,0.95,0.20000000000000007,2.0,14,0.14887530349254793,0.00967540844637677,30
model_3,0.95,0.20000000000000007,2.0,15,0.15284493637380162,0.007702445918347696,30
model_3,0.95,0.20000000000000007,2.0,16,0.15640060546886572,0.0061313386065522625,30
model_3,0.95,0.20000000000000007,2.0,17,0.15958409296226808,0.004880317061640279,30
model_3,0.95,0.20000000000000007,2.0,18,0.1624332239856125,0.003884246257828348,30
model_3,0.95,0.20000000000000007,2.0,19,0.16498219263917147,0.0030912356841395253,30
model_3,0.95,0.20000000000000007,2.0,20,0.16726187092526087,0.0024599445898611854,30
model_3,0.95,0.4,0.6,0,0.016666666666666666,0.24138888888888888,30
model_3,0.95,0.4,0.6,1,0.0825750549927712,0.2285371293365764,30
model_3,0.95,0.4,0.6,2,0.15594615014357197,0.21889142171921422,30
model_3,0.95,0.4,0.6,3,0.23488136843140056,0.2076944562264656,30
model_3,0.95,0.4,0.6,4,0.31445166164109656,0.19439754967620726,30
model_3,0.95,0.4,0.6,5,0.3910683977511245,0.17958981500781498,30
model_3,0.95,0.4,0.6,6,0.4627296645720916,0.16410235555107397,30
model_3,0.95,0.4,0.6,7,0.5283059535716237,0.14876490875981324,30
model_3,0.95,0.4,0.6,8,0.5872381867613904,0.13411220051162298,30
model_3,0.95,0.4,0.6,9,0.6394661104788866,0.12023939465905831,30
model_3,0.95,0.4,0.6,10,0.6853506249526331,0.10690614374344798,30
model_3,0.95,0.4,0.6,11,0.7255334399784085,0.09376777756264398,30
model_3,0.95,0.4,0.6,12,0.7607742805450907,0.08059650749575607,30
model_3,0.95,0.4,0.6,13,0.7918047558747223,0.06743059138703433,30
model_3,0.95,0.4,0.6,14,0.8192193523491954,0.05461846901953227,30
model_3,0.95,0.4,0.6,15,0.8434247873935797,0.042723568271964496,30
model_3,0.95,0.4,0.6,16,0.8646659004064708,0.03230803614923156,30
model_3,0.95,0.4,0.6,17,0.8831097148856748,0.02371648549143516,30
model_3,0.95,0.4,0.6,18,0.8989295113378636,0.016994358260215905,30
model_3,0.95,0.4,0.6,19,0.9123435440674653,0.011952937114782802,30
model_3,0.95,0.4,0.6,20,0.9236098697768688,0.008290589117824251,30
model_3,0.95,0.4,0.95,0,0.016666666666666666,0.24138888888888888,30
model_3,0.95,0.4,0.95,1,0.07172522408730023,0.21414502505241273,30
model_3,0.95,0.4,0.95,2,0.12988678079234856,0.19138636246065588,30
model_3,0.95,0.4,0.95,3,0.18921820963847485,0.17084823750285763,30
model_3,0.95,0.4,0.95,4,0.2477908061463453,0.15176041468689563,30
model_3,0.95,0.4,0.95,5,0.3043280489646801,0.13387724625611966,30
model_3,0.95,0.4,0.95,6,0.35809688550633595,0.11713529279822865,30
model_3,0.95,0.4,0.95,7,0.4086899674479434,0.10154678749167356,30
model_3,0.95,0.4,0.95,8,0.4558878831497695,0.08715565436240454,30
model_3,0.95,0.4,0.95,9,0.4995889633027851,0.0740117216676492,30
model_3,0.95,0.4,0.95,10,0.5397741274663425,0.06215407367565202,30
model_3,0.95,0.4,0.95,11,0.5764871909040309,0.05160096932225042,30
model_3,0.95,0.4,0.95,12,0.6098215836236338,0.04234445836117621,30
model_3,0.95,0.4,0.95,13,0.6399099346808824,0.0343482820775705,30
model_3,0.95,0.4,0.95,14,0.6669152949472952,0.027548446862446077,30
model_3,0.95,0.4,0.95,15,0.6910235013478212,0.02185639473195293,30
model_3,0.95,0.4,0.95,16,0.7124363399344088,0.01716458099103026,30
model_3,0.95,0.4,0.95,17,0.7313652602278208,0.013353729531564901,30
model_3,0.95,0.4,0.95,18,0.7480255595484987,0.010300582082861958,30
model_3,0.95,0.4,0.95,19,0.7626311255062014,0.007884920239386596,30
model_3,0.95,0.4,0.95,20,0.7753899110194493,0.005994996176481631,30
model_3,0.95,0.4,1.2999999999999998,0,0.016666666666666666,0.24138888888888888,30
model_3,0.95,0.4,1.2999999999999998,1,0.06292175050819179,0.20338255337877642,30
model_3,0.95,0.4,1.2999999999999998,2,0.10907939279435357,0.17224419492941548,30
model_3,0.95,0.4,1.2999999999999998,3,0.15407155964966943,0.1460176865181452,30
model_3,0.95,0.4,1.2999999999999998,4,0.19710948325385144,0.12363653442314958,30
model_3,0.95,0.4,1.2999999999999998,5,0.23775302115897787,0.1044317571459881,30
model_3,0.95,0.4,1.2999999999999998,6,0.2758086795828327,0.08792814202936222,30
model_3,0.95,0.4,1.2999999999999998,7,0.3112273790806138,0.07375817948403868,30
model_3,0.95,0.4,1.2999999999999998,8,0.34403925330843654,0.06162136094925827,30
model_3,0.95,0.4,1.2999999999999998,9,0.3743178079400247,0.05126242531375672,30
model_3,0.95,0.4,1.2999999999999998,10,0.4021611985218177,0.04245875134399187,30
model_3,0.95,0.4,1.2999999999999998,11,0.4276823647061504,0.03501279425622879,30
model_3,0.95,0.4,1.2999999999999998,12,0.4510034676698705,0.028747532966792843,30
model_3,0.95,0.4,1.2999999999999998,13,0.4722523457510703,0.023503750245216885,30
model_3,0.95,0.4,1.2999999999999998,14,0.4915599159078205,0.019138392149968663,30
model_3,0.95,0.4,1.2999999999999998,15,0.5090580543444563,0.015523506214100348,30
model_3,0.95,0.4,1.2999999999999998,16,0.5248777762223802,0.01254543133995943,30
model_3,0.95,0.4,1.2999999999999998,17,0.5391476602217384,0.010104039708902815,30
model_3,0.95,0.4,1.2999999999999998,18,0.5519925112323589,0.008111924956112189,30
model_3,0.95,0.4,1.2999999999999998,19,0.5635322655361251,0.00649349723217022,30
model_3,0.95,0.4,1.2999999999999998,20,0.573881138634642,0.0051839888123132085,30
model_3,0.95,0.4,1.65,0,0.016666666666666666,0.24138888888888888,30
model_3,0.95,0.4,1.65,1,0.055784381959312464,0.19537300699681742,30
model_3,0.95,0.4,1.65,2,0.09320036887973607,0.15870666915224954,30
model_3,0.95,0.4,1.65,3,0.12842481485424007,0.1290986498633242,30
model_3,0.95,0.4,1.65,4,0.1611845481855409,0.10502471082098937,30
model_3,0.95,0.4,1.65,5,0.19139612614563004,0.08538601754272768,30
model_3,0.95,0.4,1.65,6,0.21909852852085274,0.06934548603235008,30
model_3,0.95,0.4,1.65,7,0.24439831374530907,0.05624340754006465,30
model_3,0.95,0.4,1.65,8,0.2674349584481666,0.04554917012460893,30
model_3,0.95,0.4,1.65,9,0.28836118081291423,0.03683074354422413,30
model_3,0.95,0.4,1.65,10,0.30733234108905694,0.029733798928800147,30
model_3,0.95,0.4,1.65,11,0.3245008802279245,0.023966552949513362,30
model_3,0.95,0.4,1.65,12,0.34001344093059443,0.019288276730236885,30
model_3,0.95,0.4,1.65,13,0.35400939687485383,0.01550029410859714,30
model_3,0.95,0.4,1.65,14,0.3666201294279745,0.012438755446088164,30
model_3,0.95,0.4,1.65,15,0.3779687172080888,0.009968732403284952,30
model_3,0.95,0.4,1.65,16,0.3881698697999841,0.007979332362602317,30
model_3,0.95,0.4,1.65,17,0.3973300185594549,0.006379624832369402,30
model_3,0.95,0.4,1.65,18,0.40554751646769177,0.0050952306557694674,30
model_3,0.95,0.4,1.65,19,0.4129129173176799,0.004065462095639837,30
model_3,0.95,0.4,1.65,20,0.4195093132012289,0.00324092618705884,30
model_3,0.95,0.4,2.0,0,0.016666666666666666,0.24138888888888888,30
model_3,0.95,0.4,2.0,1,0.050124006974981976,0.18935974812255477,30
model_3,0.95,0.4,2.0,2,0.08116074116988252,0.14893347530569945,30
model_3,0.95,0.4,2.0,3,0.10962874039470881,0.11728290537190966,30
model_3,0.95,0.4,2.0,4,0.13551746046571253,0.09239938467459871,30
model_3,0.95,0.4,2.0,5,0.15891788818137723,0.0727935843393709,30
model_3,0.95,0.4,2.0,6,0.179979655228626,0.05733070040860309,30
model_3,0.95,0.4,2.0,7,0.19887946093508643,0.0451316686728351,30
model_3,0.95,0.4,2.0,8,0.21580158633841254,0.03550881735202646,30
model_3,0.95,0.4,2.0,9,0.23092699709207645,0.027921084147666066,30
model_3,0.95,0.4,2.0,10,0.2444277221782029,0.021941351434360098,30
model_3,0.95,0.4,2.0,11,0.25646425218989843,0.017231857658139945,30
model_3,0.95,0.4,2.0,12,0.2671845976586425,0.013525300232589521,30
model_3,0.95,0.4,2.0,13,0.27672423553188935,0.010610114257591577,30
model_3,0.95,0.4,2.0,14,0.2852065189606061,0.00831890317117704,30
model_3,0.95,0.4,2.0,15,0.2927433198869309,0.0065192959222255455,30
model_3,0.95,0.4,2.0,16,0.299435779552315,0.0051066977091388435,30
model_3,0.95,0.4,2.0,17,0.3053750986141917,0.00399853191273896,30
model_3,0.95,0.4,2.0,18,0.31064332879201423,0.003129663288508802,30
model_3,0.95,0.4,2.0,19,0.3153141443220699,0.002448760231766897,30
model_3,0.95,0.4,2.0,20,0.31945358061415113,0.0019154049843748031,30
model_3,1.2,-0.4,0.6,0,0.016666666666666666,0.24138888888888888,30
model_3,1.2,-0.4,0.6,1,-0.04263446394126339,0.2360474854006004,30
model_3,1.2,-0.4,0.6,2,-0.10720354453291318,0.23870278309985934,30
model_3,1.2,-0.4,0.6,3,-0.17927791423334247,0.24124868307798536,30
model_3,1.2,-0.4,0.6,4,-0.2543186231340428,0.24102057679294792,30
model_3,1.2,-0.4,0.6,5,-0.32812149859031686,0.2372346598360141,30
model_3,1.2,-0.4,0.6,6,-0.39886258372421013,0.22968724605981627,30
model_3,1.2,-0.4,0.6,7,-0.4657094385297564,0.21921540474876447,30
model_3,1.2,-0.4,0.6,8,-0.5278111563419075,0.20768923725343194,30
model_3,1.2,-0.4,0.6,9,-0.5841086044044016,0.1971522080347549,30
model_3,1.2,-0.4,0.6,10,-0.6337533244358059,0.18885019019448904,30
model_3,1.2,-0.4,0.6,11,-0.6764836161526389,0.18299547506313382,30
model_3,1.2,-0.4,0.6,12,-0.712613521097794,0.17915735195442203,30
model_3,1.2,-0.4,0.6,13,-0.7428059614686986,0.17671197403491173,30
model_3,1.2,-0.4,0.6,14,-0.7678562872530136,0.17509257087629357,30
model_3,1.2,-0.4,0.6,15,-0.7885583959773692,0.17387011426234225,30
model_3,1.2,-0.4,0.6,16,-0.805639772452351,0.17275104754745807,30
model_3,1.2,-0.4,0.6,17,-0.8197376208343897,0.1715477518215404,30
model_3,1.2,-0.4,0.6,18,-0.8313960648307787,0.17014642615586603,30
model_3,1.2,-0.4,0.6,19,-0.8410729955571763,0.16848056288987046,30
model_3,1.2,-0.4,0.6,20,-0.849150649187844,0.1665113050583495,30
model_3,1.2,-0.4,0.95,0,0.016666666666666666,0.24138888888888888,30
model_3,1.2,-0.4,0.95,1,-0.0333262155108823,0.22373877820928936,30
model_3,1.2,-0.4,0.95,2,-0.08789420622319068,0.2112307499522627,30
model_3,1.2,-0.4,0.95,3,-0.14604446169784965,0.20016937224991854,30
model_3,1.2,-0.4,0.95,4,-0.20550319930985303,0.18920621053526981,30
model_3,1.2,-0.4,0.95,5,-0.2644842324002761,0.17787627138433892,30
model_3,1.2,-0.4,0.95,6,-0.32188945383878514,0.16602835237970023,30
model_3,1.2,-0.4,0.95,7,-0.377039085142027,0.1536845844326682,30
model_3,1.2,-0.4,0.95,8,-0.42948002517873696,0.14099480508366077,30
model_3,1.2,-0.4,0.95,9,-0.4788919693319991,0.12819068386427093,30
model_3,1.2,-0.4,0.95,10,-0.5250490145812051,0.11552721065580755,30
model_3,1.2,-0.4,0.95,11,-0.5678104952218898,0.10322649841471188,30
model_3,1.2,-0.4,0.95,12,-0.6071232910332408,0.09144342369821476,30
model_3,1.2,-0.4,0.95,13,-0.6430220027318926,0.08026239052403446,30
model_3,1.2,-0.4,0.95,14,-0.6756194133243426,0.06971964891983361,30
model_3,1.2,-0.4,0.95,15,-0.7050867925898434,0.05983606024143314,30
model_3,1.2,-0.4,0.95,16,-0.7316287672551411,0.05064438131193465,30
model_3,1.2,-0.4,0.95,17,-0.7554592824037839,0.04220060078306471,30
model_3,1.2,-0.4,0.95,18,-0.7767841400678402,0.03457688235534744,30
model_3,1.2,-0.4,0.95,19,-0.7957927991943923,0.027841427223833117,30
model_3,1.2,-0.4,0.95,20,-0.8126586884183666,0.022035503603402708,30
model_3,1.2,-0.4,1.2999999999999998,0,0.016666666666666666,0.24138888888888888,30
model_3,1.2,-0.4,1.2999999999999998,1,-0.027418358404555407,0.21294928562522591,30
model_3,1.2,-0.4,1.2999999999999998,2,-0.07322132701998195,0.18999877718973282,30
model_3,1.2,-0.4,1.2999999999999998,3,-0.11970554183638507,0.1701705995520168,30
model_3,1.2,-0.4,1.2999999999999998,4,-0.16575056655196468,0.15241350685754804,30
model_3,1.2,-0.4,1.2999999999999998,5,-0.2105982267467565,0.13622862685916046,30
model_3,1.2,-0.4,1.2999999999999998,6,-0.2538122996712633,0.12135198591304472,30
model_3,1.2,-0.4,1.2999999999999998,7,-0.2951488259816903,0.10763251378447229,30
model_3,1.2,-0.4,1.2999999999999998,8,-0.33446742639195537,0.09498038817083956,30
model_3,1.2,-0.4,1.2999999999999998,9,-0.3716851703331985,0.08334084330172055,30
model_3,1.2,-0.4,1.2999999999999998,10,-0.4067550292113442,0.07267846383153152,30
model_3,1.2,-0.4,1.2999999999999998,11,-0.43965626788787926,0.06296677536931226,30
model_3,1.2,-0.4,1.2999999999999998,12,-0.47039007238223524,0.0541811568813555,30
model_3,1.2,-0.4,1.2999999999999998,13,-0.49897720723079503,0.04629417110281559,30
model_3,1.2,-0.4,1.2999999999999998,14,-0.5254562687922008,0.039272766331555464,30
model_3,1.2,-0.4,1.2999999999999998,15,-0.5498819548946376,0.03307693820133124,30
model_3,1.2,-0.4,1.2999999999999998,16,-0.5723231686654466,0.027659519377041867,30
model_3,1.2,-0.4,1.2999999999999998,17,-0.5928609468416423,0.0229668274948784,30
model_3,1.2,-0.4,1.2999999999999998,18,-0.611586266313711,0.018939943585235586,30
model_3,1.2,-0.4,1.2999999999999998,19,-0.6285977980134354,0.015516410893441983,30
model_3,1.2,-0.4,1.2999999999999998,20,-0.6439996760770911,0.012632147078018631,30
model_3,1.2,-0.4,1.65,0,0.016666666666666666,0.24138888888888888,30
model_3,1.2,-0.4,1.65,1,-0.022484342335384058,0.20426984593458494,30
model_3,1.2,-0.4,1.65,2,-0.06136017116542912,0.17416749048055036,30
model_3,1.2,-0.4,1.65,3,-0.09928898588658541,0.14898988479564915,30
model_3,1.2,-0.4,1.65,4,-0.1357243162523724,0.12757282843232834,30
model_3,1.2,-0.4,1.65,5,-0.1703519277502101,0.10919158846724808,30
model_3,1.2,-0.4,1.65,6,-0.20303323552468863,0.09334394035927795,30
model_3,1.2,-0.4,1.65,7,-0.23373340221759814,0.07965317824977187,30
model_3,1.2,-0.4,1.65,8,-0.2624729984496649,0.06782119454274366,30
model_3,1.2,-0.4,1.65,9,-0.2893011578016734,0.057603270926744415,30
model_3,1.2,-0.4,1.65,10,-0.31428188174184646,0.048793178024098195,30
model_3,1.2,-0.4,1.65,11,-0.3374873120213827,0.041213728283952505,30
model_3,1.2,-0.4,1.65,12,-0.3589944117010243,0.03471050877134244,30
model_3,1.2,-0.4,1.65,13,-0.37888321029542893,0.029147603669828347,30
model_3,1.2,-0.4,1.65,14,-0.3972357179784219,0.024404613186472423,30
model_3,1.2,-0.4,1.65,15,-0.4141351017350607,0.020374529561308537,30
model_3,1.2,-0.4,1.65,16,-0.4296649555586277,0.01696217656183377,30
model_3,1.2,-0.4,1.65,17,-0.4439086088634602,0.014083011605335934,30
model_3,1.2,-0.4,1.65,18,-0.4569484662937084,0.011662153565404202,30
model_3,1.2,-0.4,1.65,19,-0.46886539054960646,0.009633545414480667,30
model_3,1.2,-0.4,1.65,20,-0.47973814392152603,0.00793919455315084,30
model_3,1.2,-0.4,2.0,0,0.016666666666666666,0.24138888888888888,30
model_3,1.2,-0.4,2.0,1,-0.0183152987067305,0.19744121250077284,30
model_3,1.2,-0.4,2.0,2,-0.05184700104428681,0.16234757612311176,30
model_3,1.2,-0.4,2.0,3,-0.08357707776298993,0.13384513045316473,30
model_3,1.2,-0.4,2.0,4,-0.1132830389386381,0.11047302380479017,30
model_3,1.2,-0.4,2.0,5,-0.1408859199744607,0.09120613830409405,30
model_3,1.2,-0.4,2.0,6,-0.16640579504551048,0.0752784484937967,30
model_3,1.2,-0.4,2.0,7,-0.1899187564771091,0.06209333025854858,30
model_3,1.2,-0.4,2.0,8,-0.2115285009237629,0.051173807751981715,30
model_3,1.2,-0.4,2.0,9,-0.23135009348514182,0.042132203925742004,30
model_3,1.2,-0.4,2.0,10,-0.24950135059943754,0.03465004291526076,30
model_3,1.2,-0.4,2.0,11,-0.26609846484881206,0.028463872307704752,30
model_3,1.2,-0.4,2.0,12,-0.2812538491192261,0.023354783163958014,30
model_3,1.2,-0.4,2.0,13,-0.2950750992789186,0.019140389196794526,30
model_3,1.2,-0.4,2.0,14,-0.3076645098234742,0.015668522567399357,30
model_3,1.2,-0.4,2.0,15,-0.3191188643235973,0.012812174919507337,30
model_3,1.2,-0.4,2.0,16,-0.32952936898448304,0.01046537121947399,30
model_3,1.2,-0.4,2.0,17,-0.33898166897590165,0.00853976223675618,30
model_3,1.2,-0.4,2.0,18,-0.3475559202458393,0.006961784540908939,30
model_3,1.2,-0.4,2.0,19,-0.35532690384677257,0.005670278364241519,30
model_3,1.2,-0.4,2.0,20,-0.36236417539229365,0.00461448147561048,30
model_3,1.2,-0.2,0.6,0,0.016666666666666666,0.24138888888888888,30
model_3,1.2,-0.2,0.6,1,-0.015179566223210502,0.2375730608901801,30
model_3,1.2,-0.2,0.6,2,-0.049120512656875184,0.24732067854035422,30
model_3,1.2,-0.2,0.6,3,-0.08763419419404,0.2635397619043719,30
model_3,1.2,-0.2,0.6,4,-0.12954570950194078,0.2833101280951044,30
model_3,1.2,-0.2,0.6,5,-0.17216496525931055,0.3057949015337932,30
model_3,1.2,-0.2,0.6,6,-0.21344631317629542,0.33057792899433036,30
model_3,1.2,-0.2,0.6,7,-0.2518550649277127,0.3571526570998913,30
model_3,1.2,-0.2,0.6,8,-0.2863188626259584,0.3848360589185071,30
model_3,1.2,-0.2,0.6,9,-0.3162671908917004,0.41286073939738904,30
model_3,1.2,-0.2,0.6,10,-0.3415853503971485,0.4405139914951749,30
model_3,1.2,-0.2,0.6,11,-0.36249183360423365,0.4672327805539931,30
model_3,1.2,-0.2,0.6,12,-0.37940231053794055,0.4926305795909036,30
model_3,1.2,-0.2,0.6,13,-0.392820925166254,0.5164774953195314,30
model_3,1.2,-0.2,0.6,14,-0.4032681393981425,0.5386625397451644,30
model_3,1.2,-0.2,0.6,15,-0.41123873615433776,0.5591564249978295,30
model_3,1.2,-0.2,0.6,16,-0.4171804344986307,0.5779822753596172,30
model_3,1.2,-0.2,0.6,17,-0.42148528835755494,0.5951952300914839,30
model_3,1.2,-0.2,0.6,18,-0.4244885408921672,0.6108692871812469,30
model_3,1.2,-0.2,0.6,19,-0.4264715854740661,0.62508919140305,30
model_3,1.2,-0.2,0.6,20,-0.42766699870689917,0.6379454894919228,30
model_3,1.2,-0.2,0.95,0,0.016666666666666666,0.24138888888888888,30
model_3,1.2,-0.2,0.95,1,-0.008993592156544732,0.22640747691454333,30
model_3,1.2,-0.2,0.95,2,-0.03691103981719674,0.21857083331737076,30
model_3,1.2,-0.2,0.95,3,-0.06708175333227283,0.21394307105494484,30
model_3,1.2,-0.2,0.95,4,-0.09864426838254692,0.21076099249295988,30
model_3,1.2,-0.2,0.95,5,-0.13082476458685444,0.20825863067233913,30
model_3,1.2,-0.2,0.95,6,-0.16314369039345164,0.20607166702639404,30
model_3,1.2,-0.2,0.95,7,-0.1952975852993565,0.20399588320153456,30
model_3,1.2,-0.2,0.95,8,-0.22706376348667157,0.20188973285212436,30
model_3,1.2,-0.2,0.95,9,-0.2582596747123173,0.19963384850337568,30
model_3,1.2,-0.2,0.95,10,-0.2887317290648573,0.19711570198700648,30
model_3,1.2,-0.2,0.95,11,-0.31835581173712446,0.19422694483162734,30
model_3,1.2,-0.2,0.95,12,-0.34704050851906604,0.19086752658440828,30
model_3,1.2,-0.2,0.95,13,-0.3747288993769249,0.1869530230817115,30
model_3,1.2,-0.2,0.95,14,-0.4013973418026101,0.18242266468186727,30
model_3,1.2,-0.2,0.95,15,-0.4270510905162159,0.17724629234444064,30
model_3,1.2,-0.2,0.95,16,-0.4517173749236483,0.17142909486668537,30
model_3,1.2,-0.2,0.95,17,-0.4754369186062174,0.16501347348969597,30
model_3,1.2,-0.2,0.95,18,-0.4982549967405037,0.15807771859490014,30
model_3,1.2,-0.2,0.95,19,-0.5202131032225832,0.15073141618475802,30
model_3,1.2,-0.2,0.95,20,-0.5413421991090005,0.1431077332823288,30
model_3,1.2,-0.2,1.2999999999999998,0,0.016666666666666666,0.24138888888888888,30
model_3,1.2,-0.2,1.2999999999999998,1,-0.00601357694811074,0.21505404362810457,30
model_3,1.2,-0.2,1.2999999999999998,2,-0.029575700217292243,0.19482276117848063,30
model_3,1.2,-0.2,1.2999999999999998,3,-0.05366799755552172,0.1781078247722232,30
model_3,1.2,-0.2,1.2999999999999998,4,-0.07781505545580346,0.1636516032795829,30
model_3,1.2,-0.2,1.2999999999999998,5,-0.1016876620236442,0.1508094804502033,30
model_3,1.2,-0.2,1.2999999999999998,6,-0.12510818462304632,0.13921510943645313,30
model_3,1.2,-0.2,1.2999999999999998,7,-0.1479906035056974,0.12863579837823053,30
model_3,1.2,-0.2,1.2999999999999998,8,-0.1702948020603346,0.11890966072563704,30
model_3,1.2,-0.2,1.2999999999999998,9,-0.1920015917598722,0.10991679250708965,30
model_3,1.2,-0.2,1.2999999999999998,10,-0.2131007129449195,0.10156488610931477,30
model_3,1.2,-0.2,1.2999999999999998,11,-0.23358551275408626,0.09378126658342881,30
model_3,1.2,-0.2,1.2999999999999998,12,-0.2534507821183257,0.08650798750806074,30
model_3,1.2,-0.2,1.2999999999999998,13,-0.2726920080057852,0.07969851097657153,30
model_3,1.2,-0.2,1.2999999999999998,14,-0.2913052246239989,0.07331528422835942,30
model_3,1.2,-0.2,1.2999999999999998,15,-0.30928709612899713,0.06732786955777767,30
model_3,1.2,-0.2,1.2999999999999998,16,-0.32663507191027863,0.06171144399462328,30
model_3,1.2,-0.2,1.2999999999999998,17,-0.34334754951802643,0.056445565090341786,30
model_3,1.2,-0.2,1.2999999999999998,18,-0.35942402124508815,0.05151314184276564,30
model_3,1.2,-0.2,1.2999999999999998,19,-0.3748651972385118,0.04689957369820906,30
model_3,1.2,-0.2,1.2999999999999998,20,-0.38967310421283663,0.042592034062570144,30
model_3,1.2,-0.2,1.65,0,0.016666666666666666,0.24138888888888888,30
model_3,1.2,-0.2,1.65,1,-0.0036610278248207914,0.20571627716809723,30
model_3,1.2,-0.2,1.65,2,-0.02383601280542553,0.17715961014090498,30
model_3,1.2,-0.2,1.65,3,-0.04359254322032288,0.15350840982573646,30
model_3,1.2,-0.2,1.65,4,-0.06269122128801165,0.1335124803661392,30
model_3,1.2,-0.2,1.65,5,-0.0809933643393613,0.1163966117560105,30
model_3,1.2,-0.2,1.65,6,-0.09844201000629253,0.1016322262214466,30
model_3,1.2,-0.2,1.65,7,-0.11502856313371197,0.08883066115068398,30
model_3,1.2,-0.2,1.65,8,-0.13076896964881143,0.07769088918134141,30
model_3,1.2,-0.2,1.65,9,-0.14569019794340202,0.06797172713729514,30
model_3,1.2,-0.2,1.65,10,-0.15982337820803003,0.0594755753929311,30
model_3,1.2,-0.2,1.65,11,-0.17320059318948627,0.0520380053152869,30
model_3,1.2,-0.2,1.65,12,-0.18585351026254227,0.045520594000589276,30
model_3,1.2,-0.2,1.65,13,-0.19781288562535973,0.03980573343569986,30
model_3,1.2,-0.2,1.65,14,-0.20910845364505434,0.034792736417434446,30
model_3,1.2,-0.2,1.65,15,-0.21976896791181674,0.03039484480969799,30
model_3,1.2,-0.2,1.65,16,-0.22982228742326832,0.0265368912832521,30
model_3,1.2,-0.2,1.65,17,-0.23929546256924075,0.023153447146973205,30
model_3,1.2,-0.2,1.65,18,-0.24821480418601913,0.020187338357022366,30
model_3,1.2,-0.2,1.65,19,-0.25660593176265306,0.017588443988088485,30
model_3,1.2,-0.2,1.65,20,-0.26449380224848673,0.015312713537605474,30
model_3,1.2,-0.2,2.0,0,0.016666666666666666,0.24138888888888888,30
model_3,1.2,-0.2,2.0,1,-0.001683095384427454,0.19842034940090228,30
model_3,1.2,-0.2,2.0,2,-0.01925244077554355,0.16423286607125318,30
model_3,1.2,-0.2,2.0,3,-0.03590412928245947,0.13651491755181364,30
model_3,1.2,-0.2,2.0,4,-0.05154569841621414,0.11378117942194718,30
model_3,1.2,-0.2,2.0,5,-0.06614741749871354,0.09500145703586313,30
model_3,1.2,-0.2,2.0,6,-0.07972475863503498,0.07941651334280996,30
model_3,1.2,-0.2,2.0,7,-0.09231865530180916,0.06644285438650346,30
model_3,1.2,-0.2,2.0,8,-0.10398196240859822,0.05561967952652641,30
model_3,1.2,-0.2,2.0,9,-0.11477167614005092,0.04657663084030746,30
model_3,1.2,-0.2,2.0,10,-0.12474489300662972,0.03901254155757598,30
model_3,1.2,-0.2,2.0,11,-0.13395688409911308,0.03268050937719856,30
model_3,1.2,-0.2,2.0,12,-0.14246027615435702,0.027376917788540397,30
model_3,1.2,-0.2,2.0,13,-0.15030477809067494,0.022933097775922107,30
model_3,1.2,-0.2,2.0,14,-0.15753716012739855,0.019208850349161415,30
model_3,1.2,-0.2,2.0,15,-0.1642013402403882,0.016087331075129913,30
model_3,1.2,-0.2,2.0,16,-0.17033850959199756,0.013470959080594029,30
model_3,1.2,-0.2,2.0,17,-0.17598726690947591,0.011278112479161481,30
model_3,1.2,-0.2,2.0,18,-0.1811837500615277,0.009440437176287245,30
model_3,1.2,-0.2,2.0,19,-0.18596176129783337,0.007900640364542456,30
model_3,1.2,-0.2,2.0,20,-0.19035288596876376,0.006610671270193392,30
model_3,1.2,0.0,0.6,0,0.016666666666666666,0.24138888888888888,30
model_3,1.2,0.0,0.6,1,0.016546758600252724,0.23792804633210757,30
model_3,1.2,0.0,0.6,2,0.017534870004393997,0.2494545602484492,30
model_3,1.2,0.0,0.6,3,0.0189636410310093,0.26844217933607994,30
model_3,1.2,0.0,0.6,4,0.020490187724429162,0.29079854229596885,30
model_3,1.2,0.0,0.6,5,0.021967076012365205,0.31430341080718055,30
model_3,1.2,0.0,0.6,6,0.023331994713195296,0.3376201838178744,30
model_3,1.2,0.0,0.6,7,0.024560481672185237,0.35989775441657346,30
model_3,1.2,0.0,0.6,8,0.02564683876849157,0.38060935538287927,30
model_3,1.2,0.0,0.6,9,0.026595368310051493,0.3994656857796917,30
model_3,1.2,0.0,0.6,10,0.027415674672199755,0.416351687237641,30
model_3,1.2,0.0,0.6,11,0.02811988777330719,0.4312750266585538,30
model_3,1.2,0.0,0.6,12,0.028720969899828256,0.4443244360206682,30
model_3,1.2,0.0,0.6,13,0.029231698968667154,0.4556374743217623,30
model_3,1.2,0.0,0.6,14,0.02966408970440841,0.46537680138899024,30
model_3,1.2,0.0,0.6,15,0.03002909804433998,0.47371358377399864,30
model_3,1.2,0.0,0.6,16,0.03033650503724049,0.480816512388072,30
model_3,1.2,0.0,0.6,17,0.03059491061610118,0.48684501749189224,30
model_3,1.2,0.0,0.6,18,0.030811791100584587,0.491945490639756,30
model_3,1.2,0.0,0.6,19,0.0309935904109312,0.4962495753920446,30
model_3,1.2,0.0,0.6,20,0.031145825928070952,0.49987382144238834,30
model_3,1.2,0.0,0.95,0,0.016666666666666666,0.24138888888888888,30
model_3,1.2,0.0,0.95,1,0.016173107909625895,0.22730382550761458,30
model_3,1.2,0.0,0.95,2,0.016198292584823967,0.2210312425194972,30
model_3,1.2,0.0,0.95,3,0.016450259439394786,0.21860555038680407,30
model_3,1.2,0.0,0.95,4,0.01678933864538543,0.2181529803932595,30
model_3,1.2,0.0,0.95,5,0.017156439247468448,0.2188152269492874,30
model_3,1.2,0.0,0.95,6,0.01752748824408608,0.22017922841422918,30
model_3,1.2,0.0,0.95,7,0.017892592268528653,0.22202381436121585,30
model_3,1.2,0.0,0.95,8,0.018247513559371476,0.22421364187411763,30
model_3,1.2,0.0,0.95,9,0.018590307056495448,0.22665502928540734,30
model_3,1.2,0.0,0.95,10,0.018920003284680322,0.22927708651904846,30
model_3,1.2,0.0,0.95,11,0.019236089198405807,0.23202321613322793,30
model_3,1.2,0.0,0.95,12,0.019538299526983893,0.23484695487617077,30
model_3,1.2,0.0,0.95,13,0.01982652910669878,0.23770969885366292,30
model_3,1.2,0.0,0.95,14,0.020100792397909614,0.24057929141496373,30
model_3,1.2,0.0,0.95,15,0.0203612013905081,0.24342903650279124,30
model_3,1.2,0.0,0.95,16,0.02060795069096483,0.24623694211395597,30
model_3,1.2,0.0,0.95,17,0.020841305491263083,0.2489851017073453,30
model_3,1.2,0.0,0.95,18,0.021061590835318715,0.25165916720103215,30
model_3,1.2,0.0,0.95,19,0.021269181656906208,0.2542478885964958,30
model_3,1.2,0.0,0.95,20,0.021464493462665137,0.25674270586557085,30
model_3,1.2,0.0,1.2999999999999998,0,0.016666666666666666,0.24138888888888888,30
model_3,1.2,0.0,1.2999999999999998,1,0.01575783258476597,0.2157807710717044,30
model_3,1.2,0.0,1.2999999999999998,2,0.015145244150184764,0.19649238276222145,30
model_3,1.2,0.0,1.2999999999999998,3,0.014675139930750323,0.18088414533392633,30
model_3,1.2,0.0,1.2999999999999998,4,0.01427473187063043,0.16764693956858606,30
model_3,1.2,0.0,1.2999999999999998,5,0.013911719469294842,0.15610246506685085,30
model_3,1.2,0.0,1.2999999999999998,6,0.013571981359047684,0.14586505585258452,30
model_3,1.2,0.0,1.2999999999999998,7,0.01324918035391492,0.13668969462768082,30
model_3,1.2,0.0,1.2999999999999998,8,0.012940256731552434,0.12840452100290328,30
model_3,1.2,0.0,1.2999999999999998,9,0.012643535584061909,0.1208799382170927,30
model_3,1.2,0.0,1.2999999999999998,10,0.012357942544291546,0.11401351225372408,30
model_3,1.2,0.0,1.2999999999999998,11,0.01208267966293561,0.10772186739970845,30
model_3,1.2,0.0,1.2999999999999998,12,0.011817090402016102,0.10193585501362905,30
model_3,1.2,0.0,1.2999999999999998,13,0.011560602031858247,0.09659738294809544,30
model_3,1.2,0.0,1.2999999999999998,14,0.011312699743654933,0.09165717471093429,30
model_3,1.2,0.0,1.2999999999999998,15,0.011072913873219846,0.08707310312470898,30
model_3,1.2,0.0,1.2999999999999998,16,0.010840812671493939,0.08280890957949251,30
model_3,1.2,0.0,1.2999999999999998,17,0.010615997538591517,0.07883319818407546,30
model_3,1.2,0.0,1.2999999999999998,18,0.01039809945245899,0.07511863400128728,30
model_3,1.2,0.0,1.2999999999999998,19,0.010186776057464285,0.07164129687104834,30
model_3,1.2,0.0,1.2999999999999998,20,0.00998170917641684,0.0683801559883323,30
model_3,1.2,0.0,1.65,0,0.016666666666666666,0.24138888888888888,30
model_3,1.2,0.0,1.65,1,0.015404646655427408,0.20621642742477642,30
model_3,1.2,0.0,1.65,2,0.014370800392959982,0.17819615554892912,30
model_3,1.2,0.0,1.65,3,0.013471758323808387,0.15508485845655115,30
model_3,1.2,0.0,1.65,4,0.012661229040896923,0.13560777743884153,30
model_3,1.2,0.0,1.65,5,0.011916163873791604,0.11897497362431315,30
model_3,1.2,0.0,1.65,6,0.011224370235150391,0.10464989368527916,30
model_3,1.2,0.0,1.65,7,0.010578664193928037,0.09223969130043391,30
model_3,1.2,0.0,1.65,8,0.009974226415735147,0.08144125117883057,30
model_3,1.2,0.0,1.65,9,0.009407423494106006,0.07201261316416915,30
model_3,1.2,0.0,1.65,10,0.008875278797057068,0.06375637554249118,30
model_3,1.2,0.0,1.65,11,0.00837522761141124,0.05650912218908518,30
model_3,1.2,0.0,1.65,12,0.007904996820010795,0.05013414961745242,30
model_3,1.2,0.0,1.65,13,0.007462539953853612,0.04451617601826677,30
model_3,1.2,0.0,1.65,14,0.007045997741145732,0.03955734307384534,30
model_3,1.2,0.0,1.65,15,0.006653671153669949,0.035174116685091135,30
model_3,1.2,0.0,1.65,16,0.0062840011802458165,0.031294841592037215,30
model_3,1.2,0.0,1.65,17,0.005935552661915494,0.02785778644878665,30
model_3,1.2,0.0,1.65,18,0.00560700087196076,0.024809564591049004,30
model_3,1.2,0.0,1.65,19,0.005297120124209649,0.022103847000972822,30
model_3,1.2,0.0,1.65,20,0.005004773972908703,0.019700305225334676,30
model_3,1.2,0.0,2.0,0,0.016666666666666666,0.24138888888888888,30
model_3,1.2,0.0,2.0,1,0.015123498556660172,0.1987578612675783,30
model_3,1.2,0.0,2.0,2,0.013800800463893126,0.16488312837650546,30
model_3,1.2,0.0,2.0,3,0.01263252423567354,0.13743963016366434,30
model_3,1.2,0.0,2.0,4,0.011582654092228101,0.11493494866547597,30
model_3,1.2,0.0,2.0,5,0.010630260203314392,0.09633719597352178,30
model_3,1.2,0.0,2.0,6,0.009761888718898463,0.08088881499129828,30
model_3,1.2,0.0,2.0,7,0.008967897935994885,0.06800980800580127,30
model_3,1.2,0.0,2.0,8,0.008240726662563832,0.05724375574472826,30
model_3,1.2,0.0,2.0,9,0.007574068346265006,0.048225045827638834,30
model_3,1.2,0.0,2.0,10,0.006962462679331716,0.040657318917702995,30
model_3,1.2,0.0,2.0,11,0.0064010798860583565,0.03429835163615134,30
model_3,1.2,0.0,2.0,12,0.005885595644960606,0.02894894999292484,30
model_3,1.2,0.0,2.0,13,0.005412110385820984,0.024444524542661647,30
model_3,1.2,0.0,2.0,14,0.004977091769987504,0.020648557999156842,30
model_3,1.2,0.0,2.0,15,0.004577330398317131,0.0174474606805162,30
model_3,1.2,0.0,2.0,16,0.004209903857412471,0.014746471546972048,30
model_3,1.2,0.0,2.0,17,0.0038721465372543156,0.012466362387373423,30
model_3,1.2,0.0,2.0,18,0.0035616237516661784,0.010540767964779976,30
model_3,1.2,0.0,2.0,19,0.0032761092391866255,0.008914009668151352,30
model_3,1.2,0.0,2.0,20,0.00301356541338015,0.007539311961384107,30
model_3,1.2,0.20000000000000007,0.6,0,0.016666666666666666,0.24138888888888888,30
model_3,1.2,0.20000000000000007,0.6,1,0.048221158523135486,0.23776892054640852,30
model_3,1.2,0.20000000000000007,0.6,2,0.08369225851078672,0.2471904786380218,30
model_3,1.2,0.20000000000000007,0.6,3,0.12434290697896827,0.26233417363723016,30
model_3,1.2,0.20000000000000007,0.6,4,0.16844126636100723,0.28030524642972143,30
model_3,1.2,0.20000000000000007,0.6,5,0.2131146947313183,0.3004185987424576,30
model_3,1.2,0.20000000000000007,0.6,6,0.2562743763078574,0.322417894443466,30
model_3,1.2,0.20000000000000007,0.6,7,0.29638897151038274,0.34596195113194333,30
model_3,1.2,0.20000000000000007,0.6,8,0.332403780823787,0.3705221330277236,30
model_3,1.2,0.20000000000000007,0.6,9,0.36376863748321786,0.3954539556817472,30
model_3,1.2,0.20000000000000007,0.6,10,0.3903875279416997,0.42012830733445045,30
model_3,1.2,0.20000000000000007,0.6,11,0.41249447139867274,0.44403070735107825,30
model_3,1.2,0.20000000000000007,0.6,12,0.43051725457870677,0.46679764920485256,30
model_3,1.2,0.20000000000000007,0.6,13,0.4449690494931423,0.488206077844727,30
model_3,1.2,0.20000000000000007,0.6,14,0.4563768275552206,0.5081426766796356,30
model_3,1.2,0.20000000000000007,0.6,15,0.4652400050807571,0.5265711819180365,30
model_3,1.2,0.20000000000000007,0.6,16,0.47200966996994626,0.5435056953856736,30
model_3,1.2,0.20000000000000007,0.6,17,0.47708050231355825,0.5589916285491554,30
model_3,1.2,0.20000000000000007,0.6,18,0.48079003354654215,0.573093149574504,30
model_3,1.2,0.20000000000000007,0.6,19,0.48342189065774727,0.5858852905989743,30
model_3,1.2,0.20000000000000007,0.6,20,0.4852110021610962,0.5974490535573167,30
model_3,1.2,0.20000000000000007,0.95,0,0.016666666666666666,0.24138888888888888,30
model_3,1.2,0.20000000000000007,0.95,1,0.04127060978060511,0.22650349776844395,30
model_3,1.2,0.20000000000000007,0.95,2,0.06902478271484533,0.21861032328845156,30
model_3,1.2,0.20000000000000007,0.95,3,0.09935805269012705,0.21377730752714003,30
model_3,1.2,0.20000000000000007,0.95,4,0.13114547236453356,0.21027911970345192,30
model_3,1.2,0.20000000000000007,0.95,5,0.1635038729663884,0.2073839780875224,30
model_3,1.2,0.20000000000000007,0.95,6,0.1959096285127828,0.20475299697236504,30
model_3,1.2,0.20000000000000007,0.95,7,0.2280417055453852,0.2022049862255319,30
model_3,1.2,0.20000000000000007,0.95,8,0.259670838976025,0.19962202884814612,30
model_3,1.2,0.20000000000000007,0.95,9,0.2906126748605418,0.1969088426210079,30
model_3,1.2,0.20000000000000007,0.95,10,0.3207139942001541,0.19397605839711463,30
model_3,1.2,0.20000000000000007,0.95,11,0.3498520899212258,0.1907359737321665,30
model_3,1.2,0.20000000000000007,0.95,12,0.3779375046995126,0.18710532465280877,30
model_3,1.2,0.20000000000000007,0.95,13,0.4049156731413209,0.18301167463151494,30
model_3,1.2,0.20000000000000007,0.95,14,0.4307657624545854,0.1784009389736331,30
model_3,1.2,0.20000000000000007,0.95,15,0.45549649912668805,0.17324422929478747,30
model_3,1.2,0.20000000000000007,0.95,16,0.47913956501770216,0.16754280146655606,30
model_3,1.2,0.20000000000000007,0.95,17,0.5017415083327726,0.1613303885972941,30
model_3,1.2,0.20000000000000007,0.95,18,0.5233552141723381,0.15467256162664714,30
model_3,1.2,0.20000000000000007,0.95,19,0.5440319379365413,0.14766301577353308,30
model_3,1.2,0.20000000000000007,0.95,20,0.5638147900786729,0.14041691991546892,30
model_3,1.2,0.20000000000000007,1.2999999999999998,0,0.016666666666666666,0.24138888888888888,30
model_3,1.2,0.20000000000000007,1.2999999999999998,1,0.037475367653025775,0.21510429256778318,30
model_3,1.2,0.20000000000000007,1.2999999999999998,2,0.0597063064138919,0.19486653952442276,30
model_3,1.2,0.20000000000000007,1.2999999999999998,3,0.0827104861248065,0.1781081299048252,30
model_3,1.2,0.20000000000000007,1.2999999999999998,4,0.10587442131195605,0.16359112989823613,30
model_3,1.2,0.20000000000000007,1.2999999999999998,5,0.12880856129924984,0.15068315405445118,30
model_3,1.2,0.20000000000000007,1.2999999999999998,6,0.15130939274857177,0.13902435366902197,30
model_3,1.2,0.20000000000000007,1.2999999999999998,7,0.1732798471957429,0.12838557070148487,30
model_3,1.2,0.20000000000000007,1.2999999999999998,8,0.19467521685074982,0.1186070148905745,30
model_3,1.2,0.20000000000000007,1.2999999999999998,9,0.21547466643282492,0.10957007793101992,30
model_3,1.2,0.20000000000000007,1.2999999999999998,10,0.23566774870884125,0.10118319068035628,30
model_3,1.2,0.20000000000000007,1.2999999999999998,11,0.255248435531239,0.09337396318329673,30
model_3,1.2,0.20000000000000007,1.2999999999999998,12,0.2742126554461517,0.08608434487224274,30
model_3,1.2,0.20000000000000007,1.2999999999999998,13,0.2925573914798415,0.07926736318111487,30
model_3,1.2,0.20000000000000007,1.2999999999999998,14,0.3102804384577739,0.0728847617388942,30
model_3,1.2,0.20000000000000007,1.2999999999999998,15,0.32738041689858477,0.06690519488543203,30
model_3,1.2,0.20000000000000007,1.2999999999999998,16,0.3438568695914921,0.061302792536704155,30
model_3,1.2,0.20000000000000007,1.2999999999999998,17,0.35971036986052524,0.056055988755145475,30
model_3,1.2,0.20000000000000007,1.2999999999999998,18,0.3749426154733967,0.051146550297079915,30
model_3,1.2,0.20000000000000007,1.2999999999999998,19,0.38955650089737043,0.0465587658250854,30
model_3,1.2,0.20000000000000007,1.2999999999999998,20,0.4035561676977347,0.042278770613519284,30
model_3,1.2,0.20000000000000007,1.65,0,0.016666666666666666,0.24138888888888888,30
model_3,1.2,0.20000000000000007,1.65,1,0.03443311184659604,0.20574468439922766,30
model_3,1.2,0.20000000000000007,1.65,2,0.052483869440084,0.17718977458203172,30
model_3,1.2,0.20000000000000007,1.65,3,0.07037259502372735,0.15352697244860233,30
model_3,1.2,0.20000000000000007,1.65,4,0.08777170963464441,0.13351528590849762,30
model_3,1.2,0.20000000000000007,1.65,5,0.10449934716177213,0.11638415377616573,30
model_3,1.2,0.20000000000000007,1.65,6,0.12047618568353984,0.10160686235262235,30
model_3,1.2,0.20000000000000007,1.65,7,0.13568083232061695,0.08879526128061681,30
model_3,1.2,0.20000000000000007,1.65,8,0.1501209346747447,0.07764824911468429,30
model_3,1.2,0.20000000000000007,1.65,9,0.16381739844789017,0.06792433606642724,30
model_3,1.2,0.20000000000000007,1.65,10,0.17679649663267283,0.05942553986914196,30
model_3,1.2,0.20000000000000007,1.65,11,0.18908617240798406,0.051987042816420664,30
model_3,1.2,0.20000000000000007,1.65,12,0.20071442499676836,0.04547005802020991,30
model_3,1.2,0.20000000000000007,1.65,13,0.21170867875874386,0.03975665256714428,30
model_3,1.2,0.20000000000000007,1.65,14,0.22209559131726092,0.03474585866375565,30
model_3,1.2,0.20000000000000007,1.65,15,0.23190104162715808,0.030350682352275647,30
model_3,1.2,0.20000000000000007,1.65,16,0.2411501794434893,0.026495762995021887,30
model_3,1.2,0.20000000000000007,1.65,17,0.24986748492025634,0.023115517330708008,30
model_3,1.2,0.20000000000000007,1.65,18,0.25807681838288243,0.020152650951464738,30
model_3,1.2,0.20000000000000007,1.65,19,0.2658014544097085,0.01755695199227955,30
model_3,1.2,0.20000000000000007,1.65,20,0.2730641003675298,0.015284303740633779,30
model_3,1.2,0.20000000000000007,2.0,0,0.016666666666666666,0.24138888888888888,30
model_3,1.2,0.20000000000000007,2.0,1,0.031904711832351496,0.19843760152228804,30
model_3,1.2,0.20000000000000007,2.0,2,0.046796053836071286,0.16425259095042766,30
model_3,1.2,0.20000000000000007,2.0,3,0.06107479847610735,0.13653060262627661,30
model_3,1.2,0.20000000000000007,2.0,4,0.07457882407608739,0.11379107902007021,30
model_3,1.2,0.20000000000000007,2.0,5,0.08723809608894718,0.09500596034173847,30
model_3,1.2,0.20000000000000007,2.0,6,0.09904221596253639,0.07941672849820595,30
model_3,1.2,0.20000000000000007,2.0,7,0.110013553263517,0.0664399764089874,30
model_3,1.2,0.20000000000000007,2.0,8,0.12019035418609582,0.055614752376139116,30
model_3,1.2,0.20000000000000007,2.0,9,0.12961736717825634,0.04657048423615887,30
model_3,1.2,0.20000000000000007,2.0,10,0.13834101575447458,0.03900579789069943,30
model_3,1.2,0.20000000000000007,2.0,11,0.14640706022390979,0.032673614603607425,30
model_3,1.2,0.20000000000000007,2.0,12,0.1538595430564626,0.027370177058014464,30
model_3,1.2,0.20000000000000007,2.0,13,0.16074036687913132,0.022926708334911707,30
model_3,1.2,0.20000000000000007,2.0,14,0.1670891706804744,0.019202929300874277,30
model_3,1.2,0.20000000000000007,2.0,15,0.17294333912539914,0.016081937682356766,30
model_3,1.2,0.20000000000000007,2.0,16,0.17833806667512658,0.013466112118487392,30
model_3,1.2,0.20000000000000007,2.0,17,0.18330644118252765,0.011273803408532965,30
model_3,1.2,0.20000000000000007,2.0,18,0.18787953216923367,0.009436639930882689,30
model_3,1.2,0.20000000000000007,2.0,19,0.192086478369367,0.007897318470770581,30
model_3,1.2,0.20000000000000007,2.0,20,0.19595457311786812,0.006607782909939347,30
model_3,1.2,0.4,0.6,0,0.016666666666666666,0.24138888888888888,30
model_3,1.2,0.4,0.6,1,0.07550263779449141,0.23639103573407205,30
model_3,1.2,0.4,0.6,2,0.1403966813238321,0.2388018142452751,30
model_3,1.2,0.4,0.6,3,0.2125485711539932,0.24059318134999275,30
model_3,1.2,0.4,0.6,4,0.28703674664832934,0.23956511198787375,30
model_3,1.2,0.4,0.6,5,0.3595489475344432,0.23532774893158584,30
model_3,1.2,0.4,0.6,6,0.42825616477895256,0.22783087033731078,30
model_3,1.2,0.4,0.6,7,0.4924214782714227,0.21784781519008384,30
model_3,1.2,0.4,0.6,8,0.5514065650799335,0.20703782375485008,30
model_3,1.2,0.4,0.6,9,0.604439249546522,0.19720796777326047,30
model_3,1.2,0.4,0.6,10,0.6509362432163655,0.18945138214501833,30
model_3,1.2,0.4,0.6,11,0.6908085033339134,0.18393665660396297,30
model_3,1.2,0.4,0.6,12,0.7244451065963347,0.18025891422573084,30
model_3,1.2,0.4,0.6,13,0.7525172203654562,0.1778440776785998,30
model_3,1.2,0.4,0.6,14,0.7757933405628279,0.17617325663513397,30
model_3,1.2,0.4,0.6,15,0.7950262582069996,0.1748544013916774,30
model_3,1.2,0.4,0.6,16,0.8108993741627026,0.17361935419895574,30
model_3,1.2,0.4,0.6,17,0.824008194429112,0.1722965184606452,30
model_3,1.2,0.4,0.6,18,0.8348597088775874,0.1707813789106017,30
model_3,1.2,0.4,0.6,19,0.8438798210795917,0.16901221019086785,30
model_3,1.2,0.4,0.6,20,0.8514237571242829,0.1669520913562565,30
model_3,1.2,0.4,0.95,0,0.016666666666666666,0.24138888888888888,30
model_3,1.2,0.4,0.95,1,0.06539397667328824,0.22391487845540203,30
model_3,1.2,0.4,0.95,2,0.11920798203144016,0.21135256632642846,30
model_3,1.2,0.4,0.95,3,0.17661947490059257,0.20007468777418783,30
model_3,1.2,0.4,0.95,4,0.23515720617486144,0.18885053559242165,30
model_3,1.2,0.4,0.95,5,0.29297175023800825,0.17730330707923234,30
model_3,1.2,0.4,0.95,6,0.34895882523253036,0.16532911472260445,30
model_3,1.2,0.4,0.95,7,0.40246204447050077,0.15296465407716078,30
model_3,1.2,0.4,0.95,8,0.4530710324900515,0.14034915247851773,30
model_3,1.2,0.4,0.95,9,0.5005215090575474,0.12768686164498005,30
model_3,1.2,0.4,0.95,10,0.5446507563283514,0.11519827167693895,30
model_3,1.2,0.4,0.95,11,0.5853815868835922,0.10307305507795239,30
model_3,1.2,0.4,0.95,12,0.6227181081204908,0.0914419909883377,30
model_3,1.2,0.4,0.95,13,0.6567410905029422,0.08037613819253593,30
model_3,1.2,0.4,0.95,14,0.6875961584262816,0.06990824939630623,30
model_3,1.2,0.4,0.95,15,0.7154742351043853,0.06006277631995022,30
model_3,1.2,0.4,0.95,16,0.7405882089793557,0.05087998269825365,30
model_3,1.2,0.4,0.95,17,0.7631514540863804,0.042424613743595255,30
model_3,1.2,0.4,0.95,18,0.7833629942392064,0.03477702373862971,30
model_3,1.2,0.4,0.95,19,0.8014015947273004,0.02801205429789458,30
model_3,1.2,0.4,0.95,20,0.817427878306068,0.02217573188886058,30
model_3,1.2,0.4,1.2999999999999998,0,0.016666666666666666,0.24138888888888888,30
model_3,1.2,0.4,1.2999999999999998,1,0.05872072061390848,0.21304374881531452,30
model_3,1.2,0.4,1.2999999999999998,2,0.10289324155163353,0.19008928108465142,30
model_3,1.2,0.4,1.2999999999999998,3,0.14788687187603314,0.1702025367000183,30
model_3,1.2,0.4,1.2999999999999998,4,0.1924720873478438,0.15237191562373556,30
model_3,1.2,0.4,1.2999999999999998,5,0.23585102667869176,0.1361211750132333,30
model_3,1.2,0.4,1.2999999999999998,6,0.27757792021113564,0.12119613527433755,30
model_3,1.2,0.4,1.2999999999999998,7,0.31741271639414076,0.10744825064354704,30
model_3,1.2,0.4,1.2999999999999998,8,0.35522522895555136,0.09478630718757951,30
model_3,1.2,0.4,1.2999999999999998,9,0.3909455893396515,0.0831521165571883,30
model_3,1.2,0.4,1.2999999999999998,10,0.42454078656362443,0.07250600190887804,30
model_3,1.2,0.4,1.2999999999999998,11,0.4560038138185522,0.06281720910565815,30
model_3,1.2,0.4,1.2999999999999998,12,0.4853484240346162,0.0540573626368576,30
model_3,1.2,0.4,1.2999999999999998,13,0.5126061878971635,0.046196095050211855,30
model_3,1.2,0.4,1.2999999999999998,14,0.5378243829542299,0.03919834013020282,30
model_3,1.2,0.4,1.2999999999999998,15,0.5610641074914533,0.03302293174443311,30
model_3,1.2,0.4,1.2999999999999998,16,0.582398404394499,0.02762223739495114,30
model_3,1.2,0.4,1.2999999999999998,17,0.60191034516061,0.022942613044548137,30
model_3,1.2,0.4,1.2999999999999998,18,0.6196910845175055,0.018925493954958083,30
model_3,1.2,0.4,1.2999999999999998,19,0.6358379137413724,0.015508937069569554,30
model_3,1.2,0.4,1.2999999999999998,20,0.6504523459777285,0.0126294182869834,30
model_3,1.2,0.4,1.65,0,0.016666666666666666,0.24138888888888888,30
model_3,1.2,0.4,1.65,1,0.05314663993255012,0.20432415363699952,30
model_3,1.2,0.4,1.65,2,0.08973589452520506,0.17422670392930348,30
model_3,1.2,0.4,1.65,3,0.12560146997824156,0.14903081435626458,30
model_3,1.2,0.4,1.65,4,0.16012294544474592,0.1275896473317201,30
model_3,1.2,0.4,1.65,5,0.19295275386334507,0.10918672376134972,30
model_3,1.2,0.4,1.65,6,0.22393712713831437,0.09332266379516152,30
model_3,1.2,0.4,1.65,7,0.2530340799335708,0.07962105182364836,30
model_3,1.2,0.4,1.65,8,0.28026056014009404,0.0677830398690434,30
model_3,1.2,0.4,1.65,9,0.30566354369583365,0.05756285492846202,30
model_3,1.2,0.4,1.65,10,0.32930536098384056,0.04875321738215663,30
model_3,1.2,0.4,1.65,11,0.35125648925454256,0.04117602617327986,30
model_3,1.2,0.4,1.65,12,0.3715919996377057,0.03467613512028117,30
model_3,1.2,0.4,1.65,13,0.3903896996297298,0.02911707576090464,30
model_3,1.2,0.4,1.65,14,0.4077290198645524,0.024378056167711583,30
model_3,1.2,0.4,1.65,15,0.4236902076197447,0.020351808707254393,30
model_3,1.2,0.4,1.65,16,0.4383536407997543,0.01694299999777863,30
model_3,1.2,0.4,1.65,17,0.4517991945128969,0.01406700593567721,30
model_3,1.2,0.4,1.65,18,0.4641056451223966,0.011648916599380561,30
model_3,1.2,0.4,1.65,19,0.47535011763107776,0.009622680692480656,30
model_3,1.2,0.4,1.65,20,0.48560758819711625,0.007930332152456152,30
model_3,1.2,0.4,2.0,0,0.016666666666666666,0.24138888888888888,30
model_3,1.2,0.4,2.0,1,0.04846191781514087,0.19747457360336226,30
model_3,1.2,0.4,2.0,2,0.07922086139307151,0.1623860412608195,30
model_3,1.2,0.4,2.0,3,0.10847390885225269,0.13387654822632686,30
model_3,1.2,0.4,2.0,4,0.1359360798187789,0.11049431379469928,30
model_3,1.2,0.4,2.0,5,0.16149279969559147,0.09121815853106777,30
model_3,1.2,0.4,2.0,6,0.18514136456820435,0.0752832937068766,30
model_3,1.2,0.4,2.0,7,0.20694137532448728,0.06209315922528933,30
model_3,1.2,0.4,2.0,8,0.22698329835450332,0.05117042793092156,30
model_3,1.2,0.4,2.0,9,0.2453708125105405,0.042126985347408365,30
model_3,1.2,0.4,2.0,10,0.2622115108469023,0.03464395827919218,30
model_3,1.2,0.4,2.0,11,0.27761218731484305,0.02845757462721604,30
model_3,1.2,0.4,2.0,12,0.2916765072271654,0.023348684956136127,30
model_3,1.2,0.4,2.0,13,0.304503877441385,0.019134730391059368,30
model_3,1.2,0.4,2.0,14,0.31618891053693193,0.01566342413824213,30
model_3,1.2,0.4,2.0,15,0.32682118461247583,0.01280767915876954,30
model_3,1.2,0.4,2.0,16,0.3364851564396669,0.010461470871925992,30
model_3,1.2,0.4,2.0,17,0.34526016194841735,0.008536420916811832,30
model_3,1.2,0.4,2.0,18,0.3532204736864289,0.006958950599823227,30
model_3,1.2,0.4,2.0,19,0.36043540067743457,0.0056678939897791105,30
model_3,1.2,0.4,2.0,20,0.36696942254101184,0.004612488413500161,30
model_4,0.2,-0.4,0.6,0,0.016666666666666666,0.24138888888888888,30
model_4,0.2,-0.4,0.6,1,-0.11106719213448468,0.17815282227421847,30
model_4,0.2,-0.4,0.6,2,-0.22204059354131742,0.12992700767378176,30
model_4,0.2,-0.4,0.6,3,-0.3167565280741434,0.09381249260520567,30
model_4,0.2,-0.4,0.6,4,-0.396926731089314,0.06720373579998869,30
model_4,0.2,-0.4,0.6,5,-0.4644859092768694,0.04784663098066842,30
model_4,0.2,-0.4,0.6,6,-0.5212672632959809,0.03390185917507852,30
model_4,0.2,-0.4,0.6,7,-0.5689064368539614,0.023931287533491174,30
model_4,0.2,-0.4,0.6,8,-0.6088253697328714,0.016843509247527037,30
model_4,0.2,-0.4,0.6,9,-0.6422439763965951,0.011827634800647406,30
model_4,0.2,-0.4,0.6,10,-0.6702007986996525,0.008290417314220833,30
model_4,0.2,-0.4,0.6,11,-0.6935755412805525,0.005802774311909149,30
model_4,0.2,-0.4,0.6,12,-0.713110742690203,0.004057020441214594,30
model_4,0.2,-0.4,0.6,13,-0.729431539425612,0.0028339629429800653,30
model_4,0.2,-0.4,0.6,14,-0.7430631963854458,0.0019782345808249135,30
model_4,0.2,-0.4,0.6,15,-0.7544463965697692,0.0013801363723803836,30
model_4,0.2,-0.4,0.6,16,-0.7639504279014072,0.0009624478281575273,30
model_4,0.2,-0.4,0.6,17,-0.7718844667577736,0.0006709391267827604,30
model_4,0.2,-0.4,0.6,18,-0.7785071770693723,0.00046759636839829145,30
model_4,0.2,-0.4,0.6,19,-0.7840348409613794,0.0003258111812913568,30
model_4,0.2,-0.4,0.6,20,-0.7886482227734171,0.0002269798123824896,30
model_4,0.2,-0.4,0.95,0,0.016666666666666666,0.24138888888888888,30
model_4,0.2,-0.4,0.95,1,-0.07804923120783888,0.16865814250213032,30
model_4,0.2,-0.4,0.95,2,-0.1576589997987906,0.11743647057921877,30
model_4,0.2,-0.4,0.95,3,-0.22415492353496394,0.0815417986027797,30
model_4,0.2,-0.4,0.95,4,-0.27952960614534655,0.05649515896463118,30
model_4,0.2,-0.4,0.95,5,-0.3255720721245772,0.03907689362425429,30
model_4,0.2,-0.4,0.95,6,-0.36382315520266384,0.02699491815298892,30
model_4,0.2,-0.4,0.95,7,-0.3955860078149772,0.01863080092953227,30
model_4,0.2,-0.4,0.95,8,-0.4219533353386608,0.012849035528338883,30
model_4,0.2,-0.4,0.95,9,-0.44383742167308077,0.008856783905834182,30
model_4,0.2,-0.4,0.95,10,-0.46199814539586925,0.006102476374950592,30
model_4,0.2,-0.4,0.95,11,-0.4770675903162574,0.004203435200421403,30
model_4,0.2,-0.4,0.95,12,-0.4895711029485949,0.0028947003326903376,30
model_4,0.2,-0.4,0.95,13,-0.499945081421294,0.001993097398956352,30
model_4,0.2,-0.4,0.95,14,-0.5085519023848347,0.001372137419689383,30
model_4,0.2,-0.4,0.95,15,-0.5156923984841977,0.0009445496145575958,30
model_4,0.2,-0.4,0.95,16,-0.5216162639716617,0.0006501603287735931,30
model_4,0.2,-0.4,0.95,17,-0.526530719347173,0.0004474994682742711,30
model_4,0.2,-0.4,0.95,18,-0.5306077188894637,0.00030799724736126766,30
model_4,0.2,-0.4,0.95,19,-0.5339899417832831,0.00021197655127728457,30
model_4,0.2,-0.4,0.95,20,-0.5367957695445994,0.00014588774268664968,30
model_4,0.2,-0.4,1.2999999999999998,0,0.016666666666666666,0.24138888888888888,30
model_4,0.2,-0.4,1.2999999999999998,1,-0.057589918694032065,0.16170884572103644,30
model_4,0.2,-0.4,1.2999999999999998,2,-0.11855586885119461,0.10819473488791716,30
model_4,0.2,-0.4,1.2999999999999998,3,-0.16847254421946406,0.07231833014616966,30
model_4,0.2,-0.4,1.2999999999999998,4,-0.2092861277897863,0.04830171084187646,30
model_4,0.2,-0.4,1.2999999999999998,5,-0.24263319381088116,0.032242630302510074,30
model_4,0.2,-0.4,1.2999999999999998,6,-0.26986966347121144,0.021513715654977724,30
model_4,0.2,-0.4,1.2999999999999998,7,-0.2921108816873382,0.014350436471916,30
model_4,0.2,-0.4,1.2999999999999998,8,-0.310271023531596,0.009570070608933678,30
model_4,0.2,-0.4,1.2999999999999998,9,-0.32509801448324743,0.0063810467379133,30
model_4,0.2,-0.4,1.2999999999999998,10,-0.33720318390002996,0.004254171080856365,30
model_4,0.2,-0.4,1.2999999999999998,11,-0.3470859587035633,0.002835949948690111,30
model_4,0.2,-0.4,1.2999999999999998,12,-0.35515423286259384,0.0018903981948435761,30
model_4,0.2,-0.4,1.2999999999999998,13,-0.36174109005778826,0.0012600473830420686,30
model_4,0.2,-0.4,1.2999999999999998,14,-0.3671184986373324,0.0008398562829997392,30
model_4,0.2,-0.4,1.2999999999999998,15,-0.37150851232815973,0.0005597727339816113,30
model_4,0.2,-0.4,1.2999999999999998,16,-0.3750924243629452,0.0003730870809216803,30
model_4,0.2,-0.4,1.2999999999999998,17,-0.37801824589329425,0.0002486581000034547,30
model_4,0.2,-0.4,1.2999999999999998,18,-0.38040681394777653,0.00016572596985395166,30
model_4,0.2,-0.4,1.2999999999999998,19,-0.38235677932781503,0.00011045243065781416,30
model_4,0.2,-0.4,1.2999999999999998,20,-0.3839486794445699,7.3613523867288e-05,30
model_4,0.2,-0.4,1.65,0,0.016666666666666666,0.24138888888888888,30
model_4,0.2,-0.4,1.65,1,-0.0442586057410682,0.15691509096317627,30
model_4,0.2,-0.4,1.65,2,-0.09347512370553993,0.10194707821986551,30
model_4,0.2,-0.4,1.65,3,-0.1331759696452137,0.06620669215004192,30
model_4,0.2,-0.4,1.65,4,-0.16517701719083874,0.04298249268725036,30
model_4,0.2,-0.4,1.65,5,-0.19096156066901315,0.027898419436115127,30
model_4,0.2,-0.4,1.65,6,-0.21173298180395853,0.018104768383237015,30
model_4,0.2,-0.4,1.65,7,-0.22846416150039484,0.011747674427087879,30
model_4,0.2,-0.4,1.65,8,-0.24194020791600857,0.007622040723694591,30
model_4,0.2,-0.4,1.65,9,-0.25279410098312655,0.004944950542451035,30
model_4,0.2,-0.4,1.65,10,-0.26153591854412983,0.003207981812756608,30
model_4,0.2,-0.4,1.65,11,-0.2685765933914514,0.0020810708170757274,30
model_4,0.2,-0.4,1.65,12,-0.2742471393460909,0.0013499914191612847,30
model_4,0.2,-0.4,1.65,13,-0.2788141749157469,0.0008757242163856694,30
model_4,0.2,-0.4,1.65,14,-0.2824924425617605,0.0005680650765393573,30
model_4,0.2,-0.4,1.65,15,-0.2854548987237103,0.00036848920734583793,30
model_4,0.2,-0.4,1.65,16,-0.28784084330032356,0.00023902786773362408,30
model_4,0.2,-0.4,1.65,17,-0.28976246839414815,0.000155049439894735,30
model_4,0.2,-0.4,1.65,18,-0.29131013320063837,0.00010057507231774997,30
model_4,0.2,-0.4,1.65,19,-0.2925566126221565,6.523931858820492e-05,30
model_4,0.2,-0.4,1.65,20,-0.29356051918715304,4.231824952148374e-05,30
model_4,0.2,-0.4,2.0,0,0.016666666666666666,0.24138888888888888,30
model_4,0.2,-0.4,2.0,1,-0.0350346543423167,0.15352040292323216,30
model_4,0.2,-0.4,2.0,2,-0.07631976306946116,0.09761055686903469,30
model_4,0.2,-0.4,2.0,3,-0.10925915213807177,0.06204948293009499,30
model_4,0.2,-0.4,2.0,4,-0.1355279246872041,0.03943786074934721,30
model_4,0.2,-0.4,2.0,5,-0.15647185970907593,0.025063404195796866,30
model_4,0.2,-0.4,2.0,6,-0.1731681685683086,0.015926910815288076,30
model_4,0.2,-0.4,2.0,7,-0.18647739546423098,0.010120397931735936,30
model_4,0.2,-0.4,2.0,8,-0.19708627485982913,0.006430508431051155,30
model_4,0.2,-0.4,2.0,9,-0.20554252947808122,0.004085826179227373,30
model_4,0.2,-0.4,2.0,10,-0.21228287916142888,0.002596002129776307,30
model_4,0.2,-0.4,2.0,11,-0.21765548190739842,0.0016493904198868461,30
model_4,0.2,-0.4,2.0,12,-0.22193787013333635,0.0010479416001233763,30
model_4,0.2,-0.4,2.0,13,-0.22535126786982443,0.0006658053205278476,30
model_4,0.2,-0.4,2.0,14,-0.22807201124290166,0.00042301424622292864,30
model_4,0.2,-0.4,2.0,15,-0.2302406549971183,0.00026875774048137636,30
model_4,0.2,-0.4,2.0,16,-0.23196923251082932,0.0001707519709608879,30
model_4,0.2,-0.4,2.0,17,-0.2333470431396568,0.00010848497267446406,30
model_4,0.2,-0.4,2.0,18,-0.2344452653804631,6.892437105756698e-05,30
model_4,0.2,-0.4,2.0,19,-0.23532063398890535,4.379006507986381e-05,30
model_4,0.2,-0.4,2.0,20,-0.23601837094593572,2.7821340386313194e-05,30
model_4,0.2,-0.2,0.6,0,0.016666666666666666,0.24138888888888888,30
model_4,0.2,-0.2,0.6,1,-0.051669307794202396,0.18927990417353938,30
model_4,0.2,-0.2,0.6,2,-0.11307033721034696,0.14783028065928838,30
model_4,0.2,-0.2,0.6,3,-0.16713662611028535,0.11507301784293801,30
model_4,0.2,-0.2,0.6,4,-0.21445666749850809,0.08933587678676713,30
model_4,0.2,-0.2,0.6,5,-0.25581193637690874,0.06920766546030535,30
model_4,0.2,-0.2,0.6,6,-0.29195426680726455,0.05352353026318072,30
model_4,0.2,-0.2,0.6,7,-0.32355338263007594,0.04133776703662629,30
model_4,0.2,-0.2,0.6,8,-0.35119296556427965,0.031891934337910016,30
model_4,0.2,-0.2,0.6,9,-0.37537905609599564,0.02458341592196299,30
model_4,0.2,-0.2,0.6,10,-0.3965503735337266,0.01893684852768995,30
model_4,0.2,-0.2,0.6,11,-0.4150878206174921,0.01457935494427125,30
model_4,0.2,-0.2,0.6,12,-0.4313226533675502,0.011219734487731215,30
model_4,0.2,-0.2,0.6,13,-0.4455433868134473,0.008631357081381965,30
model_4,0.2,-0.2,0.6,14,-0.4580016282501183,0.0066383239465081225,30
model_4,0.2,-0.2,0.6,15,-0.46891702520155887,0.005104402928719467,30
model_4,0.2,-0.2,0.6,16,-0.47848148428456405,0.003924260912263919,30
model_4,0.2,-0.2,0.6,17,-0.48686278612191314,0.0030165636657607854,30
model_4,0.2,-0.2,0.6,18,-0.494207695995734,0.0023185737919452923,30
model_4,0.2,-0.2,0.6,19,-0.500644650144731,0.0017819386693072041,30
model_4,0.2,-0.2,0.6,20,-0.5062860824021254,0.0013694166081357933,30
model_4,0.2,-0.2,0.95,0,0.016666666666666666,0.24138888888888888,30
model_4,0.2,-0.2,0.95,1,-0.03342049135770133,0.17269242209528465,30
model_4,0.2,-0.2,0.95,2,-0.07604060483411224,0.12342394067999453,30
model_4,0.2,-0.2,0.95,3,-0.112093733878448,0.08813918335090327,30
model_4,0.2,-0.2,0.95,4,-0.1425239241203459,0.06290108648083834,30
model_4,0.2,-0.2,0.95,5,-0.16818913029817256,0.04486738687548114,30
model_4,0.2,-0.2,0.95,6,-0.18983207852726672,0.031991737948049215,30
model_4,0.2,-0.2,0.95,7,-0.2080841114541895,0.022804414455876,30
model_4,0.2,-0.2,0.95,8,-0.22347826081696806,0.01625191317008062,30
model_4,0.2,-0.2,0.95,9,-0.23646354392430305,0.011580245644864998,30
model_4,0.2,-0.2,0.95,10,-0.247418024209446,0.008250426842217442,30
model_4,0.2,-0.2,0.95,11,-0.2566600750714328,0.005877515877383633,30
model_4,0.2,-0.2,0.95,12,-0.26445789760203897,0.004186779348781139,30
model_4,0.2,-0.2,0.95,13,-0.271037508943469,0.002982241793328496,30
model_4,0.2,-0.2,0.95,14,-0.27658943726314295,0.0021241633967505084,30
model_4,0.2,-0.2,0.95,15,-0.28127433537367696,0.0015129327918700752,30
model_4,0.2,-0.2,0.95,16,-0.2852276925507665,0.0010775595587562679,30
model_4,0.2,-0.2,0.95,17,-0.28856379372343177,0.0007674592805672451,30
model_4,0.2,-0.2,0.95,18,-0.29137904943369997,0.000546592514522644,30
model_4,0.2,-0.2,0.95,19,-0.2937547987542146,0.000389285031876412,30
model_4,0.2,-0.2,0.95,20,-0.2957596700313717,0.0002772480373979187,30
model_4,0.2,-0.2,1.2999999999999998,0,0.016666666666666666,0.24138888888888888,30
model_4,0.2,-0.2,1.2999999999999998,1,-0.022615974650660006,0.16349573067881748,30
model_4,0.2,-0.2,1.2999999999999998,2,-0.05504689335704909,0.11070037459162996,30
model_4,0.2,-0.2,1.2999999999999998,3,-0.08175601276887275,0.07493320311917676,30
model_4,0.2,-0.2,1.2999999999999998,4,-0.10372969880871898,0.0507117932704499,30
model_4,0.2,-0.2,1.2999999999999998,5,-0.12179991200673766,0.03431430317924057,30
model_4,0.2,-0.2,1.2999999999999998,6,-0.1366579829101383,0.0232161496393567,30
model_4,0.2,-0.2,1.2999999999999998,7,-0.14887462360122186,0.015706056453115687,30
model_4,0.2,-0.2,1.2999999999999998,8,-0.1589196464275266,0.01062468244994773,30
model_4,0.2,-0.2,1.2999999999999998,9,-0.16717936727524133,0.007186939490158995,30
model_4,0.2,-0.2,1.2999999999999998,10,-0.1739713251361447,0.004861348067544,30
model_4,0.2,-0.2,1.2999999999999998,11,-0.1795565109309993,0.003288199743974765,30
model_4,0.2,-0.2,1.2999999999999998,12,-0.1841494506113562,0.0022240850624118827,30
model_4,0.2,-0.2,1.2999999999999998,13,-0.18792649410677292,0.0015043140761596412,30
model_4,0.2,-0.2,1.2999999999999998,14,-0.19103262252034905,0.001017468994926696,30
model_4,0.2,-0.2,1.2999999999999998,15,-0.1935870375497111,0.0006881776654410052,30
model_4,0.2,-0.2,1.2999999999999998,16,-0.19568775171930078,0.00046545484971277965,30
model_4,0.2,-0.2,1.2999999999999998,17,-0.19741535899234794,0.00031481308981403213,30
model_4,0.2,-0.2,1.2999999999999998,18,-0.19883613288646773,0.00021292502636575313,30
model_4,0.2,-0.2,1.2999999999999998,19,-0.20000457258170198,0.00014401233359140968,30
model_4,0.2,-0.2,1.2999999999999998,20,-0.20096549573754002,9.740291831125114e-05,30
model_4,0.2,-0.2,1.65,0,0.016666666666666666,0.24138888888888888,30
model_4,0.2,-0.2,1.65,1,-0.015753449081038994,0.15783784633386588,30
model_4,0.2,-0.2,1.65,2,-0.04201876502157282,0.10319136099169385,30
model_4,0.2,-0.2,1.65,3,-0.0632712291475522,0.06745706120010898,30
model_4,0.2,-0.2,1.65,4,-0.08045746668432613,0.04409354868386895,30
model_4,0.2,-0.2,1.65,5,-0.09435179655795634,0.02882010390701256,30
model_4,0.2,-0.2,1.65,6,-0.10558354252265836,0.01883631807506249,30
model_4,0.2,-0.2,1.65,7,-0.11466261086706611,0.012310673912446425,30
model_4,0.2,-0.2,1.65,8,-0.12200155293846487,0.008045572468527941,30
model_4,0.2,-0.2,1.65,9,-0.1279339359314603,0.0052580450844801575,30
model_4,0.2,-0.2,1.65,10,-0.13272939263756695,0.003436260079823808,30
model_4,0.2,-0.2,1.65,11,-0.13660585634333822,0.0022456582734831252,30
model_4,0.2,-0.2,1.65,12,-0.1397394718794233,0.0014675684362502,30
model_4,0.2,-0.2,1.65,13,-0.142272611370729,0.0009590713649344156,30
model_4,0.2,-0.2,1.65,14,-0.14432035287345713,0.000626760974415359,30
model_4,0.2,-0.2,1.65,15,-0.14597571551633842,0.0004095923707002374,30
model_4,0.2,-0.2,1.65,16,-0.14731388971119425,0.0002676707823799973,30
model_4,0.2,-0.2,1.65,17,-0.14839565550675943,0.0001749240401437142,30
model_4,0.2,-0.2,1.65,18,-0.14927014509160055,0.00011431352403331928,30
model_4,0.2,-0.2,1.65,19,-0.14997707543304398,7.470426996557592e-05,30
model_4,0.2,-0.2,1.65,20,-0.15054855278991183,4.881946565785991e-05,30
model_4,0.2,-0.2,2.0,0,0.016666666666666666,0.24138888888888888,30
model_4,0.2,-0.2,2.0,1,-0.011073673939479218,0.15405260801486764,30
model_4,0.2,-0.2,2.0,2,-0.03326223856951058,0.09830843674125077,30
model_4,0.2,-0.2,2.0,3,-0.050997144806714675,0.06273206346696371,30
model_4,0.2,-0.2,2.0,4,-0.06516713135378722,0.04002867521652112,30
model_4,0.2,-0.2,2.0,5,-0.07648677268825262,0.025541137727869406,30
model_4,0.2,-0.2,2.0,6,-0.08552868348627067,0.016296714246621234,30
model_4,0.2,-0.2,2.0,7,-0.09275093827638456,0.010398080695804066,30
model_4,0.2,-0.2,2.0,8,-0.09851967032113705,0.006634397607693259,30
model_4,0.2,-0.2,2.0,9,-0.10312740417092997,0.0042329812011637725,30
model_4,0.2,-0.2,2.0,10,-0.10680780955696793,0.0027007768016203346,30
model_4,0.2,-0.2,2.0,11,-0.10974752779439939,0.00172317452762277,30
model_4,0.2,-0.2,2.0,12,-0.1120956327167145,0.0010994324773825575,30
model_4,0.2,-0.2,2.0,13,-0.11397119197658516,0.0007014665172305217,30
model_4,0.2,-0.2,2.0,14,-0.11546930744902094,0.00044755321232105505,30
model_4,0.2,-0.2,2.0,15,-0.11666593975420816,0.00028554985671037415,30
model_4,0.2,-0.2,2.0,16,-0.11762176140476216,0.00018218762855641,30
model_4,0.2,-0.2,2.0,17,-0.11838523413457319,0.00011623999502045065,30
model_4,0.2,-0.2,2.0,18,-0.11899506665606742,7.416382386829656e-05,30
model_4,0.2,-0.2,2.0,19,-0.11948217763031226,4.73182336855867e-05,30
model_4,0.2,-0.2,2.0,20,-0.11987126349286424,3.01901207417786e-05,30
model_4,0.2,0.0,0.6,0,0.016666666666666666,0.24138888888888888,30
model_4,0.2,0.0,0.6,1,0.01492826227228296,0.193659269574488,30
model_4,0.2,0.0,0.6,2,0.013371180868204007,0.15536718721708537,30
model_4,0.2,0.0,0.6,3,0.011976509693440895,0.12464656567582574,30
model_4,0.2,0.0,0.6,4,0.01072730866861348,0.1000003064551161,30
model_4,0.2,0.0,0.6,5,0.009608404636847808,0.08022733106923116,30
model_4,0.2,0.0,0.6,6,0.008606207066225042,0.06436404925799835,30
model_4,0.2,0.0,0.6,7,0.007708542975250941,0.05163740064232127,30
model_4,0.2,0.0,0.6,8,0.006904509076302629,0.041427181413143485,30
model_4,0.2,0.0,0.6,9,0.006184339341144237,0.03323582013210245,30
model_4,0.2,0.0,0.6,10,0.005539286379923938,0.026664129737366274,30
model_4,0.2,0.0,0.6,11,0.004961515192847361,0.021391854084694885,30
model_4,0.2,0.0,0.6,12,0.004444008004004529,0.01716206100436104,30
model_4,0.2,0.0,0.6,13,0.003980479021434271,0.01376862130562774,30
model_4,0.2,0.0,0.6,14,0.003565298088077472,0.011046163547001345,30
model_4,0.2,0.0,0.6,15,0.003193422296261365,0.008862015041203012,30
model_4,0.2,0.0,0.6,16,0.0028603347350847404,0.007109736358360191,30
model_4,0.2,0.0,0.6,17,0.00256198962671198,0.005703934246372813,30
model_4,0.2,0.0,0.6,18,0.0022947631851854837,0.004576100188115628,30
model_4,0.2,0.0,0.6,19,0.0020554096008736826,0.0036712717971789867,30
model_4,0.2,0.0,0.6,20,0.0018410216159286453,0.002945354352984996,30
model_4,0.2,0.0,0.95,0,0.016666666666666666,0.24138888888888888,30
model_4,0.2,0.0,0.95,1,0.014157570195091842,0.17417957383735927,30
model_4,0.2,0.0,0.95,2,0.012026207629737138,0.12568318318963262,30
model_4,0.2,0.0,0.95,3,0.010215712721925159,0.09068952339628847,30
model_4,0.2,0.0,0.95,4,0.008677780197212891,0.06543906229234003,30
model_4,0.2,0.0,0.95,5,0.007371376936777156,0.04721902501337896,30
model_4,0.2,0.0,0.95,6,0.006261647185014227,0.03407194793307875,30
model_4,0.2,0.0,0.95,7,0.005318982573524285,0.024585379211567858,30
model_4,0.2,0.0,0.95,8,0.004518232149068425,0.01774013250324826,30
model_4,0.2,0.0,0.95,9,0.003838031328489417,0.012800791011786702,30
model_4,0.2,0.0,0.95,10,0.0032602318766430413,0.009236698231957175,30
model_4,0.2,0.0,0.95,11,0.002769417698751008,0.006664947045044567,30
model_4,0.2,0.0,0.95,12,0.002352493528175838,0.004809242220294531,30
model_4,0.2,0.0,0.95,13,0.001998335535518929,0.0034702167289775983,30
model_4,0.2,0.0,0.95,14,0.001697494537047351,0.0025040128141723067,30
model_4,0.2,0.0,0.95,15,0.0014419438838419786,0.00180682668064551,30
model_4,0.2,0.0,0.95,16,0.001224865305172576,0.0013037563687434976,30
model_4,0.2,0.0,0.95,17,0.0010404669922508142,0.000940754687346085,30
model_4,0.2,0.0,0.95,18,0.00088382906870804,0.0006788226719203469,30
model_4,0.2,0.0,0.95,19,0.0007507723248418169,0.0004898197437772208,30
model_4,0.2,0.0,0.95,20,0.0006377467133688383,0.00035344043638856987,30
model_4,0.2,0.0,1.2999999999999998,0,0.016666666666666666,0.24138888888888888,30
model_4,0.2,0.0,1.2999999999999998,1,0.013743067708239772,0.16412968981890536,30
model_4,0.2,0.0,1.2999999999999998,2,0.011332314601995769,0.11159815683334905,30
model_4,0.2,0.0,1.2999999999999998,3,0.009344446011978124,0.07587992533430252,30
model_4,0.2,0.0,1.2999999999999998,4,0.007705281254316394,0.051593711151855896,30
model_4,0.2,0.0,1.2999999999999998,5,0.006353652119346053,0.03508056997543971,30
model_4,0.2,0.0,1.2999999999999998,6,0.005239120276246433,0.023852643322740584,30
model_4,0.2,0.0,1.2999999999999998,7,0.004320095081283986,0.0162183394933494,30
model_4,0.2,0.0,1.2999999999999998,8,0.003562281552487167,0.011027479527636486,30
model_4,0.2,0.0,1.2999999999999998,9,0.002937400594298694,0.00749801203645466,30
model_4,0.2,0.0,1.2999999999999998,10,0.002422133715220235,0.005098189877199308,30
model_4,0.2,0.0,1.2999999999999998,11,0.0019972528588009303,0.003466457495347964,30
model_4,0.2,0.0,1.2999999999999998,12,0.0016469028761385985,0.002356979213503765,30
model_4,0.2,0.0,1.2999999999999998,13,0.001358009864140056,0.0016026017974673532,30
model_4,0.2,0.0,1.2999999999999998,14,0.0011197932906800625,0.0010896712650374373,30
model_4,0.2,0.0,1.2999999999999998,15,0.0009233637007829184,0.0007409098552895369,30
model_4,0.2,0.0,1.2999999999999998,16,0.0007613909915514325,0.0005037734143116114,30
model_4,0.2,0.0,1.2999999999999998,17,0.0006278308769601147,0.0003425351291460443,30
model_4,0.2,0.0,1.2999999999999998,18,0.00051769933508318,0.00023290295074309344,30
model_4,0.2,0.0,1.2999999999999998,19,0.0004268866208735468,0.0001583597705732316,30
model_4,0.2,0.0,1.2999999999999998,20,0.00035200390406440996,0.00010767496442614402,30
model_4,0.2,0.0,1.65,0,0.016666666666666666,0.24138888888888888,30
model_4,0.2,0.0,1.65,1,0.013490767653114013,0.1581587055152971,30
model_4,0.2,0.0,1.65,2,0.010920048712218418,0.10362604610930737,30
model_4,0.2,0.0,1.65,3,0.00883919039623355,0.06789608828209384,30
model_4,0.2,0.0,1.65,4,0.007154847832633428,0.04448571548457292,30
model_4,0.2,0.0,1.65,5,0.005791463382206643,0.029147170805365587,30
model_4,0.2,0.0,1.65,6,0.004687877211652057,0.01909731150107661,30
model_4,0.2,0.0,1.65,7,0.0037945837349235537,0.012512614311849963,30
model_4,0.2,0.0,1.65,8,0.003071510850488362,0.008198301468156192,30
model_4,0.2,0.0,1.65,9,0.002486222353677425,0.005371551083383056,30
model_4,0.2,0.0,1.65,10,0.0020124628864464345,0.003519455969442763,30
model_4,0.2,0.0,1.65,11,0.0016289801526938497,0.0023059578376093764,30
model_4,0.2,0.0,1.65,12,0.001318571565091614,0.0015108703149009774,30
model_4,0.2,0.0,1.65,13,0.001067312557119229,0.0009899266461938095,30
model_4,0.2,0.0,1.65,14,0.0008639319432807898,0.0006486028318775663,30
model_4,0.2,0.0,1.65,15,0.0006993063068942622,0.0004249664711391509,30
model_4,0.2,0.0,1.65,16,0.0005660507342800662,0.00027843927395394623,30
model_4,0.2,0.0,1.65,17,0.00045818753616282424,0.00018243422609830973,30
model_4,0.2,0.0,1.65,18,0.00037087809551552935,0.00011953143814616469,30
model_4,0.2,0.0,1.65,19,0.00030020581285377377,7.831734763185859e-05,30
model_4,0.2,0.0,1.65,20,0.00024300041215947454,5.1313755069098515e-05,30
model_4,0.2,0.0,2.0,0,0.016666666666666666,0.24138888888888888,30
model_4,0.2,0.0,2.0,1,0.013322397167603767,0.15423556540720648,30
model_4,0.2,0.0,2.0,2,0.01064917597748261,0.0985489006804723,30
model_4,0.2,0.0,2.0,3,0.008512353112783694,0.06296787514402832,30
model_4,0.2,0.0,2.0,4,0.006804296939963547,0.04023335900021465,30
model_4,0.2,0.0,2.0,5,0.00543897277683031,0.025707127209511182,30
model_4,0.2,0.0,2.0,6,0.004347609331003094,0.016425583291776968,30
model_4,0.2,0.0,2.0,7,0.003475234694232195,0.010495135620415862,30
model_4,0.2,0.0,2.0,8,0.00277790741083184,0.006705872767761281,30
model_4,0.2,0.0,2.0,9,0.0022205031493158947,0.004284721151189896,30
model_4,0.2,0.0,2.0,10,0.0017749454920260716,0.002737724973207784,30
model_4,0.2,0.0,2.0,11,0.0014187917277371502,0.0017492709010583137,30
model_4,0.2,0.0,2.0,12,0.0011341024137015057,0.0011176976194595734,30
model_4,0.2,0.0,2.0,13,0.0009065377670441751,0.0007141535183543033,30
model_4,0.2,0.0,2.0,14,0.0007246353707997065,0.0004563087895136002,30
model_4,0.2,0.0,2.0,15,0.0005792328126892616,0.00029155875597614386,30
model_4,0.2,0.0,2.0,16,0.0004630061749892716,0.00018629163000995184,30
model_4,0.2,0.0,2.0,17,0.0003701011292556069,0.00011903114106648317,30
model_4,0.2,0.0,2.0,18,0.0002958380541673218,7.605501408105204e-05,30
model_4,0.2,0.0,2.0,19,0.00023647632329449366,4.8595393735142524e-05,30
model_4,0.2,0.0,2.0,20,0.00018902588997983885,3.1050053974835305e-05,30
model_4,0.2,0.20000000000000007,0.6,0,0.016666666666666666,0.24138888888888888,30
model_4,0.2,0.20000000000000007,0.6,1,0.08118225318373329,0.18935477263429842,30
model_4,0.2,0.20000000000000007,0.6,2,0.13913278776562676,0.1479099409682524,30
model_4,0.2,0.20000000000000007,0.6,3,0.19011352611605842,0.11514129308363465,30
model_4,0.2,0.20000000000000007,0.6,4,0.23468854863841365,0.08939089602079248,30
model_4,0.2,0.20000000000000007,0.6,5,0.27360987090421257,0.06925102523989791,30
model_4,0.2,0.20000000000000007,0.6,6,0.3075993530672037,0.053557378869326384,30
model_4,0.2,0.20000000000000007,0.6,7,0.3372978655562877,0.04136406462291577,30
model_4,0.2,0.20000000000000007,0.6,8,0.3632620448663049,0.031912307274510894,30
model_4,0.2,0.20000000000000007,0.6,9,0.3859729970994535,0.024599168654841602,30
model_4,0.2,0.20000000000000007,0.6,10,0.40584672118425624,0.01894901175356024,30
model_4,0.2,0.20000000000000007,0.6,11,0.42324359749494334,0.014588736578546415,30
model_4,0.2,0.20000000000000007,0.6,12,0.4384764685199029,0.011226964666668693,30
model_4,0.2,0.20000000000000007,0.6,13,0.451817412598311,0.00863692558220468,30
model_4,0.2,0.20000000000000007,0.6,14,0.46350342312150083,0.00664261047936174,30
model_4,0.2,0.20000000000000007,0.6,15,0.47374119433533446,0.0051077012988343376,30
model_4,0.2,0.20000000000000007,0.6,16,0.48271117900356014,0.003926798112043547,30
model_4,0.2,0.20000000000000007,0.6,17,0.4905710486914824,0.0030185148617127024,30
model_4,0.2,0.20000000000000007,0.6,18,0.49745865958381974,0.0023200740323275934,30
model_4,0.2,0.20000000000000007,0.6,19,0.5034946053567263,0.001783091996603851,30
model_4,0.2,0.20000000000000007,0.6,20,0.5087844223639526,0.0013703031316970981,30
model_4,0.2,0.20000000000000007,0.95,0,0.016666666666666666,0.24138888888888888,30
model_4,0.2,0.20000000000000007,0.95,1,0.06161469427973967,0.17271472094743245,30
model_4,0.2,0.20000000000000007,0.95,2,0.09987432313525675,0.12344690123844448,30
model_4,0.2,0.20000000000000007,0.95,3,0.13223301171592688,0.08815782838756255,30
model_4,0.2,0.20000000000000007,0.95,4,0.15953615397426918,0.06291513157453628,30
model_4,0.2,0.20000000000000007,0.95,5,0.18255647029717148,0.04487765792316503,30
model_4,0.2,0.20000000000000007,0.95,6,0.201963557588844,0.03199915282345901,30
model_4,0.2,0.20000000000000007,0.95,7,0.218326283683631,0.022809735322875984,30
model_4,0.2,0.20000000000000007,0.95,8,0.23212446753881844,0.016255719958163453,30
model_4,0.2,0.20000000000000007,0.95,9,0.2437619036235944,0.011582964804300282,30
model_4,0.2,0.20000000000000007,0.95,10,0.2535782878497823,0.00825236729459923,30
model_4,0.2,0.20000000000000007,0.95,11,0.26185948424515193,0.005878899812547424,30
model_4,0.2,0.20000000000000007,0.95,12,0.2688461752995871,0.004187765987600028,30
model_4,0.2,0.20000000000000007,0.95,13,0.27474110152543607,0.002982944998349119,30
model_4,0.2,0.20000000000000007,0.95,14,0.27971511365246504,0.0021246644922098793,30
model_4,0.2,0.20000000000000007,0.95,15,0.28391223681289707,0.0015132898151536923,30
model_4,0.2,0.20000000000000007,0.95,16,0.28745391420849753,0.001077813905602001,30
model_4,0.2,0.20000000000000007,0.95,17,0.2904425683621682,0.0007676404653248392,30
model_4,0.2,0.20000000000000007,0.95,18,0.2929645934275999,0.0005467215743573458,30
model_4,0.2,0.20000000000000007,0.95,19,0.29509287199729434,0.00038937695846195795,30
model_4,0.2,0.20000000000000007,0.95,20,0.2968888936542132,0.0002773135125547843,30
model_4,0.2,0.20000000000000007,1.2999999999999998,0,0.016666666666666666,0.24138888888888888,30
model_4,0.2,0.20000000000000007,1.2999999999999998,1,0.05004922894103709,0.16350485018165636,30
model_4,0.2,0.20000000000000007,1.2999999999999998,2,0.07762016803418761,0.11070957190650692,30
model_4,0.2,0.20000000000000007,1.2999999999999998,3,0.10032772534388812,0.07494043845485579,30
model_4,0.2,0.20000000000000007,1.2999999999999998,4,0.11900763823743093,0.050717030929526084,30
model_4,0.2,0.20000000000000007,1.2999999999999998,5,0.1343672816646007,0.03431796431928857,30
model_4,0.2,0.20000000000000007,1.2999999999999998,6,0.1469950961833323,0.023218667728138676,30
model_4,0.2,0.20000000000000007,1.2999999999999998,7,0.1573769118469487,0.01570777479246973,30
model_4,0.2,0.20000000000000007,1.2999999999999998,8,0.16591257046899835,0.010625850393995207,30
model_4,0.2,0.20000000000000007,1.2999999999999998,9,0.17293074364561112,0.0071877316881385845,30
model_4,0.2,0.20000000000000007,1.2999999999999998,10,0.17870150215422526,0.004861884798210727,30
model_4,0.2,0.20000000000000007,1.2999999999999998,11,0.18344676149247655,0.003288563158766713,30
model_4,0.2,0.20000000000000007,1.2999999999999998,12,0.18734888911457515,0.0022243310342648535,30
model_4,0.2,0.20000000000000007,1.2999999999999998,13,0.19055777389992035,0.0015044805198533124,30
model_4,0.2,0.20000000000000007,1.2999999999999998,14,0.19319662693911144,0.0010175816068585363,30
model_4,0.2,0.20000000000000007,1.2999999999999998,15,0.19536674114127311,0.0006882538484793735,30
model_4,0.2,0.20000000000000007,1.2999999999999998,16,0.19715139772405532,0.0004655063847524433,30
model_4,0.2,0.20000000000000007,1.2999999999999998,17,0.19861907372454177,0.0003148479497257071,30
model_4,0.2,0.20000000000000007,1.2999999999999998,18,0.1998260765407022,0.0002129486059036656,30
model_4,0.2,0.20000000000000007,1.2999999999999998,19,0.20081870850534722,0.00014402828260327537,30
model_4,0.2,0.20000000000000007,1.2999999999999998,20,0.2016350457534215,9.74137059072207e-05,30
model_4,0.2,0.20000000000000007,1.65,0,0.016666666666666666,0.24138888888888888,30
model_4,0.2,0.20000000000000007,1.65,1,0.04270776145779636,0.15784237899162515,30
model_4,0.2,0.20000000000000007,1.65,2,0.06381312336930571,0.10319587056194134,30
model_4,0.2,0.20000000000000007,1.65,3,0.08089241736848113,0.06746053895430922,30
model_4,0.2,0.20000000000000007,1.65,4,0.09470396302046896,0.044096004567320345,30
model_4,0.2,0.20000000000000007,1.65,5,0.10586954388075721,0.028821772569916377,30
model_4,0.2,0.20000000000000007,1.65,6,0.11489498996052531,0.01883743097207551,30
model_4,0.2,0.20000000000000007,1.65,7,0.12219026518491566,0.012311409191747075,30
model_4,0.2,0.20000000000000007,1.65,8,0.1280870619732004,0.008046055878606406,30
model_4,0.2,0.20000000000000007,1.65,9,0.13285354234116187,0.005258362070261932,30
model_4,0.2,0.20000000000000007,1.65,10,0.1367064426551838,0.003436467639429972,30
model_4,0.2,0.20000000000000007,1.65,11,0.1398209213184211,0.002245794073534549,30
model_4,0.2,0.20000000000000007,1.65,12,0.14233853612153882,0.0014676572457974137,30
model_4,0.2,0.20000000000000007,1.65,13,0.14437369448638024,0.0009591294285120943,30
model_4,0.2,0.20000000000000007,1.65,14,0.1460188651847667,0.0006267989302315879,30
model_4,0.2,0.20000000000000007,1.65,15,0.1473487885010051,0.0004096171797299309,30
model_4,0.2,0.20000000000000007,1.65,16,0.14842387737951984,0.00026768699726206064,30
model_4,0.2,0.20000000000000007,1.65,17,0.1492929652895997,0.0001749346375580148,30
model_4,0.2,0.20000000000000007,1.65,18,0.14999552654509693,0.00011432044989952707,30
model_4,0.2,0.20000000000000007,1.65,19,0.15056347054972755,7.470879623265747e-05,30
model_4,0.2,0.20000000000000007,1.65,20,0.15102259185885367,4.882242367488549e-05,30
model_4,0.2,0.20000000000000007,2.0,0,0.016666666666666666,0.24138888888888888,30
model_4,0.2,0.20000000000000007,2.0,1,0.03770275980229816,0.15405516819224305,30
model_4,0.2,0.20000000000000007,2.0,2,0.05453468646164458,0.09831095989693676,30
model_4,0.2,0.20000000000000007,2.0,3,0.0679900170363391,0.06273398338491382,30
model_4,0.2,0.20000000000000007,2.0,4,0.07874111873979373,0.040030008648227346,30
model_4,0.2,0.20000000000000007,2.0,5,0.08732958095572062,0.025542026620808914,30
model_4,0.2,0.20000000000000007,2.0,6,0.09418975327914576,0.01629729486689907,30
model_4,0.2,0.20000000000000007,2.0,7,0.09966921598698597,0.010398455950799121,30
model_4,0.2,0.20000000000000007,2.0,8,0.10404581259883179,0.006634638757725796,30
model_4,0.2,0.20000000000000007,2.0,9,0.1075415270770092,0.004233135689322293,30
model_4,0.2,0.20000000000000007,2.0,10,0.11033367352834209,0.002700875600473024,30
model_4,0.2,0.20000000000000007,2.0,11,0.11256387247912597,0.0017232376503596417,30
model_4,0.2,0.20000000000000007,2.0,12,0.1143452333724434,0.0010994727841918963,30
model_4,0.2,0.20000000000000007,2.0,13,0.11576809485688928,0.0007014922467203579,30
model_4,0.2,0.20000000000000007,2.0,14,0.11690461000741084,0.0004475696333939489,30
model_4,0.2,0.20000000000000007,2.0,15,0.11781240814201738,0.00028556033577332155,30
model_4,0.2,0.20000000000000007,2.0,16,0.11853751903530363,0.00018219431527650713,30
model_4,0.2,0.20000000000000007,2.0,17,0.119116708130634,0.00011624426165058597,30
model_4,0.2,0.20000000000000007,2.0,18,0.11957934145406206,7.416654622403204e-05,30
model_4,0.2,0.20000000000000007,2.0,19,0.11994887500420587,4.7319970674330484e-05,30
model_4,0.2,0.20000000000000007,2.0,20,0.12024404427749069,3.0191229007841505e-05,30
model_4,0.2,0.4,0.6,0,0.016666666666666666,0.24138888888888888,30
model_4,0.2,0.4,0.6,1,0.1396924490584125,0.17825855833016713,30
model_4,0.2,0.4,0.6,2,0.24644336311752696,0.13003641367783852,30
model_4,0.2,0.4,0.6,3,0.3374560354507315,0.09390171508018001,30
model_4,0.2,0.4,0.6,4,0.41442082562609234,0.06727109010697327,30
model_4,0.2,0.4,0.6,5,0.4792298779013651,0.04789584035482309,30
model_4,0.2,0.4,0.6,6,0.5336667061350605,0.03393723142737494,30
model_4,0.2,0.4,0.6,7,0.5793166676352457,0.023956479811070342,30
model_4,0.2,0.4,0.6,8,0.6175540191849167,0.016861346762508847,30
model_4,0.2,0.4,0.6,9,0.6495551167228834,0.011840214154661457,30
model_4,0.2,0.4,0.6,10,0.6763196588335956,0.008299262717354011,30
model_4,0.2,0.4,0.6,11,0.6986932838082511,0.005808980534095042,30
model_4,0.2,0.4,0.6,12,0.7173890089212621,0.0040613676383833815,30
model_4,0.2,0.4,0.6,13,0.73300661287274,0.0028370040175289715,30
model_4,0.2,0.4,0.6,14,0.7460497226843891,0.001980359801951718,30
model_4,0.2,0.4,0.6,15,0.7569406501297992,0.0013816203782045402,30
model_4,0.2,0.4,0.6,16,0.7660331451921382,0.0009634834361258611,30
model_4,0.2,0.4,0.6,17,0.7736232814777417,0.0006716614659960892,30
model_4,0.2,0.4,0.6,18,0.7799586989750704,0.00046810000619574156,30
model_4,0.2,0.4,0.6,19,0.7852464214111319,0.00032616222594232796,30
model_4,0.2,0.4,0.6,20,0.7896594483308887,0.00022722443767574945,30
model_4,0.2,0.4,0.95,0,0.016666666666666666,0.24138888888888888,30
model_4,0.2,0.4,0.95,1,0.1059114084541114,0.16869600412033534,30
model_4,0.2,0.4,0.95,2,0.18090297833346244,0.11747504902798359,30
model_4,0.2,0.4,0.95,3,0.24351896759011596,0.08157259087092938,30
model_4,0.2,0.4,0.95,4,0.29564450847202706,0.05651783879652805,30
model_4,0.2,0.4,0.95,5,0.3389724776315171,0.03909304900038999,30
model_4,0.2,0.4,0.95,6,0.3749597093297459,0.0270062489071083,30
model_4,0.2,0.4,0.95,7,0.4048370291342128,0.01863868649092384,30
model_4,0.2,0.4,0.95,8,0.42963547799035223,0.012854500705729058,30
model_4,0.2,0.4,0.95,9,0.4502151359821,0.008860562625183725,30
model_4,0.2,0.4,0.95,10,0.46729191515842133,0.006105085263367032,30
model_4,0.2,0.4,0.95,11,0.4814610119522672,0.004205234731947381,30
model_4,0.2,0.4,0.95,12,0.4932169129420362,0.002895940807398612,30
model_4,0.2,0.4,0.95,13,0.5029702537104199,0.001993952117805529,30
model_4,0.2,0.4,0.95,14,0.511061937898724,0.0013727261548968652,30
model_4,0.2,0.4,0.95,15,0.5177749216889764,0.0009449550442595613,30
model_4,0.2,0.4,0.95,16,0.5233440302322169,0.0006504394780491315,30
model_4,0.2,0.4,0.95,17,0.5279641245751918,0.0004476916455600762,30
model_4,0.2,0.4,0.95,18,0.5317968907174171,0.0003081295371451827,30
model_4,0.2,0.4,0.95,19,0.5349764800999016,0.00021206760960843738,30
model_4,0.2,0.4,0.95,20,0.5376141939783379,0.00014595041705274628,30
model_4,0.2,0.4,1.2999999999999998,0,0.016666666666666666,0.24138888888888888,30
model_4,0.2,0.4,1.2999999999999998,1,0.08487286185475444,0.16172547676933,30
model_4,0.2,0.4,1.2999999999999998,2,0.14087148357262907,0.10821142818767816,30
model_4,0.2,0.4,1.2999999999999998,3,0.18671612037488045,0.07233136571629675,30
model_4,0.2,0.4,1.2999999999999998,4,0.22419519993834078,0.04831105781237738,30
model_4,0.2,0.4,1.2999999999999998,5,0.2548138920640821,0.03224909142881941,30
model_4,0.2,0.4,1.2999999999999998,6,0.27981926216158165,0.021518105157566816,30
model_4,0.2,0.4,1.2999999999999998,7,0.3002368251669979,0.01435339282662448,30
model_4,0.2,0.4,1.2999999999999998,8,0.31690683474584724,0.00957205276851031,30
model_4,0.2,0.4,1.2999999999999998,9,0.3305165127398142,0.006382372496351772,30
model_4,0.2,0.4,1.2999999999999998,10,0.3416274162231378,0.004255056603065884,30
model_4,0.2,0.4,1.2999999999999998,11,0.35069820945652697,0.0028365409536880368,30
model_4,0.2,0.4,1.2999999999999998,12,0.3581034307557855,0.0018907924480341043,30
model_4,0.2,0.4,1.2999999999999998,13,0.36414888627135067,0.0012603103061881293,30
model_4,0.2,0.4,1.2999999999999998,14,0.3690842476270643,0.0008400315893121284,30
model_4,0.2,0.4,1.2999999999999998,15,0.3731133492988956,0.0005598896056968984,30
model_4,0.2,0.4,1.2999999999999998,16,0.3764026007660583,0.00037316498895734835,30
model_4,0.2,0.4,1.2999999999999998,17,0.37908785648208393,0.00024871003113825655,30
model_4,0.2,0.4,1.2999999999999998,18,0.3812800254911279,0.0001657605840337392,30
model_4,0.2,0.4,1.2999999999999998,19,0.3830696515177217,0.00011047550165943128,30
model_4,0.2,0.4,1.2999999999999998,20,0.38453065229949634,7.36289007708928e-05,30
model_4,0.2,0.4,1.65,0,0.016666666666666666,0.24138888888888888,30
model_4,0.2,0.4,1.65,1,0.07113409818525507,0.15692364082558893,30
model_4,0.2,0.4,1.65,2,0.11513758269881305,0.10195556328060364,30
model_4,0.2,0.4,1.65,3,0.15063284467791974,0.06621321139469619,30
model_4,0.2,0.4,1.65,4,0.17924258387441158,0.04298707452234867,30
model_4,0.2,0.4,1.65,5,0.20229333920038556,0.027901515325941786,30
model_4,0.2,0.4,1.65,6,0.22086154552042694,0.018106820484985412,30
model_4,0.2,0.4,1.65,7,0.23581742703989234,0.01174902134089427,30
model_4,0.2,0.4,1.65,8,0.2478631670845789,0.007622920192620018,30
model_4,0.2,0.4,1.65,9,0.25756481332863984,0.00494552317643823,30
model_4,0.2,0.4,1.65,10,0.2653784514524282,0.0032083540815682605,30
model_4,0.2,0.4,1.65,11,0.2716714792851494,0.002081312615522418,30
model_4,0.2,0.4,1.65,12,0.2767398186309898,0.0013501483936338157,30
model_4,0.2,0.4,1.65,13,0.2808218080605605,0.0008758260927279106,30
model_4,0.2,0.4,1.65,14,0.28410940362605663,0.0005681311820748313,30
model_4,0.2,0.4,1.65,15,0.2867572039645525,0.000368532096992649,30
model_4,0.2,0.4,1.65,16,0.28888972036290994,0.00023905569273596983,30
model_4,0.2,0.4,1.65,17,0.2906072323221358,0.00015506749071985852,30
model_4,0.2,0.4,1.65,18,0.2919905035740457,0.00010058678199575522,30
model_4,0.2,0.4,1.65,19,0.29310458024016384,6.524691456041345e-05,30
model_4,0.2,0.4,1.65,20,0.294001849758026,4.232317689236361e-05,30
model_4,0.2,0.4,2.0,0,0.016666666666666666,0.24138888888888888,30
model_4,0.2,0.4,2.0,1,0.06161777501838014,0.15352532135820282,30
model_4,0.2,0.4,2.0,2,0.09751658900124999,0.09761539710311395,30
model_4,0.2,0.4,2.0,3,0.1261592927565548,0.06205315815977113,30
model_4,0.2,0.4,2.0,4,0.14900131062753164,0.03944040646758319,30
model_4,0.2,0.4,2.0,5,0.16721272265960402,0.025065095936684312,30
model_4,0.2,0.4,2.0,6,0.18173034601399202,0.015928012037648046,30
model_4,0.2,0.4,2.0,7,0.19330261677824495,0.010121107021459706,30
model_4,0.2,0.4,2.0,8,0.20252679267382137,0.006430962350689891,30
model_4,0.2,0.4,2.0,9,0.20987920836208407,0.0040861158151647295,30
model_4,0.2,0.4,2.0,10,0.21573964260356635,0.0025961866059570483,30
model_4,0.2,0.4,2.0,11,0.22041084439512498,0.0016495077967711084,30
model_4,0.2,0.4,2.0,12,0.22413413874830837,0.001048016239605377,30
model_4,0.2,0.4,2.0,13,0.22710188220318042,0.0006658527671284436,30
model_4,0.2,0.4,2.0,14,0.2294673970442182,0.000423044400775475,30
model_4,0.2,0.4,2.0,15,0.2313528917967551,0.00026877690276023747,30
model_4,0.2,0.4,2.0,16,0.23285577510993785,0.00017076414707034495,30
model_4,0.2,0.4,2.0,17,0.2340536885152307,0.00010849270926045248,30
model_4,0.2,0.4,2.0,18,0.23500851787426325,6.8929286663523e-05,30
model_4,0.2,0.4,2.0,19,0.23576959073755158,4.379318825450941e-05,30
model_4,0.2,0.4,2.0,20,0.23637622482375947,2.7823324697973672e-05,30
model_4,0.45,-0.4,0.6,0,0.016666666666666666,0.24138888888888888,30
model_4,0.45,-0.4,0.6,1,-0.06967570753901009,0.22258205349205595,30
model_4,0.45,-0.4,0.6,2,-0.15681232908420142,0.20169909529322202,30
model_4,0.45,-0.4,0.6,3,-0.2353267583450975,0.18113864466770274,30
model_4,0.45,-0.4,0.6,4,-0.3045683377227378,0.16165691975298727,30
model_4,0.45,-0.4,0.6,5,-0.3655567216120435,0.14348232907466174,30
model_4,0.45,-0.4,0.6,6,-0.41946161739497095,0.12671713535864637,30
model_4,0.45,-0.4,0.6,7,-0.4673124815753339,0.11140767701255584,30
model_4,0.45,-0.4,0.6,8,-0.5099704783695229,0.09755550958773676,30
model_4,0.45,-0.4,0.6,9,-0.5481500960164186,0.085124150985863,30
model_4,0.45,-0.4,0.6,10,-0.5824454751992243,0.07404759724375218,30
model_4,0.45,-0.4,0.6,11,-0.6133531080087139,0.0642393274817685,30
model_4,0.45,-0.4,0.6,12,-0.6412901974426315,0.05560045164367791,30
model_4,0.45,-0.4,0.6,13,-0.6666093331847328,0.04802638210620861,30
model_4,0.45,-0.4,0.6,14,-0.689610227053471,0.04141191450573301,30
model_4,0.45,-0.4,0.6,15,-0.7105491245104214,0.03565485859626571,30
model_4,0.45,-0.4,0.6,16,-0.7296463765186391,0.030658459916918193,30
model_4,0.45,-0.4,0.6,17,-0.747092550203364,0.026332870188591068,30
model_4,0.45,-0.4,0.6,18,-0.7630533753653391,0.022595902405710265,30
model_4,0.45,-0.4,0.6,19,-0.7776737611800641,0.019373269585268017,30
model_4,0.45,-0.4,0.6,20,-0.7910810686575773,0.016598466469754353,30
model_4,0.45,-0.4,0.95,0,0.016666666666666666,0.24138888888888888,30
model_4,0.45,-0.4,0.95,1,-0.0566285308476202,0.2046320907758,30
model_4,0.45,-0.4,0.95,2,-0.12596754171919916,0.17215392862399412,30
model_4,0.45,-0.4,0.95,3,-0.18853425014854688,0.14398360879538666,30
model_4,0.45,-0.4,0.95,4,-0.2443765206145761,0.11986704291060088,30
model_4,0.45,-0.4,0.95,5,-0.29415071545406496,0.09940959979277453,30
model_4,0.45,-0.4,0.95,6,-0.3385657283090721,0.0821808044379348,30
model_4,0.45,-0.4,0.95,7,-0.37826088701693356,0.06775672976247042,30
model_4,0.45,-0.4,0.95,8,-0.4137907754134987,0.05573989807759329,30
model_4,0.45,-0.4,0.95,9,-0.4456337447622737,0.045769222608400224,30
model_4,0.45,-0.4,0.95,10,-0.47420368582289385,0.03752413171916601,30
model_4,0.45,-0.4,0.95,11,-0.4998605526543119,0.030724966161101885,30
model_4,0.45,-0.4,0.95,12,-0.522919009768887,0.025131059973684075,30
model_4,0.45,-0.4,0.95,13,-0.5436554199310585,0.020537513577275048,30
model_4,0.45,-0.4,0.95,14,-0.562313503263606,0.01677135820084259,30
model_4,0.45,-0.4,0.95,15,-0.5791089554393104,0.01368757124029812,30
model_4,0.45,-0.4,0.95,16,-0.5942332506694954,0.01116522549839565,30
model_4,0.45,-0.4,0.95,17,-0.6078568022927567,0.009103931320407857,30
model_4,0.45,-0.4,0.95,18,-0.6201316129747593,0.007420647575770246,30
model_4,0.45,-0.4,0.95,19,-0.6311935158021857,0.006046884302753471,30
model_4,0.45,-0.4,0.95,20,-0.6411640844615392,0.0049262876910442935,30
model_4,0.45,-0.4,1.2999999999999998,0,0.016666666666666666,0.24138888888888888,30
model_4,0.45,-0.4,1.2999999999999998,1,-0.04586055524292225,0.1917014324672472,30
model_4,0.45,-0.4,1.2999999999999998,2,-0.10247378237512667,0.15170265193793736,30
model_4,0.45,-0.4,1.2999999999999998,3,-0.1525966280519668,0.1196946088892872,30
model_4,0.45,-0.4,1.2999999999999998,4,-0.19669674440635154,0.09421646370063873,30
model_4,0.45,-0.4,1.2999999999999998,5,-0.2354516941350843,0.07402072203119069,30
model_4,0.45,-0.4,1.2999999999999998,6,-0.26952038905262404,0.05806530349840809,30
model_4,0.45,-0.4,1.2999999999999998,7,-0.29949011716158963,0.0454933778761901,30
model_4,0.45,-0.4,1.2999999999999998,8,-0.3258723468743406,0.03560851181136137,30
model_4,0.45,-0.4,1.2999999999999998,9,-0.34911050406835437,0.027849608703230045,30
model_4,0.45,-0.4,1.2999999999999998,10,-0.36958944232217805,0.021767707176765135,30
model_4,0.45,-0.4,1.2999999999999998,11,-0.3876440213323218,0.017005508669339975,30
model_4,0.45,-0.4,1.2999999999999998,12,-0.4035663604019181,0.01327987334319972,30
model_4,0.45,-0.4,1.2999999999999998,13,-0.4176118799489879,0.010367182669513886,30
model_4,0.45,-0.4,1.2999999999999998,14,-0.4300043413986126,0.008091296504271216,30
model_4,0.45,-0.4,1.2999999999999998,15,-0.4409400792254758,0.006313764426122776,30
model_4,0.45,-0.4,1.2999999999999998,16,-0.4505915815661843,0.004925942332411705,30
model_4,0.45,-0.4,1.2999999999999998,17,-0.4591105413611015,0.0038426881092410783,30
model_4,0.45,-0.4,1.2999999999999998,18,-0.46663047270941677,0.002997347482537859,30
model_4,0.45,-0.4,1.2999999999999998,19,-0.47326896645053623,0.0023377828632661648,30
model_4,0.45,-0.4,1.2999999999999998,20,-0.47912964346748166,0.0018232386103135805,30
model_4,0.45,-0.4,1.65,0,0.016666666666666666,0.24138888888888888,30
model_4,0.45,-0.4,1.65,1,-0.03723353923447698,0.1822573293835087,30
model_4,0.45,-0.4,1.65,2,-0.08454477348879878,0.13736455806019832,30
model_4,0.45,-0.4,1.65,3,-0.1255786817461003,0.10337311013744609,30
model_4,0.45,-0.4,1.65,4,-0.1610319298886493,0.07769923866358018,30
model_4,0.45,-0.4,1.65,5,-0.19163446764139028,0.058346346246146236,30
model_4,0.45,-0.4,1.65,6,-0.21805082336377726,0.043781207566860506,30
model_4,0.45,-0.4,1.65,7,-0.24086087323905347,0.03283294818498378,30
model_4,0.45,-0.4,1.65,8,-0.26056398708969036,0.02461137685821787,30
model_4,0.45,-0.4,1.65,9,-0.27758879913529666,0.018442064450184415,30
model_4,0.45,-0.4,1.65,10,-0.2923032612750034,0.01381544476726773,30
model_4,0.45,-0.4,1.65,11,-0.30502357787870776,0.010347334185844801,30
model_4,0.45,-0.4,1.65,12,-0.3160218208413977,0.007748559803988967,30
model_4,0.45,-0.4,1.65,13,-0.32553235110735035,0.005801742268404319,30
model_4,0.45,-0.4,1.65,14,-0.333757233292609,0.004343634041646226,30
model_4,0.45,-0.4,1.65,15,-0.34087081614904446,0.0032517339545809747,30
model_4,0.45,-0.4,1.65,16,-0.347023622573008,0.002434171789927939,30
model_4,0.45,-0.4,1.65,17,-0.3523456652810812,0.0018220809266966123,30
model_4,0.45,-0.4,1.65,18,-0.3569492817005936,0.0013638568508050712,30
model_4,0.45,-0.4,1.65,19,-0.3609315639125591,0.001020840919112366,30
model_4,0.45,-0.4,1.65,20,-0.36437644569529276,0.0007640788576107174,30
model_4,0.45,-0.4,2.0,0,0.016666666666666666,0.24138888888888888,30
model_4,0.45,-0.4,2.0,1,-0.030467649344046794,0.17525340980201054,30
model_4,0.45,-0.4,2.0,2,-0.07090688402583563,0.12711313187610532,30
model_4,0.45,-0.4,2.0,3,-0.10535882926403073,0.09212102004156901,30
model_4,0.45,-0.4,2.0,4,-0.1346365730443633,0.06671842521367505,30
model_4,0.45,-0.4,2.0,5,-0.1594988427958182,0.04829636805712328,30
model_4,0.45,-0.4,2.0,6,-0.18060988232909608,0.03494741856212404,30
model_4,0.45,-0.4,2.0,7,-0.1985381990870301,0.025280580096413197,30
model_4,0.45,-0.4,2.0,8,-0.21376652316675468,0.018283558444786477,30
model_4,0.45,-0.4,2.0,9,-0.22670379361675577,0.01322085577014763,30
model_4,0.45,-0.4,2.0,10,-0.23769635028859928,0.009558757999070432,30
model_4,0.45,-0.4,2.0,11,-0.24703764642453402,0.006910350583554939,30
model_4,0.45,-0.4,2.0,12,-0.25497647493168396,0.004995348742414852,30
model_4,0.45,-0.4,2.0,13,-0.2617238859619994,0.0036108261245119317,30
model_4,0.45,-0.4,2.0,14,-0.2674589990260302,0.0026099271387117116,30
model_4,0.45,-0.4,2.0,15,-0.2723338926974658,0.001886408756637503,30
model_4,0.45,-0.4,2.0,16,-0.2764777258909155,0.0013634283060488118,30
model_4,0.45,-0.4,2.0,17,-0.28000021763351324,0.0009854180744695656,30
model_4,0.45,-0.4,2.0,18,-0.2829945896236951,0.0007122007972299609,30
model_4,0.45,-0.4,2.0,19,-0.2855400575478817,0.0005147301622702411,30
model_4,0.45,-0.4,2.0,20,-0.28770394237514785,0.0003720087559022627,30
model_4,0.45,-0.2,0.6,0,0.016666666666666666,0.24138888888888888,30
model_4,0.45,-0.2,0.6,1,-0.028703547023693578,0.22837971599898074,30
model_4,0.45,-0.2,0.6,2,-0.0754408444918661,0.21498311164695313,30
model_4,0.45,-0.2,0.6,3,-0.11798833388933297,0.20197511242961197,30
model_4,0.45,-0.2,0.6,4,-0.15602159406381355,0.18951355543975776,30
model_4,0.45,-0.2,0.6,5,-0.19008240432524148,0.17760794407639507,30
model_4,0.45,-0.2,0.6,6,-0.22076714010775264,0.1662547772380273,30
model_4,0.45,-0.2,0.6,7,-0.24859268526405473,0.15545363309535182,30
model_4,0.45,-0.2,0.6,8,-0.27398796543189785,0.14520463541784115,30
model_4,0.45,-0.2,0.6,9,-0.29730610277568437,0.13550546876557193,30
model_4,0.45,-0.2,0.6,10,-0.3188378111665102,0.12634995548625333,30
model_4,0.45,-0.2,0.6,11,-0.3388228908816468,0.11772778412107752,30
model_4,0.45,-0.2,0.6,12,-0.3574596564186912,0.10962486902648516,30
model_4,0.45,-0.2,0.6,13,-0.37491260186819325,0.10202399469833155,30
model_4,0.45,-0.2,0.6,14,-0.3913186265322286,0.09490554371296288,30
model_4,0.45,-0.2,0.6,15,-0.40679209305829683,0.08824820049023155,30
model_4,0.45,-0.2,0.6,16,-0.42142893915872315,0.08202957884078989,30
model_4,0.45,-0.2,0.6,17,-0.4353100215198941,0.07622675335911497,30
model_4,0.45,-0.2,0.6,18,-0.44850383635891056,0.0708166924409202,30
model_4,0.45,-0.2,0.6,19,-0.461068733657708,0.06577659982998045,30
model_4,0.45,-0.2,0.6,20,-0.4730547199980469,0.06108417569130152,30
model_4,0.45,-0.2,0.95,0,0.016666666666666666,0.24138888888888888,30
model_4,0.45,-0.2,0.95,1,-0.021101537161007253,0.20926719099181007,30
model_4,0.45,-0.2,0.95,2,-0.057313426321977584,0.1810531128627044,30
model_4,0.45,-0.2,0.95,3,-0.09033791719659238,0.15640552095356317,30
model_4,0.45,-0.2,0.95,4,-0.12018286064521894,0.13495122895247388,30
model_4,0.45,-0.2,0.95,5,-0.14717749810472064,0.11632294093326864,30
model_4,0.45,-0.2,0.95,6,-0.17166857032812952,0.10018088467701126,30
model_4,0.45,-0.2,0.95,7,-0.19395974378767103,0.08621707826715556,30
model_4,0.45,-0.2,0.95,8,-0.21430714827440067,0.07415512125811084,30
model_4,0.45,-0.2,0.95,9,-0.23292613683564561,0.0637487743423026,30
model_4,0.45,-0.2,0.95,10,-0.24999893392489272,0.05478003630370889,30
model_4,0.45,-0.2,0.95,11,-0.26568111007693856,0.047056943033909164,30
model_4,0.45,-0.2,0.95,12,-0.2801067203394735,0.04041123051252051,30
model_4,0.45,-0.2,0.95,13,-0.2933923201530548,0.034695974914471364,30
model_4,0.45,-0.2,0.95,14,-0.3056401008259088,0.029783295892401907,30
model_4,0.45,-0.2,0.95,15,-0.3169403468974468,0.025562182354651596,30
model_4,0.45,-0.2,0.95,16,-0.3273733730838514,0.021936477007172047,30
model_4,0.45,-0.2,0.95,17,-0.3370110614455791,0.018823037953097737,30
model_4,0.45,-0.2,0.95,18,-0.34591809065034157,0.016150082625533392,30
model_4,0.45,-0.2,0.95,19,-0.35415292727741376,0.013855710483202313,30
model_4,0.45,-0.2,0.95,20,-0.36176863246984353,0.011886595289491231,30
model_4,0.45,-0.2,1.2999999999999998,0,0.016666666666666666,0.24138888888888888,30
model_4,0.45,-0.2,1.2999999999999998,1,-0.015771981141041263,0.19449296179774234,30
model_4,0.45,-0.2,1.2999999999999998,2,-0.045368404852564506,0.15656503420442353,30
model_4,0.45,-0.2,1.2999999999999998,3,-0.07176972944618795,0.12593622603654975,30
model_4,0.45,-0.2,1.2999999999999998,4,-0.09519707575173184,0.10123626049753601,30
model_4,0.45,-0.2,1.2999999999999998,5,-0.11598230681903342,0.08133973516319608,30
model_4,0.45,-0.2,1.2999999999999998,6,-0.13444578987880207,0.06532699481116713,30
model_4,0.45,-0.2,1.2999999999999998,7,-0.15087004411687835,0.05244937485166408,30
model_4,0.45,-0.2,1.2999999999999998,8,-0.16549893585130215,0.042099195968341975,30
model_4,0.45,-0.2,1.2999999999999998,9,-0.17854262680463628,0.033784382241450764,30
model_4,0.45,-0.2,1.2999999999999998,10,-0.19018298124710378,0.027107239819602585,30
model_4,0.45,-0.2,1.2999999999999998,11,-0.2005782183997593,0.021746860307369872,30
model_4,0.45,-0.2,1.2999999999999998,12,-0.20986668915283663,0.01744462526430638,30
model_4,0.45,-0.2,1.2999999999999998,13,-0.21816990830869007,0.013992329100503943,30
model_4,0.45,-0.2,1.2999999999999998,14,-0.22559500068779004,0.011222489722225976,30
model_4,0.45,-0.2,1.2999999999999998,15,-0.23223669455554644,0.009000471711651645,30
model_4,0.45,-0.2,1.2999999999999998,16,-0.23817896521614967,0.007218101022737494,30
model_4,0.45,-0.2,1.2999999999999998,17,-0.24349640596240402,0.0057885004129462625,30
model_4,0.45,-0.2,1.2999999999999998,18,-0.2482553840453791,0.00464191971403532,30
model_4,0.45,-0.2,1.2999999999999998,19,-0.2525150249227131,0.0037223741002517783,30
model_4,0.45,-0.2,1.2999999999999998,20,-0.25632805750934046,0.002984936844947547,30
model_4,0.45,-0.2,1.65,0,0.016666666666666666,0.24138888888888888,30
model_4,0.45,-0.2,1.65,1,-0.011553528774496091,0.18392845116018777,30
model_4,0.45,-0.2,1.65,2,-0.0364355657625103,0.14008271594181604,30
model_4,0.45,-0.2,1.65,3,-0.05812153137415666,0.10664762518830213,30
model_4,0.45,-0.2,1.65,4,-0.07696017726116161,0.0811673950363496,30
model_4,0.45,-0.2,1.65,5,-0.09331821840416224,0.061759537789921326,30
model_4,0.45,-0.2,1.65,6,-0.10752868715657961,0.04698308265307928,30
model_4,0.45,-0.2,1.65,7,-0.11988150755769203,0.035736537853813664,30
model_4,0.45,-0.2,1.65,8,-0.13062610469217148,0.02717888077584935,30
model_4,0.45,-0.2,1.65,9,-0.13997669366808005,0.020668563698561373,30
model_4,0.45,-0.2,1.65,10,-0.14811752924112345,0.01571656651741448,30
model_4,0.45,-0.2,1.65,11,-0.15520746011081685,0.011950352896012935,30
model_4,0.45,-0.2,1.65,12,-0.16138373716670243,0.009086255270033382,30
model_4,0.45,-0.2,1.65,13,-0.16676517642242844,0.006908353217830489,30
model_4,0.45,-0.2,1.65,14,-0.17145479508819653,0.005252339972179936,30
model_4,0.45,-0.2,1.65,15,-0.17554202288866422,0.0039932120518004054,30
model_4,0.45,-0.2,1.65,16,-0.17910456977913145,0.00303588380825022,30
model_4,0.45,-0.2,1.65,17,-0.18221001320783148,0.0023080365396403665,30
model_4,0.45,-0.2,1.65,18,-0.1849171541063898,0.0017546728733276212,30
model_4,0.45,-0.2,1.65,19,-0.187277180286498,0.0013339713737155385,30
model_4,0.45,-0.2,1.65,20,-0.18933466805377264,0.0010141318768255103,30
model_4,0.45,-0.2,2.0,0,0.016666666666666666,0.24138888888888888,30
model_4,0.45,-0.2,2.0,1,-0.008254062417499677,0.17629760686029627,30
model_4,0.45,-0.2,2.0,2,-0.02969409407147677,0.128727078931253,30
model_4,0.45,-0.2,2.0,3,-0.04801760807317658,0.093972993298137,30
model_4,0.45,-0.2,2.0,4,-0.0636439583606915,0.06859049348154994,30
model_4,0.45,-0.2,2.0,5,-0.07696404225714235,0.05005740046615198,30
model_4,0.45,-0.2,2.0,6,-0.08831977396616782,0.03652825951585504,30
model_4,0.45,-0.2,2.0,7,-0.09800377509888661,0.02665361500454258,30
model_4,0.45,-0.2,2.0,8,-0.1062647335024292,0.019447223271688917,30
model_4,0.45,-0.2,2.0,9,-0.11331367898249965,0.014188598616951794,30
model_4,0.45,-0.2,2.0,10,-0.11932976084183639,0.010351576486019596,30
model_4,0.45,-0.2,2.0,11,-0.12446521287963302,0.007552002840147904,30
model_4,0.45,-0.2,2.0,12,-0.12884952932745444,0.005509461735919696,30
model_4,0.45,-0.2,2.0,13,-0.13259295995675843,0.004019292812568802,30
model_4,0.45,-0.2,2.0,14,-0.13578943845576055,0.002932142994370712,30
model_4,0.45,-0.2,2.0,15,-0.1385190430878759,0.002139029961020597,30
model_4,0.45,-0.2,2.0,16,-0.14085007082730677,0.0015604351376486169,30
model_4,0.45,-0.2,2.0,17,-0.14284079059621543,0.0011383410502010347,30
model_4,0.45,-0.2,2.0,18,-0.1445409286981224,0.0008304192752578797,30
model_4,0.45,-0.2,2.0,19,-0.14599292969021246,0.0006057887319703727,30
model_4,0.45,-0.2,2.0,20,-0.14723302819674944,0.0004419203581477713,30
model_4,0.45,0.0,0.6,0,0.016666666666666666,0.24138888888888888,30
model_4,0.45,0.0,0.6,1,0.01627145105685361,0.23007654384166115,30
model_4,0.45,0.0,0.6,2,0.015885607169734983,0.21929433566633583,30
model_4,0.45,0.0,0.6,3,0.015508912774244746,0.2090174202566044,30
model_4,0.45,0.0,0.6,4,0.015141150909068129,0.1992221177896691,30
model_4,0.45,0.0,0.6,5,0.014782109757680234,0.18988585816376086,30
model_4,0.45,0.0,0.6,6,0.014431582526347936,0.18098712899265082,30
model_4,0.45,0.0,0.6,7,0.014089367325024875,0.17250542603732386,30
model_4,0.45,0.0,0.6,8,0.01375526705107048,0.16442120596060167,30
model_4,0.45,0.0,0.6,9,0.013429089275726657,0.15671584129585198,30
model_4,0.45,0.0,0.6,10,0.013110646133286262,0.14937157752602587,30
model_4,0.45,0.0,0.6,11,0.012799754212889662,0.1423714921741234,30
model_4,0.45,0.0,0.6,12,0.012496234452887433,0.13569945581082707,30
model_4,0.45,0.0,0.6,13,0.01219991203770754,0.12934009488945633,30
model_4,0.45,0.0,0.6,14,0.01191061629716865,0.12327875632260875,30
model_4,0.45,0.0,0.6,15,0.011628180608180539,0.11750147371886648,30
model_4,0.45,0.0,0.6,16,0.011352442298775831,0.1119949352017709,30
model_4,0.45,0.0,0.6,17,0.011083242554417153,0.10674645273691516,30
model_4,0.45,0.0,0.6,18,0.010820426326526156,0.10174393289647875,30
model_4,0.45,0.0,0.6,19,0.010563842243181687,0.09697584899384007,30
model_4,0.45,0.0,0.6,20,0.010313342521935217,0.09243121452406079,30
model_4,0.45,0.0,0.95,0,0.016666666666666666,0.24138888888888888,30
model_4,0.45,0.0,0.95,1,0.015577455662509438,0.21086904155326178,30
model_4,0.45,0.0,0.95,2,0.014559427495046844,0.1842079512866841,30
model_4,0.45,0.0,0.95,3,0.01360793017653678,0.1609177386461759,30
model_4,0.45,0.0,0.95,4,0.012718615739011556,0.1405722089091537,30
model_4,0.45,0.0,0.95,5,0.011887420365776813,0.1227990530058841,30
model_4,0.45,0.0,0.95,6,0.011110545821369982,0.10727303452197505,30
model_4,0.45,0.0,0.95,7,0.010384442095120232,0.09371003809778115,30
model_4,0.45,0.0,0.95,8,0.009705791178997912,0.08186187031456335,30
model_4,0.45,0.0,0.95,9,0.00907149190562491,0.07151171792722874,30
model_4,0.45,0.0,0.95,10,0.008478645777161103,0.062470180332463716,30
model_4,0.45,0.0,0.95,11,0.007924543720310994,0.0545718036691804,30
model_4,0.45,0.0,0.95,12,0.007406653706925711,0.0476720531277218,30
model_4,0.45,0.0,0.95,13,0.0069226091836318,0.041644668063185196,30
model_4,0.45,0.0,0.95,14,0.006470198257614294,0.036379351513274275,30
model_4,0.45,0.0,0.95,15,0.006047353589137948,0.03177975184046036,30
model_4,0.45,0.0,0.95,16,0.005652142944618822,0.027761699563905846,30
model_4,0.45,0.0,0.95,17,0.005282760367077892,0.024251667116397643,30
model_4,0.45,0.0,0.95,18,0.004937517923629089,0.021185423340912193,30
model_4,0.45,0.0,0.95,19,0.004614837992290663,0.018506858105033046,30
model_4,0.45,0.0,0.95,20,0.004313246052874301,0.016166955524480924,30
model_4,0.45,0.0,1.2999999999999998,0,0.016666666666666666,0.24138888888888888,30
model_4,0.45,0.0,1.2999999999999998,1,0.014997760237033992,0.1954666137388478,30
model_4,0.45,0.0,1.2999999999999998,2,0.013495968727653481,0.15828067837918863,30
model_4,0.45,0.0,1.2999999999999998,3,0.012144558188631313,0.12816906513583842,30
model_4,0.45,0.0,1.2999999999999998,4,0.01092847031386803,0.10378594169555137,30
model_4,0.45,0.0,1.2999999999999998,5,0.009834154651496178,0.0840415094095937,30
model_4,0.45,0.0,1.2999999999999998,6,0.00884941761582312,0.06805329496900031,30
model_4,0.45,0.0,1.2999999999999998,7,0.007963286618370024,0.05510670844292433,30
model_4,0.45,0.0,1.2999999999999998,8,0.007165887804065696,0.04462310482977746,30
model_4,0.45,0.0,1.2999999999999998,9,0.006448336030251788,0.036133921638808755,30
model_4,0.45,0.0,1.2999999999999998,10,0.005802635862572642,0.029259736586690652,30
model_4,0.45,0.0,1.2999999999999998,11,0.00522159248458077,0.023693309397201313,30
model_4,0.45,0.0,1.2999999999999998,12,0.00469873152835446,0.01918584976075482,30
model_4,0.45,0.0,1.2999999999999998,13,0.004228226932827149,0.015535897703076298,30
model_4,0.45,0.0,1.2999999999999998,14,0.003804836025978653,0.012580319373404467,30
model_4,0.45,0.0,1.2999999999999998,15,0.003423841107531423,0.01018701581084159,30
model_4,0.45,0.0,1.2999999999999998,16,0.0030809968812274425,0.008249018808673778,30
model_4,0.45,0.0,1.2999999999999998,17,0.0027724831509419188,0.0066797099925411975,30
model_4,0.45,0.0,1.2999999999999998,18,0.0024948622535426153,0.005408949430147825,30
model_4,0.45,0.0,1.2999999999999998,19,0.002245040754183501,0.0043799407415240485,30
model_4,0.45,0.0,1.2999999999999998,20,0.0020202349772168566,0.0035466925965950313,30
model_4,0.45,0.0,1.65,0,0.016666666666666666,0.24138888888888888,30
model_4,0.45,0.0,1.65,1,0.014571273922461143,0.18450783861563128,30
model_4,0.45,0.0,1.65,2,0.012739321423403763,0.14103027967572224,30
model_4,0.45,0.0,1.65,3,0.01113768852280163,0.10779780379329323,30
model_4,0.45,0.0,1.65,4,0.009737418619727671,0.0823962522755866,30
model_4,0.45,0.0,1.65,5,0.00851319564034353,0.06298034050935375,30
model_4,0.45,0.0,1.65,6,0.007442886337856858,0.048139608066244476,30
model_4,0.45,0.0,1.65,7,0.006507140136159347,0.03679595642115416,30
model_4,0.45,0.0,1.65,8,0.005689039282549139,0.02812533095583844,30
model_4,0.45,0.0,1.65,9,0.004973792984499922,0.021497857871162037,30
model_4,0.45,0.0,1.65,10,0.0043484700006458125,0.016432087280123037,30
model_4,0.45,0.0,1.65,11,0.0038017648513808946,0.01256001849113472,30
model_4,0.45,0.0,1.65,12,0.0033237934222953357,0.009600366758547604,30
model_4,0.45,0.0,1.65,13,0.0029059142650764013,0.007338129475181933,30
model_4,0.45,0.0,1.65,14,0.0025405723650969423,0.005608967401853753,30
model_4,0.45,0.0,1.65,15,0.0022211625510997605,0.0042872663151365354,30
model_4,0.45,0.0,1.65,16,0.0019419100775032332,0.0032770118169753717,30
model_4,0.45,0.0,1.65,17,0.0016977662203252392,0.002504814410684499,30
model_4,0.45,0.0,1.65,18,0.001484316999159647,0.0019145781530210107,30
model_4,0.45,0.0,1.65,19,0.0012977033749512433,0.0014634255888936831,30
model_4,0.45,0.0,1.65,20,0.001134551480791024,0.0011185829373690352,30
model_4,0.45,0.0,2.0,0,0.016666666666666666,0.24138888888888888,30
model_4,0.45,0.0,2.0,1,0.014257912521875003,0.17665733237937212,30
model_4,0.45,0.0,2.0,2,0.012197284168886427,0.12928438101291764,30
model_4,0.45,0.0,2.0,3,0.010434468641066029,0.09461510002878869,30
model_4,0.45,0.0,2.0,4,0.008926424465794046,0.06924283570312513,30
model_4,0.45,0.0,2.0,5,0.007636330749984969,0.05067447262383202,30
model_4,0.45,0.0,2.0,6,0.0065326881492833895,0.03708545656208017,30
model_4,0.45,0.0,2.0,7,0.005588549769910316,0.027140511133235196,30
model_4,0.45,0.0,2.0,8,0.004780863224611543,0.01986243160685377,30
model_4,0.45,0.0,2.0,9,0.004089907778133621,0.014536063355632043,30
model_4,0.45,0.0,2.0,10,0.0034988128393899165,0.010638029726734872,30
model_4,0.45,0.0,2.0,11,0.0029931460436660525,0.007785304294442804,30
model_4,0.45,0.0,2.0,12,0.0025605608673472057,0.005697574129234257,30
model_4,0.45,0.0,2.0,13,0.002190495171214367,0.00416969584365396,30
model_4,0.45,0.0,2.0,14,0.0018739133118458272,0.003051537906172325,30
model_4,0.45,0.0,2.0,15,0.0016030855244324959,0.0022332284996227575,30
model_4,0.45,0.0,2.0,16,0.0013713991903465425,0.0016343593574372818,30
model_4,0.45,0.0,2.0,17,0.0011731973813118633,0.0011960847310044714,30
model_4,0.45,0.0,2.0,18,0.0010036407380182436,0.0008753391212476589,30
model_4,0.45,0.0,2.0,19,0.0008585893107632234,0.0006406056003600626,30
model_4,0.45,0.0,2.0,20,0.0007345014771047254,0.00046881891286630715,30
model_4,0.45,0.20000000000000007,0.6,0,0.016666666666666666,0.24138888888888888,30
model_4,0.45,0.20000000000000007,0.6,1,0.061092512824908816,0.22858865518250465,30
model_4,0.45,0.20000000000000007,0.6,2,0.10673935945615562,0.2152205739158565,30
model_4,0.45,0.20000000000000007,0.6,3,0.1481960689138889,0.20220713452279762,30
model_4,0.45,0.20000000000000007,0.6,4,0.185164627295872,0.1897338526822467,30
model_4,0.45,0.20000000000000007,0.6,5,0.21819131025277297,0.17781552251929197,30
model_4,0.45,0.20000000000000007,0.6,6,0.24787314397184068,0.16644973343638594,30
model_4,0.45,0.20000000000000007,0.6,7,0.27472699473591844,0.15563634490581446,30
model_4,0.45,0.20000000000000007,0.6,8,0.2991815942442737,0.14537558708376833,30
model_4,0.45,0.20000000000000007,0.6,9,0.3215897508359322,0.13566519840835708,30
model_4,0.45,0.20000000000000007,0.6,10,0.34224175241679117,0.12649902963453827,30
model_4,0.45,0.20000000000000007,0.6,11,0.36137687326490625,0.11786678095871261,30
model_4,0.45,0.20000000000000007,0.6,12,0.3791928189369847,0.1097543662915816,30
model_4,0.45,0.20000000000000007,0.6,13,0.39585340973343736,0.1021445608664986,30
model_4,0.45,0.20000000000000007,0.6,14,0.4114948230565293,0.09501773168995511,30
model_4,0.45,0.20000000000000007,0.6,15,0.42623066602190557,0.08835254324307987,30
model_4,0.45,0.20000000000000007,0.6,16,0.4401560992432174,0.08212658651877469,30
model_4,0.45,0.20000000000000007,0.6,17,0.45335119057278683,0.07631691154996662,30
model_4,0.45,0.20000000000000007,0.6,18,0.46588364354793094,0.07090046128342105,30
model_4,0.45,0.20000000000000007,0.6,19,0.47781101788073427,0.06585441376506687,30
model_4,0.45,0.20000000000000007,0.6,20,0.4891825371981868,0.06115644368230057,30
model_4,0.45,0.20000000000000007,0.95,0,0.016666666666666666,0.24138888888888888,30
model_4,0.45,0.20000000000000007,0.95,1,0.05213314569029683,0.20935323437817668,30
model_4,0.45,0.20000000000000007,0.95,2,0.0861543092975635,0.18114825071617285,30
model_4,0.45,0.20000000000000007,0.95,3,0.11712165854161943,0.15649319375897683,30
model_4,0.45,0.20000000000000007,0.95,4,0.14504325531687243,0.13502866708889735,30
model_4,0.45,0.20000000000000007,0.95,5,0.17024331035481996,0.11639047571305929,30
model_4,0.45,0.20000000000000007,0.95,6,0.19306224653700135,0.10023948994556482,30
model_4,0.45,0.20000000000000007,0.95,7,0.21379707258625175,0.08626779885210432,30
model_4,0.45,0.20000000000000007,0.95,8,0.23269720245207515,0.07419893840484414,30
model_4,0.45,0.20000000000000007,0.95,9,0.24997134660093032,0.06378657550926888,30
model_4,0.45,0.20000000000000007,0.95,10,0.26579524658081705,0.054812611782709325,30
model_4,0.45,0.20000000000000007,0.95,11,0.28031821160694803,0.04708499044502151,30
model_4,0.45,0.20000000000000007,0.95,12,0.2936682997348179,0.040435361963648955,30
model_4,0.45,0.20000000000000007,0.95,13,0.3059563607693522,0.03471672504604426,30
model_4,0.45,0.20000000000000007,0.95,14,0.3172791863381458,0.029801130025545672,30
model_4,0.45,0.20000000000000007,0.95,15,0.32772197240433587,0.025577504338958598,30
model_4,0.45,0.20000000000000007,0.95,16,0.33736025442221124,0.021949636552266845,30
model_4,0.45,0.20000000000000007,0.95,17,0.3462614377805352,0.018834337338557338,30
model_4,0.45,0.20000000000000007,0.95,18,0.3544860169572174,0.01615978275227093,30
model_4,0.45,0.20000000000000007,0.95,19,0.3620885545037449,0.0138640362719106,30
model_4,0.45,0.20000000000000007,0.95,20,0.36911847403889403,0.011893740457096166,30
model_4,0.45,0.20000000000000007,1.2999999999999998,0,0.016666666666666666,0.24138888888888888,30
model_4,0.45,0.20000000000000007,1.2999999999999998,1,0.045692303353991166,0.19453337489247405,30
model_4,0.45,0.20000000000000007,1.2999999999999998,2,0.07220799408611255,0.1566085654627829,30
model_4,0.45,0.20000000000000007,1.2999999999999998,3,0.09583633258273665,0.12597439542417785,30
model_4,0.45,0.20000000000000007,1.2999999999999998,4,0.11677103777708794,0.10126794644007335,30
model_4,0.45,0.20000000000000007,1.2999999999999998,5,0.13531750305831655,0.0813655692291402,30
model_4,0.45,0.20000000000000007,1.2999999999999998,6,0.15177147841868993,0.06534791332074766,30
model_4,0.45,0.20000000000000007,1.2999999999999998,7,0.16639288171218755,0.0524662600009341,30
model_4,0.45,0.20000000000000007,1.2999999999999998,8,0.17940495515418897,0.04211280165828779,30
model_4,0.45,0.20000000000000007,1.2999999999999998,9,0.19099911524011778,0.03379533290068947,30
model_4,0.45,0.20000000000000007,1.2999999999999998,10,0.20134024031021744,0.02711604628909993,30
model_4,0.45,0.20000000000000007,1.2999999999999998,11,0.21057119512554076,0.021753937997333557,30
model_4,0.45,0.20000000000000007,1.2999999999999998,12,0.21881647791575148,0.01745031078256325,30
model_4,0.45,0.20000000000000007,1.2999999999999998,13,0.2261851251976078,0.013996894543032249,30
model_4,0.45,0.20000000000000007,1.2999999999999998,14,0.23277303545031833,0.011226154647219613,30
model_4,0.45,0.20000000000000007,1.2999999999999998,15,0.23866484685409328,0.00900341304422988,30
model_4,0.45,0.20000000000000007,1.2999999999999998,16,0.243935472925526,0.007220461183564105,30
model_4,0.45,0.20000000000000007,1.2999999999999998,17,0.24865137366952708,0.005790393953098929,30
model_4,0.45,0.20000000000000007,1.2999999999999998,18,0.2528716199543359,0.004643438709073841,30
model_4,0.45,0.20000000000000007,1.2999999999999998,19,0.2566487941536391,0.003723592522302092,30
model_4,0.45,0.20000000000000007,1.2999999999999998,20,0.2600297594034898,0.0029859140981958773,30
model_4,0.45,0.20000000000000007,1.65,0,0.016666666666666666,0.24138888888888888,30
model_4,0.45,0.20000000000000007,1.65,1,0.04065053444936057,0.1839498954304282,30
model_4,0.45,0.20000000000000007,1.65,2,0.061827229818240556,0.14010534107754363,30
model_4,0.45,0.20000000000000007,1.65,3,0.08027530164295438,0.10666675313844211,30
model_4,0.45,0.20000000000000007,1.65,4,0.09628608103991362,0.08118256063200642,30
model_4,0.45,0.20000000000000007,1.65,5,0.11017529975957484,0.06177128900956035,30
model_4,0.45,0.20000000000000007,1.65,6,0.12223102248641073,0.046992105471115625,30
model_4,0.45,0.20000000000000007,1.65,7,0.1327036368455798,0.03574343795576491,30
model_4,0.45,0.20000000000000007,1.65,8,0.14180787444637372,0.027184147007188204,30
model_4,0.45,0.20000000000000007,1.65,9,0.149727549592551,0.020672578375965183,30
model_4,0.45,0.20000000000000007,1.65,10,0.15662030688021175,0.01571962486018206,30
model_4,0.45,0.20000000000000007,1.65,11,0.16262172288230095,0.011952681539241512,30
model_4,0.45,0.20000000000000007,1.65,12,0.1678487094393715,0.009088027663480311,30
model_4,0.45,0.20000000000000007,1.65,13,0.17240231634338812,0.0069097018624903386,30
model_4,0.45,0.20000000000000007,1.65,14,0.17637004836170989,0.005253365963631003,30
model_4,0.45,0.20000000000000007,1.65,15,0.17982779498859813,0.003993992456719878,30
model_4,0.45,0.20000000000000007,1.65,16,0.18284145035577695,0.0030364773378773998,30
model_4,0.45,0.20000000000000007,1.65,17,0.1854682828668536,0.0023084878998469037,30
model_4,0.45,0.20000000000000007,1.65,18,0.18775810037782042,0.0017550160929108531,30
model_4,0.45,0.20000000000000007,1.65,19,0.18975424650986084,0.001334232347013846,30
model_4,0.45,0.20000000000000007,1.65,20,0.19149445609875107,0.0010143303039059435,30
model_4,0.45,0.20000000000000007,2.0,0,0.016666666666666666,0.24138888888888888,30
model_4,0.45,0.20000000000000007,2.0,1,0.036741128065527054,0.17631013807918797,30
model_4,0.45,0.20000000000000007,2.0,2,0.054035827756307254,0.12874009019903127,30
model_4,0.45,0.20000000000000007,2.0,3,0.06881499510119281,0.09398370437421935,30
model_4,0.45,0.20000000000000007,2.0,4,0.08141165604564511,0.06859870459776729,30
model_4,0.45,0.20000000000000007,2.0,5,0.09214247433032924,0.05006352694186858,30
model_4,0.45,0.20000000000000007,2.0,6,0.10128566185847944,0.036532779195867976,30
model_4,0.45,0.20000000000000007,2.0,7,0.10907924068240876,0.026656932456010946,30
model_4,0.45,0.20000000000000007,2.0,8,0.11572513979430495,0.01944965233538991,30
model_4,0.45,0.20000000000000007,2.0,9,0.12139436974662522,0.014190374902703444,30
model_4,0.45,0.20000000000000007,2.0,10,0.1262318451837112,0.010352874448291034,30
model_4,0.45,0.20000000000000007,2.0,11,0.13036052457749875,0.00755295083558996,30
model_4,0.45,0.20000000000000007,2.0,12,0.13388487491667042,0.005510153904488437,30
model_4,0.45,0.20000000000000007,2.0,13,0.13689375509555962,0.004019798077798069,30
model_4,0.45,0.20000000000000007,2.0,14,0.13946281902168645,0.002932511764256095,30
model_4,0.45,0.20000000000000007,2.0,15,0.14165652580347396,0.002139299076356143,30
model_4,0.45,0.20000000000000007,2.0,16,0.14352982793729982,0.0015606315106195508,30
model_4,0.45,0.20000000000000007,2.0,17,0.1451295941229839,0.0011384843333240387,30
model_4,0.45,0.20000000000000007,2.0,18,0.14649581197466532,0.0008305238160395724,30
model_4,0.45,0.20000000000000007,2.0,19,0.1476626070888528,0.0006058650029491488,30
model_4,0.45,0.20000000000000007,2.0,20,0.14865910811793467,0.00044197600234953345,30
model_4,0.45,0.4,0.6,0,0.016666666666666666,0.24138888888888888,30
model_4,0.45,0.4,0.6,1,0.10157718393558,0.22293047150227857,30
model_4,0.45,0.4,0.6,2,0.18681304045595223,0.20208605507967708,30
model_4,0.45,0.4,0.6,3,0.2633926638756468,0.18149892018820737,30
model_4,0.45,0.4,0.6,4,0.33076276253950965,0.16197910761726914,30
model_4,0.45,0.4,0.6,5,0.38996616326028816,0.1437666862136007,30
model_4,0.45,0.4,0.6,6,0.4421788539630729,0.1269664788205354,30
model_4,0.45,0.4,0.6,7,0.4884319316148734,0.11162535072731443,30
model_4,0.45,0.4,0.6,8,0.5295862206301264,0.09774487019753748,30
model_4,0.45,0.4,0.6,9,0.5663545994063099,0.08528840146420666,30
model_4,0.45,0.4,0.6,10,0.5993286623512754,0.0741897174423879,30
model_4,0.45,0.4,0.6,11,0.6290016687162555,0.06436204328038102,30
model_4,0.45,0.4,0.6,12,0.6557871114831002,0.05570622525728689,30
model_4,0.45,0.4,0.6,13,0.6800335658994191,0.0481174156435284,30
model_4,0.45,0.4,0.6,14,0.7020365629238625,0.04149016187668579,30
model_4,0.45,0.4,0.6,15,0.7220481078501068,0.03572204236914071,30
model_4,0.45,0.4,0.6,16,0.7402843332560043,0.030716090737502054,30
model_4,0.45,0.4,0.6,17,0.7569316695563677,0.026382267117138244,30
model_4,0.45,0.4,0.6,18,0.7721518345162165,0.02263821307649414,30
model_4,0.45,0.4,0.6,19,0.7860858796932736,0.019409489492344608,30
model_4,0.45,0.4,0.6,20,0.7988574823602108,0.016629456966836414,30
model_4,0.45,0.4,0.95,0,0.016666666666666666,0.24138888888888888,30
model_4,0.45,0.4,0.95,1,0.08729891284829411,0.20478538965313028,30
model_4,0.45,0.4,0.95,2,0.1540220119843576,0.17232125719884123,30
model_4,0.45,0.4,0.95,3,0.21411912025351906,0.14413385248809452,30
model_4,0.45,0.4,0.95,4,0.2676621011702783,0.11999533421643714,30
model_4,0.45,0.4,0.95,5,0.3153104307013692,0.09951725956489194,30
model_4,0.45,0.4,0.95,6,0.3577691070123486,0.08227043303939902,30
model_4,0.45,0.4,0.95,7,0.39567045087949326,0.0678309906336433,30
model_4,0.45,0.4,0.95,8,0.42956036066638187,0.05580121590501767,30
model_4,0.45,0.4,0.95,9,0.45990758569687457,0.04581971887565234,30
model_4,0.45,0.4,0.95,10,0.48711600759131535,0.03756562762413326,30
model_4,0.45,0.4,0.95,11,0.5115355262481751,0.030759006785765815,30
model_4,0.45,0.4,0.95,12,0.5334709612722898,0.025158945143418928,30
model_4,0.45,0.4,0.95,13,0.5531892111561997,0.020560329779561348,30
model_4,0.45,0.4,0.95,14,0.570925020978605,0.01679000902005382,30
model_4,0.45,0.4,0.95,15,0.5868856627771432,0.013702805124639334,30
model_4,0.45,0.4,0.95,16,0.6012547672411739,0.011177660388505206,30
model_4,0.45,0.4,0.95,17,0.6141954894433401,0.009114076070145763,30
model_4,0.45,0.4,0.95,18,0.6258531480562497,0.007428920318329529,30
model_4,0.45,0.4,0.95,19,0.6363574448218554,0.006053628029146715,30
model_4,0.45,0.4,0.95,20,0.6458243464549668,0.0049317833553083066,30
model_4,0.45,0.4,1.2999999999999998,0,0.016666666666666666,0.24138888888888888,30
model_4,0.45,0.4,1.2999999999999998,1,0.07556181814430282,0.1917763491820394,30
model_4,0.45,0.4,1.2999999999999998,2,0.12887602409894947,0.15178276543316,30
model_4,0.45,0.4,1.2999999999999998,3,0.17603138171251198,0.11976389660755908,30
model_4,0.45,0.4,1.2999999999999998,4,0.2174750406636793,0.09427294911741659,30
model_4,0.45,0.4,1.2999999999999998,5,0.25385918541461944,0.07406582016245679,30
model_4,0.45,0.4,1.2999999999999998,6,0.28581671856226193,0.05810099730085701,30
model_4,0.45,0.4,1.2999999999999998,7,0.31390974874041566,0.045521504843050405,30
model_4,0.45,0.4,1.2999999999999998,8,0.338625996780635,0.03563061781908796,30
model_4,0.45,0.4,1.2999999999999998,9,0.3603868465611859,0.027866951397643357,30
model_4,0.45,0.4,1.2999999999999998,10,0.3795569237705193,0.021781294896562983,30
model_4,0.45,0.4,1.2999999999999998,11,0.3964526830344341,0.017016143604377566,30
model_4,0.45,0.4,1.2999999999999998,12,0.41134960672504994,0.01328819056399597,30
model_4,0.45,0.4,1.2999999999999998,13,0.4244881527932561,0.010373683219289756,30
model_4,0.45,0.4,1.2999999999999998,14,0.4360786791012154,0.008096374674857527,30
model_4,0.45,0.4,1.2999999999999998,15,0.4463055498793265,0.0063177298939967865,30
model_4,0.45,0.4,1.2999999999999998,16,0.4553305886916275,0.004929037945887571,30
model_4,0.45,0.4,1.2999999999999998,17,0.46329600500465773,0.0038451040818149244,30
model_4,0.45,0.4,1.2999999999999998,18,0.47032689217614176,0.002999232660276897,30
model_4,0.45,0.4,1.2999999999999998,19,0.47653337262643514,0.00233925363449405,30
model_4,0.45,0.4,1.2999999999999998,20,0.4820124495059856,0.0018243859297317703,30
model_4,0.45,0.4,1.65,0,0.016666666666666666,0.24138888888888888,30
model_4,0.45,0.4,1.65,1,0.06619724338491416,0.1822980400702867,30
model_4,0.45,0.4,1.65,2,0.1096838062479671,0.13740732601813463,30
model_4,0.45,0.4,1.65,3,0.14738151188757317,0.10340899012788163,30
model_4,0.45,0.4,1.65,4,0.17993060986893195,0.07772739824044335,30
model_4,0.45,0.4,1.65,5,0.20800870565143903,0.058367908806861296,30
model_4,0.45,0.4,1.65,6,0.23223303287618863,0.04379755033820227,30
model_4,0.45,0.4,1.65,7,0.25314127096050415,0.03284527591923396,30
model_4,0.45,0.4,1.65,8,0.27119542842774574,0.024620652692779903,30
model_4,0.45,0.4,1.65,9,0.28679123762026226,0.018449033527347225,30
model_4,0.45,0.4,1.65,10,0.30026779321715863,0.013820675603049302,30
model_4,0.45,0.4,1.65,11,0.31191606881298106,0.01035125761457804,30
model_4,0.45,0.4,1.65,12,0.3219861294845066,0.007751501100076896,30
model_4,0.45,0.4,1.65,13,0.3306931771713642,0.005803946436255412,30
model_4,0.45,0.4,1.65,14,0.3382226207993108,0.004345285330837023,30
model_4,0.45,0.4,1.65,15,0.3447343457500084,0.003252970766777977,30
model_4,0.45,0.4,1.65,16,0.3503663260655945,0.0024350979989222624,30
model_4,0.45,0.4,1.65,17,0.35523769389494675,0.0018227744419956776,30
model_4,0.45,0.4,1.65,18,0.35945135740591927,0.0013643760788599679,30
model_4,0.45,0.4,1.65,19,0.363096240359745,0.001021229628931775,30
model_4,0.45,0.4,1.65,20,0.36624920268298533,0.0007643698395343329,30
model_4,0.45,0.4,2.0,0,0.016666666666666666,0.24138888888888888,30
model_4,0.45,0.4,2.0,1,0.058870101962750235,0.1752775516512689,30
model_4,0.45,0.4,2.0,2,0.09509388285307713,0.1271381308100334,30
model_4,0.45,0.4,2.0,3,0.12594751452449743,0.09214150468354541,30
model_4,0.45,0.4,2.0,4,0.15215684293800052,0.0667340335866522,30
model_4,0.45,0.4,2.0,5,0.1744044799002356,0.048307931240387895,30
model_4,0.45,0.4,2.0,6,0.1932887932072079,0.03495588267360641,30
model_4,0.45,0.4,2.0,7,0.20932154317646412,0.025286741545255308,30
model_4,0.45,0.4,2.0,8,0.22293673310047754,0.018288031320090808,30
model_4,0.45,0.4,2.0,9,0.23450156115724768,0.013224097963411176,30
model_4,0.45,0.4,2.0,10,0.24432667525926094,0.009561106025471352,30
model_4,0.45,0.4,2.0,11,0.25267505131591617,0.00691205006769756,30
model_4,0.45,0.4,2.0,12,0.2597694852580886,0.0049965783322794225,30
model_4,0.45,0.4,2.0,13,0.26579886994497376,0.003611715492630016,30
model_4,0.45,0.4,2.0,14,0.27092345182281663,0.002610570290810826,30
model_4,0.45,0.4,2.0,15,0.2752792413737774,0.0018868737851709212,30
model_4,0.45,0.4,2.0,16,0.2789817223846262,0.0013637645046262724,30
model_4,0.45,0.4,2.0,17,0.28212897848951213,0.0009856611127825026,30
model_4,0.45,0.4,2.0,18,0.2848043335190823,0.0007123764784553429,30
model_4,0.45,0.4,2.0,19,0.2870785846600912,0.000514857147898712,30
model_4,0.45,0.4,2.0,20,0.28901189348313855,0.000372100540030852,30
model_4,0.7,-0.4,0.6,0,0.016666666666666666,0.24138888888888888,30
model_4,0.7,-0.4,0.6,1,-0.05344646765013518,0.23936516823796808,30
model_4,0.7,-0.4,0.6,2,-0.12889975404197787,0.23365903781899278,30
model_4,0.7,-0.4,0.6,3,-0.1952845021878486,0.22793870244230477,30
model_4,0.7,-0.4,0.6,4,-0.2517259268658967,0.22264754966769246,30
model_4,0.7,-0.4,0.6,5,-0.2995481604831089,0.21756933308301224,30
model_4,0.7,-0.4,0.6,6,-0.3402127438942127,0.21250885422730578,30
model_4,0.7,-0.4,0.6,7,-0.3749839900364012,0.20736234782627655,30
model_4,0.7,-0.4,0.6,8,-0.40490792406946097,0.20209305187209398,30
model_4,0.7,-0.4,0.6,9,-0.43084193109045205,0.19670392100561684,30
model_4,0.7,-0.4,0.6,10,-0.4534875216827477,0.19121876082108977,30
model_4,0.7,-0.4,0.6,11,-0.4734185856215318,0.18567050646551495,30
model_4,0.7,-0.4,0.6,12,-0.491104699380166,0.180094326365188,30
model_4,0.7,-0.4,0.6,13,-0.5069301875069434,0.1745237964287017,30
model_4,0.7,-0.4,0.6,14,-0.5212096912721847,0.1689889728214073,30
model_4,0.7,-0.4,0.6,15,-0.5342008860826035,0.16351560727025286,30
model_4,0.7,-0.4,0.6,16,-0.5461148727432398,0.1581250249717492,30
model_4,0.7,-0.4,0.6,17,-0.5571246699003617,0.1528343648113234,30
model_4,0.7,-0.4,0.6,18,-0.567372155646596,0.14765699740095117,30
model_4,0.7,-0.4,0.6,19,-0.5769737420164,0.14260301048845894,30
model_4,0.7,-0.4,0.6,20,-0.5860250139414475,0.1376796981660312,30
model_4,0.7,-0.4,0.95,0,0.016666666666666666,0.24138888888888888,30
model_4,0.7,-0.4,0.95,1,-0.040523097801424754,0.2265901597604342,30
model_4,0.7,-0.4,0.95,2,-0.09904685310423661,0.2110268400736327,30
model_4,0.7,-0.4,0.95,3,-0.15223766963730292,0.19586055778686157,30
model_4,0.7,-0.4,0.95,4,-0.19968974135497744,0.18136815596108474,30
model_4,0.7,-0.4,0.95,5,-0.24207529121897153,0.1675963901493478,30
model_4,0.7,-0.4,0.95,6,-0.2801406638098373,0.15456163943456583,30
model_4,0.7,-0.4,0.95,7,-0.3145338274123438,0.14227616492339587,30
model_4,0.7,-0.4,0.95,8,-0.34579234797732805,0.13074634331446888,30
model_4,0.7,-0.4,0.95,9,-0.3743587077644918,0.11996998527641996,30
model_4,0.7,-0.4,0.95,10,-0.4005974319506933,0.1099357509628973,30
model_4,0.7,-0.4,0.95,11,-0.42480974427324386,0.10062401401068842,30
model_4,0.7,-0.4,0.95,12,-0.4472455083542673,0.09200839053339838,30
model_4,0.7,-0.4,0.95,13,-0.46811286718442713,0.0840574390703311,30
model_4,0.7,-0.4,0.95,14,-0.4875860184181376,0.0767362698311185,30
model_4,0.7,-0.4,0.95,15,-0.5058114912984678,0.07000794449947673,30
model_4,0.7,-0.4,0.95,16,-0.522913218947397,0.06383462836640488,30
model_4,0.7,-0.4,0.95,17,-0.5389966408536218,0.058178498995914076,30
model_4,0.7,-0.4,0.95,18,-0.5541520237094353,0.053002435883531145,30
model_4,0.7,-0.4,0.95,19,-0.5684571517260462,0.04827052332063293,30
model_4,0.7,-0.4,0.95,20,-0.5819795080386359,0.043948399673604685,30
model_4,0.7,-0.4,1.2999999999999998,0,0.016666666666666666,0.24138888888888888,30
model_4,0.7,-0.4,1.2999999999999998,1,-0.03406906281553591,0.2139843837365997,30
model_4,0.7,-0.4,1.2999999999999998,2,-0.08357414862497042,0.18885816239547545,30
model_4,0.7,-0.4,1.2999999999999998,3,-0.12879253835601337,0.1661830681949526,30
model_4,0.7,-0.4,1.2999999999999998,4,-0.1696153754469691,0.14589178392283936,30
model_4,0.7,-0.4,1.2999999999999998,5,-0.20649906311274105,0.12782653768117705,30
model_4,0.7,-0.4,1.2999999999999998,6,-0.2399400591068,0.11180825377752163,30
model_4,0.7,-0.4,1.2999999999999998,7,-0.2703733758764855,0.09765455477450821,30
model_4,0.7,-0.4,1.2999999999999998,8,-0.2981643079655893,0.085186280256931,30
model_4,0.7,-0.4,1.2999999999999998,9,-0.323618133927803,0.07423135890199134,30
model_4,0.7,-0.4,1.2999999999999998,10,-0.3469913027707557,0.06462749515336319,30
model_4,0.7,-0.4,1.2999999999999998,11,-0.3685009535219436,0.0562239041277338,30
model_4,0.7,-0.4,1.2999999999999998,12,-0.38833252080201647,0.048882230641467274,30
model_4,0.7,-0.4,1.2999999999999998,13,-0.4066457258223202,0.042476816711682026,30
model_4,0.7,-0.4,1.2999999999999998,14,-0.42357929020594143,0.03689448704475058,30
model_4,0.7,-0.4,1.2999999999999998,15,-0.4392546546213956,0.032034003356006535,30
model_4,0.7,-0.4,1.2999999999999998,16,-0.4537789237288987,0.027805310012789304,30
model_4,0.7,-0.4,1.2999999999999998,17,-0.46724720898349137,0.024128664532956652,30
model_4,0.7,-0.4,1.2999999999999998,18,-0.4797445018781004,0.020933721014276523,30
model_4,0.7,-0.4,1.2999999999999998,19,-0.4913471801829907,0.018158613892176236,30
model_4,0.7,-0.4,1.2999999999999998,20,-0.5021242266178926,0.015749073443967,30
model_4,0.7,-0.4,1.65,0,0.016666666666666666,0.24138888888888888,30
model_4,0.7,-0.4,1.65,1,-0.029052549012424926,0.2031858087101808,30
model_4,0.7,-0.4,1.65,2,-0.07201182544583372,0.1705904449651025,30
model_4,0.7,-0.4,1.65,3,-0.11086703819650866,0.14293266418102923,30
model_4,0.7,-0.4,1.65,4,-0.14573152676013745,0.11956461641548477,30
model_4,0.7,-0.4,1.65,5,-0.17701599641798887,0.09988334708625138,30
model_4,0.7,-0.4,1.65,6,-0.20514303069871034,0.0833493097946156,30
model_4,0.7,-0.4,1.65,7,-0.23048665441800145,0.06948844781653046,30
model_4,0.7,-0.4,1.65,8,-0.25336737449181296,0.05788886384938925,30
model_4,0.7,-0.4,1.65,9,-0.2740591091639085,0.04819567036882232,30
model_4,0.7,-0.4,1.65,10,-0.29279727029172936,0.04010518239331891,30
model_4,0.7,-0.4,1.65,11,-0.3097856946798704,0.033358986707410734,30
model_4,0.7,-0.4,1.65,12,-0.3252021917077303,0.027738204183560558,30
model_4,0.7,-0.4,1.65,13,-0.3392029172415196,0.023058137878910995,30
model_4,0.7,-0.4,1.65,14,-0.3519258280371256,0.019163411325553888,30
model_4,0.7,-0.4,1.65,15,-0.3634934305407726,0.01592363852835564,30
model_4,0.7,-0.4,1.65,16,-0.3740149896218828,0.013229624965621717,30
model_4,0.7,-0.4,1.65,17,-0.3835883223505184,0.010990072714366847,30
model_4,0.7,-0.4,1.65,18,-0.3923012708767358,0.009128748290905986,30
model_4,0.7,-0.4,1.65,19,-0.4002329251846625,0.007582065235823919,30
model_4,0.7,-0.4,1.65,20,-0.4074546491483102,0.006297032075218012,30
model_4,0.7,-0.4,2.0,0,0.016666666666666666,0.24138888888888888,30
model_4,0.7,-0.4,2.0,1,-0.02472461623265264,0.19437111311106414,30
model_4,0.7,-0.4,2.0,2,-0.06249137547763382,0.15626797928155842,30
model_4,0.7,-0.4,2.0,3,-0.09615659199702688,0.12547047443345138,30
model_4,0.7,-0.4,2.0,4,-0.12599684154237967,0.10063692574688397,30
model_4,0.7,-0.4,2.0,5,-0.15243682087498794,0.08065014757945083,30
model_4,0.7,-0.4,2.0,6,-0.17588880669739201,0.06458857777795525,30
model_4,0.7,-0.4,2.0,7,-0.19671745541493305,0.05169717753135432,30
model_4,0.7,-0.4,2.0,8,-0.21523815822193856,0.0413604892986537,30
model_4,0.7,-0.4,2.0,9,-0.23172307827951338,0.0330788586288215,30
model_4,0.7,-0.4,2.0,10,-0.24640791824637875,0.026447967286171086,30
model_4,0.7,-0.4,2.0,11,-0.2594977987354687,0.021141504206000205,30
model_4,0.7,-0.4,2.0,12,-0.271172062083486,0.01689667321597376,30
model_4,0.7,-0.4,2.0,13,-0.28158815185525266,0.013502189679382711,30
model_4,0.7,-0.4,2.0,14,-0.2908847595627398,0.01078841419384611,30
model_4,0.7,-0.4,2.0,15,-0.2991844019631903,0.008619291625400134,30
model_4,0.7,-0.4,2.0,16,-0.30659555558984397,0.006885796418887827,30
model_4,0.7,-0.4,2.0,17,-0.3132144440354232,0.005500622709553471,30
model_4,0.7,-0.4,2.0,18,-0.31912654970382914,0.004393895573912746,30
model_4,0.7,-0.4,2.0,19,-0.3244079041264614,0.0035097151494663656,30
model_4,0.7,-0.4,2.0,20,-0.3291261980124697,0.0028033770311334276,30
model_4,0.7,-0.2,0.6,0,0.016666666666666666,0.24138888888888888,30
model_4,0.7,-0.2,0.6,1,-0.021410928998650536,0.23934513852248887,30
model_4,0.7,-0.2,0.6,2,-0.06255733565898174,0.2362330729146686,30
model_4,0.7,-0.2,0.6,3,-0.09915049140813116,0.23320448787848086,30
model_4,0.7,-0.2,0.6,4,-0.13076254832939935,0.2303705119714123,30
model_4,0.7,-0.2,0.6,5,-0.15800564624999744,0.2276514123397569,30
model_4,0.7,-0.2,0.6,6,-0.1815506168359103,0.22497497573571557,30
model_4,0.7,-0.2,0.6,7,-0.20198524588014752,0.2222960481665613,30
model_4,0.7,-0.2,0.6,8,-0.21980630558816672,0.2195904471674332,30
model_4,0.7,-0.2,0.6,9,-0.2354308645573624,0.21684783876140434,30
model_4,0.7,-0.2,0.6,10,-0.24920865980839324,0.21406650753190007,30
model_4,0.7,-0.2,0.6,11,-0.2614329187701707,0.21124982060639125,30
model_4,0.7,-0.2,0.6,12,-0.2723494946038394,0.2084039045240207,30
model_4,0.7,-0.2,0.6,13,-0.2821645297147831,0.20553615189078747,30
model_4,0.7,-0.2,0.6,14,-0.29105087859400414,0.20265428722801815,30
model_4,0.7,-0.2,0.6,15,-0.29915349075490405,0.19976580570966185,30
model_4,0.7,-0.2,0.6,16,-0.3065939225572741,0.19687765752500125,30
model_4,0.7,-0.2,0.6,17,-0.31347411917579043,0.19399609138941495,30
model_4,0.7,-0.2,0.6,18,-0.31987958493259394,0.19112659879922841,30
model_4,0.7,-0.2,0.6,19,-0.32588204098900697,0.18827391990512235,30
model_4,0.7,-0.2,0.6,20,-0.331541653329599,0.1854420850776936,30
model_4,0.7,-0.2,0.95,0,0.016666666666666666,0.24138888888888888,30
model_4,0.7,-0.2,0.95,1,-0.012722243505305382,0.22878263777720656,30
model_4,0.7,-0.2,0.95,2,-0.04302084467020773,0.21639726684573,30
model_4,0.7,-0.2,0.95,3,-0.07069639802558597,0.2045231398046418,30
model_4,0.7,-0.2,0.95,4,-0.09555308037883355,0.19320218531738492,30
model_4,0.7,-0.2,0.95,5,-0.11793306053058054,0.18241884821314266,30
model_4,0.7,-0.2,0.95,6,-0.138209971308007,0.1721542851889862,30
model_4,0.7,-0.2,0.95,7,-0.15670732917377547,0.16239245811938444,30
model_4,0.7,-0.2,0.95,8,-0.17369376113398316,0.15311889022238234,30
model_4,0.7,-0.2,0.95,9,-0.18939056065783666,0.14431928564378121,30
model_4,0.7,-0.2,0.95,10,-0.20397994484150844,0.13597879389422,30
model_4,0.7,-0.2,0.95,11,-0.21761215866923014,0.12808175515423162,30
model_4,0.7,-0.2,0.95,12,-0.23041132785898594,0.12061172063429829,30
model_4,0.7,-0.2,0.95,13,-0.24248023837948246,0.11355160923228945,30
model_4,0.7,-0.2,0.95,14,-0.2539042334175533,0.10688391794775381,30
model_4,0.7,-0.2,0.95,15,-0.2647543905695902,0.10059093992012035,30
model_4,0.7,-0.2,0.95,16,-0.27509011270383427,0.09465496608676077,30
model_4,0.7,-0.2,0.95,17,-0.28496124113703974,0.08905845952186514,30
model_4,0.7,-0.2,0.95,18,-0.2944097795324741,0.08378419900490701,30
model_4,0.7,-0.2,0.95,19,-0.30347130049744203,0.07881539246549052,30
model_4,0.7,-0.2,0.95,20,-0.31217609351210673,0.07413576301479893,30
model_4,0.7,-0.2,1.2999999999999998,0,0.016666666666666666,0.24138888888888888,30
model_4,0.7,-0.2,1.2999999999999998,1,-0.009338634168402294,0.21618659375520552,30
model_4,0.7,-0.2,1.2999999999999998,2,-0.03486546042397941,0.19340488088843436,30
model_4,0.7,-0.2,1.2999999999999998,3,-0.05829779876499898,0.1728959474429274,30
model_4,0.7,-0.2,1.2999999999999998,4,-0.07958269113150493,0.1544726500539378,30
model_4,0.7,-0.2,1.2999999999999998,5,-0.09895457984691483,0.13794410641068633,30
model_4,0.7,-0.2,1.2999999999999998,6,-0.11666423476694397,0.12313092523451864,30
model_4,0.7,-0.2,1.2999999999999998,7,-0.13292864843936647,0.10986741576066109,30
model_4,0.7,-0.2,1.2999999999999998,8,-0.1479278589960536,0.09800127876594185,30
model_4,0.7,-0.2,1.2999999999999998,9,-0.16181044509172687,0.08739298404088275,30
model_4,0.7,-0.2,1.2999999999999998,10,-0.1746995793377879,0.07791512922659671,30
model_4,0.7,-0.2,1.2999999999999998,11,-0.18669814535733556,0.06945177722664943,30
model_4,0.7,-0.2,1.2999999999999998,12,-0.19789282430687324,0.061897758525611905,30
model_4,0.7,-0.2,1.2999999999999998,13,-0.208357313391098,0.05515794308375146,30
model_4,0.7,-0.2,1.2999999999999998,14,-0.21815485424354558,0.049146496651680006,30
model_4,0.7,-0.2,1.2999999999999998,15,-0.2273402205414126,0.043786138575938126,30
model_4,0.7,-0.2,1.2999999999999998,16,-0.2359612833289674,0.0390074163074878,30
model_4,0.7,-0.2,1.2999999999999998,17,-0.24406024667762308,0.03474800846778677,30
model_4,0.7,-0.2,1.2999999999999998,18,-0.251674625855433,0.030952064797689423,30
model_4,0.7,-0.2,1.2999999999999998,19,-0.25883802421021107,0.02756958818958147,30
model_4,0.7,-0.2,1.2999999999999998,20,-0.26558075254294045,0.024555861472269926,30
model_4,0.7,-0.2,1.65,0,0.016666666666666666,0.24138888888888888,30
model_4,0.7,-0.2,1.65,1,-0.006959301670352493,0.20487158657220939,30
model_4,0.7,-0.2,1.65,2,-0.02925102554863846,0.17376971774979683,30
model_4,0.7,-0.2,1.65,3,-0.049500321708736215,0.14731441060149264,30
model_4,0.7,-0.2,1.65,4,-0.0677635815381111,0.1248353897462631,30
model_4,0.7,-0.2,1.65,5,-0.08424854175444768,0.10575038662707181,30
model_4,0.7,-0.2,1.65,6,-0.09916679566615101,0.08955765356506397,30
model_4,0.7,-0.2,1.65,7,-0.11270369951941095,0.075826501713532,30
model_4,0.7,-0.2,1.65,8,-0.1250165669159229,0.06418814872744541,30
model_4,0.7,-0.2,1.65,9,-0.13623869549825063,0.05432745075488224,30
model_4,0.7,-0.2,1.65,10,-0.14648381396907242,0.045975565441700963,30
model_4,0.7,-0.2,1.65,11,-0.1558498306131229,0.03890349030262603,30
model_4,0.7,-0.2,1.65,12,-0.1644217984443557,0.03291640521681429,30
model_4,0.7,-0.2,1.65,13,-0.1722742257162947,0.027848745594275547,30
model_4,0.7,-0.2,1.65,14,-0.17947287682081975,0.02355993275835851,30
model_4,0.7,-0.2,1.65,15,-0.1860761842215745,0.019930689636634313,30
model_4,0.7,-0.2,1.65,16,-0.19213636464162587,0.01685987303590125,30
model_4,0.7,-0.2,1.65,17,-0.19770030997308127,0.014261758307560685,30
model_4,0.7,-0.2,1.65,18,-0.20281030585875345,0.012063717610247179,30
model_4,0.7,-0.2,1.65,19,-0.20750461771009537,0.010204238782741413,30
model_4,0.7,-0.2,1.65,20,-0.21181797406819117,0.008631237684576173,30
model_4,0.7,-0.2,2.0,0,0.016666666666666666,0.24138888888888888,30
model_4,0.7,-0.2,2.0,1,-0.004940756417469982,0.19558182067786442,30
model_4,0.7,-0.2,2.0,2,-0.02471073477587499,0.15840762568263259,30
model_4,0.7,-0.2,2.0,3,-0.04239301967622512,0.12825727844048987,30
model_4,0.7,-0.2,2.0,4,-0.058128406666103305,0.10381795613382655,30
model_4,0.7,-0.2,2.0,5,-0.07213262952453597,0.08401735164670614,30
model_4,0.7,-0.2,2.0,6,-0.08461391092334784,0.06798127743203647,30
model_4,0.7,-0.2,2.0,7,-0.09575548047126069,0.05499816013244515,30
model_4,0.7,-0.2,2.0,8,-0.10571518610002192,0.04448950506207892,30
model_4,0.7,-0.2,2.0,9,-0.11462887595149743,0.03598548780944666,30
model_4,0.7,-0.2,2.0,10,-0.12261403300343963,0.0291048643655162,30
model_4,0.7,-0.2,2.0,11,-0.12977287384815797,0.023538486691640804,30
model_4,0.7,-0.2,2.0,12,-0.13619484454822586,0.019035812058534288,30
model_4,0.7,-0.2,2.0,13,-0.14195860926327292,0.01539388716934555,30
model_4,0.7,-0.2,2.0,14,-0.1471336423721989,0.012448370031085496,30
model_4,0.7,-0.2,2.0,15,-0.15178151645026147,0.010066224032174722,30
model_4,0.7,-0.2,2.0,16,-0.15595695692381287,0.008139780340400318,30
model_4,0.7,-0.2,2.0,17,-0.15970871634799091,0.006581917321651562,30
model_4,0.7,-0.2,2.0,18,-0.16308030768662965,0.005322150082249612,30
model_4,0.7,-0.2,2.0,19,-0.16611062597646162,0.004303460410600744,30
model_4,0.7,-0.2,2.0,20,-0.16883448045436866,0.0034797282956719024,30
model_4,0.7,0.0,0.6,0,0.016666666666666666,0.24138888888888888,30
model_4,0.7,0.0,0.6,1,0.016589033672124446,0.23914535717396954,30
model_4,0.7,0.0,0.6,2,0.01651176229049272,0.23692267743189374,30
model_4,0.7,0.0,0.6,3,0.016434850837385894,0.23472065585895077,30
model_4,0.7,0.0,0.6,4,0.016358297636264226,0.23253910045269252,30
model_4,0.7,0.0,0.6,5,0.016282101018397256,0.230377820995192,30
model_4,0.7,0.0,0.6,6,0.01620625932282744,0.22823662903645756,30
model_4,0.7,0.0,0.6,7,0.01613077089633393,0.2261153378780013,30
model_4,0.7,0.0,0.6,8,0.01605563409339648,0.22401376255656008,30
model_4,0.7,0.0,0.6,9,0.015980847276159837,0.2219317198279679,30
model_4,0.7,0.0,0.6,10,0.01590640881439759,0.21986902815117812,30
model_4,0.7,0.0,0.6,11,0.015832317085477127,0.21782550767243428,30
model_4,0.7,0.0,0.6,12,0.01575857047432386,0.215800980209588,30
model_4,0.7,0.0,0.6,13,0.0156851673733863,0.2137952692365624,30
model_4,0.7,0.0,0.6,14,0.015612106182600798,0.21180819986796048,30
model_4,0.7,0.0,0.6,15,0.01553938530935684,0.20983959884381606,30
model_4,0.7,0.0,0.6,16,0.015467003168462177,0.20788929451448646,30
model_4,0.7,0.0,0.6,17,0.015394958182108436,0.20595711682568593,30
model_4,0.7,0.0,0.6,18,0.015323248779836696,0.20404289730365785,30
model_4,0.7,0.0,0.6,19,0.01525187339850304,0.20214646904048497,30
model_4,0.7,0.0,0.6,20,0.01518083048224477,0.20026766667953594,30
model_4,0.7,0.0,0.95,0,0.016666666666666666,0.24138888888888888,30
model_4,0.7,0.0,0.95,1,0.016251158043329172,0.22950301970410908,30
model_4,0.7,0.0,0.95,2,0.01584600826495576,0.2182024048238169,30
model_4,0.7,0.0,0.95,3,0.015450959080181759,0.20745822661628538,30
model_4,0.7,0.0,0.95,4,0.015065758675982758,0.19724308641568325,30
model_4,0.7,0.0,0.95,5,0.014690161517163208,0.18753093465289786,30
model_4,0.7,0.0,0.95,6,0.014323928189847079,0.17829700442668173,30
model_4,0.7,0.0,0.95,7,0.013966825248870201,0.16951774834572306,30
model_4,0.7,0.0,0.95,8,0.013618625068976991,0.16117077848058095,30
model_4,0.7,0.0,0.95,9,0.013279105699727393,0.15323480927235833,30
model_4,0.7,0.0,0.95,10,0.012948050724020579,0.14568960325252245,30
model_4,0.7,0.0,0.95,11,0.01262524912014609,0.13851591943545571,30
model_4,0.7,0.0,0.95,12,0.0123104951272738,0.13169546425213055,30
model_4,0.7,0.0,0.95,13,0.01200358811429762,0.1252108448997867,30
model_4,0.7,0.0,0.95,14,0.011704332451948705,0.11904552498864676,30
model_4,0.7,0.0,0.95,15,0.011412537388097091,0.11318378237256557,30
model_4,0.7,0.0,0.95,16,0.01112801692616217,0.1076106690560776,30
model_4,0.7,0.0,0.95,17,0.010850589706554194,0.10231197307560143,30
model_4,0.7,0.0,0.95,18,0.010580078891071983,0.09727418225759461,30
model_4,0.7,0.0,0.95,19,0.010316312050182132,0.09248444976123939,30
model_4,0.7,0.0,0.95,20,0.010059121053108659,0.08793056131778905,30
model_4,0.7,0.0,1.2999999999999998,0,0.016666666666666666,0.24138888888888888,30
model_4,0.7,0.0,1.2999999999999998,1,0.015800230323800082,0.21694348482977943,30
model_4,0.7,0.0,1.2999999999999998,2,0.014978836697107901,0.19497366190600632,30
model_4,0.7,0.0,1.2999999999999998,3,0.014200144187813625,0.17522871851563177,30
model_4,0.7,0.0,1.2999999999999998,4,0.01346193292791758,0.1574833415573481,30
model_4,0.7,0.0,1.2999999999999998,5,0.012762098451878793,0.141535035342143,30
model_4,0.7,0.0,1.2999999999999998,6,0.01209864569728184,0.12720181087856136,30
model_4,0.7,0.0,1.2999999999999998,7,0.011469683317386356,0.11432010916358244,30
model_4,0.7,0.0,1.2999999999999998,8,0.010873418289345089,0.10274293478141097,30
model_4,0.7,0.0,1.2999999999999998,9,0.010308150802720356,0.09233817851234176,30
model_4,0.7,0.0,1.2999999999999998,10,0.009772269413726773,0.08298710981068591,30
model_4,0.7,0.0,1.2999999999999998,11,0.009264246451386604,0.07458302194915349,30
model_4,0.7,0.0,1.2999999999999998,12,0.008782633662501375,0.06703001436919107,30
model_4,0.7,0.0,1.2999999999999998,13,0.008326058083024898,0.060241898342454546,30
model_4,0.7,0.0,1.2999999999999998,14,0.007893218124067836,0.05414121345572411,30
model_4,0.7,0.0,1.2999999999999998,15,0.007482879861375915,0.04865834369619314,30
model_4,0.7,0.0,1.2999999999999998,16,0.007093873517703881,0.0437307230506216,30
model_4,0.7,0.0,1.2999999999999998,17,0.0067250901280576664,0.039302121553302795,30
model_4,0.7,0.0,1.2999999999999998,18,0.006375478378297535,0.03532200363580843,30
model_4,0.7,0.0,1.2999999999999998,19,0.006044041608090505,0.03174495145652555,30
model_4,0.7,0.0,1.2999999999999998,20,0.005729834969667684,0.028530146629494824,30
model_4,0.7,0.0,1.65,0,0.016666666666666666,0.24138888888888888,30
model_4,0.7,0.0,1.65,1,0.015376154544905844,0.2054543057436923,30
model_4,0.7,0.0,1.65,2,0.014185567715329741,0.17486915799199237,30
model_4,0.7,0.0,1.65,3,0.013087168889888232,0.14883709692108607,30
model_4,0.7,0.0,1.65,4,0.012073819884372313,0.12668032301562968,30
model_4,0.7,0.0,1.65,5,0.011138935229367944,0.1078219380202835,30
model_4,0.7,0.0,1.65,6,0.010276439373147483,0.09177092417908904,30
model_4,0.7,0.0,1.65,7,0.009480727198372252,0.0781093595544515,30
model_4,0.7,0.0,1.65,8,0.008746627596015816,0.06648153654964255,30
model_4,0.7,0.0,1.65,9,0.008069369859784643,0.056584700312647375,30
model_4,0.7,0.0,1.65,10,0.007444552682643217,0.04816116587620194,30
model_4,0.7,0.0,1.65,11,0.0068681155539609485,0.040991608787165415,30
model_4,0.7,0.0,1.65,12,0.006336312371398522,0.03488935453263841,30
model_4,0.7,0.0,1.65,13,0.005845687096045343,0.029695518076013318,30
model_4,0.7,0.0,1.65,14,0.005393051292597299,0.025274866950545108,30
model_4,0.7,0.0,1.65,15,0.00497546340861482,0.021512300197374417,30
model_4,0.7,0.0,1.65,16,0.004590209658203125,0.01830985146974136,30
model_4,0.7,0.0,1.65,17,0.00423478638588304,0.015584138272898744,30
model_4,0.7,0.0,1.65,18,0.003906883796040017,0.013264190925316008,30
model_4,0.7,0.0,1.65,19,0.0036043709422139748,0.011289604713607937,30
model_4,0.7,0.0,1.65,20,0.0033252818786790018,0.009608967128651467,30
model_4,0.7,0.0,2.0,0,0.016666666666666666,0.24138888888888888,30
model_4,0.7,0.0,2.0,1,0.015018199071321514,0.19599973760753703,30
model_4,0.7,0.0,2.0,2,0.013532778200750543,0.15914525858688622,30
model_4,0.7,0.0,2.0,3,0.01219427742041469,0.12922064916944534,30
model_4,0.7,0.0,2.0,4,0.010988165149842537,0.10492286305002621,30
model_4,0.7,0.0,2.0,5,0.009901347098933536,0.08519387003062377,30
model_4,0.7,0.0,2.0,6,0.008922024108362153,0.06917458483128001,30
model_4,0.7,0.0,2.0,7,0.008039564050710766,0.05616745881904293,30
model_4,0.7,0.0,2.0,8,0.007244386401612865,0.045606105737873874,30
model_4,0.7,0.0,2.0,9,0.006527858227739795,0.03703063881303743,30
model_4,0.7,0.0,2.0,10,0.005882200462413609,0.0300676453013364,30
model_4,0.7,0.0,2.0,11,0.00530040345131683,0.024413926492909487,30
model_4,0.7,0.0,2.0,12,0.004776150851411738,0.0198232951342783,30
model_4,0.7,0.0,2.0,13,0.004303751056869798,0.01609585537561235,30
model_4,0.7,0.0,2.0,14,0.003878075407528872,0.013069298444971213,30
model_4,0.7,0.0,2.0,15,0.0034945025090318996,0.010611835025712568,30
model_4,0.7,0.0,2.0,16,0.003148868060152401,0.008616456582355448,30
model_4,0.7,0.0,2.0,17,0.0028374196426016953,0.0069962757483247985,30
model_4,0.7,0.0,2.0,18,0.0025567759824882204,0.005680742876002172,30
model_4,0.7,0.0,2.0,19,0.002303890241146901,0.004612574001385869,30
model_4,0.7,0.0,2.0,20,0.0020760169368011544,0.0037452564537182047,30
model_4,0.7,0.20000000000000007,0.6,0,0.016666666666666666,0.24138888888888888,30
model_4,0.7,0.20000000000000007,0.6,1,0.054554337641573455,0.23960061726312815,30
model_4,0.7,0.20000000000000007,0.6,2,0.09530537584887201,0.23652805532766474,30
model_4,0.7,0.20000000000000007,0.6,3,0.13149709338459614,0.23350354920063132,30
model_4,0.7,0.20000000000000007,0.6,4,0.16272948193210973,0.23066768746190322,30
model_4,0.7,0.20000000000000007,0.6,5,0.18961555174363784,0.22794553772070114,30
model_4,0.7,0.20000000000000007,0.6,6,0.21282332142226212,0.22526570453589062,30
model_4,0.7,0.20000000000000007,0.6,7,0.2329376996777679,0.22258320327865502,30
model_4,0.7,0.20000000000000007,0.6,8,0.250452990331365,0.21987390991616373,30
model_4,0.7,0.20000000000000007,0.6,9,0.2657841964142437,0.21712752545251535,30
model_4,0.7,0.20000000000000007,0.6,10,0.2792793293731013,0.21434236100160847,30
model_4,0.7,0.20000000000000007,0.6,11,0.2912301727497456,0.2115218049976717,30
model_4,0.7,0.20000000000000007,0.6,12,0.3018813695899198,0.20867200127262314,30
model_4,0.7,0.20000000000000007,0.6,13,0.3114380468759523,0.20580035647994882,30
model_4,0.7,0.20000000000000007,0.6,14,0.32007220624574934,0.202914606538599,30
model_4,0.7,0.20000000000000007,0.6,15,0.3279280803329151,0.20002225585162225,30
model_4,0.7,0.20000000000000007,0.6,16,0.3351266224611067,0.19713026206077838,30
model_4,0.7,0.20000000000000007,0.6,17,0.3417692701436512,0.1942448798768381,30
model_4,0.7,0.20000000000000007,0.6,18,0.34794109997419326,0.19137160559526253,30
model_4,0.7,0.20000000000000007,0.6,19,0.3537134723932205,0.18851518318283347,30
model_4,0.7,0.20000000000000007,0.6,20,0.35914624884648183,0.1856796460178143,30
model_4,0.7,0.20000000000000007,0.95,0,0.016666666666666666,0.24138888888888888,30
model_4,0.7,0.20000000000000007,0.95,1,0.045161152599072565,0.22891785409635879,30
model_4,0.7,0.20000000000000007,0.95,2,0.07451726221040857,0.21655161009375712,30
model_4,0.7,0.20000000000000007,0.95,3,0.10126260234397828,0.2046752799364184,30
model_4,0.7,0.20000000000000007,0.95,4,0.1252116709357385,0.19334816603500254,30
model_4,0.7,0.20000000000000007,0.95,5,0.14670807872081093,0.18255795487062215,30
model_4,0.7,0.20000000000000007,0.95,6,0.16612541374902956,0.1722864594611503,30
model_4,0.7,0.20000000000000007,0.95,7,0.18378691262144722,0.16251781208913924,30
model_4,0.7,0.20000000000000007,0.95,8,0.19996086855615394,0.1532376042620263,30
model_4,0.7,0.20000000000000007,0.95,9,0.2148682033307299,0.14443157865737044,30
model_4,0.7,0.20000000000000007,0.95,10,0.228690724798883,0.13608490906074872,30
model_4,0.7,0.20000000000000007,0.95,11,0.24157823466203185,0.12818195045175418,30
model_4,0.7,0.20000000000000007,0.95,12,0.2536543873899914,0.12070626182563356,30
model_4,0.7,0.20000000000000007,0.95,13,0.2650214764855585,0.11364076457017327,30
model_4,0.7,0.20000000000000007,0.95,14,0.275764337812144,0.10696795419910037,30
model_4,0.7,0.20000000000000007,0.95,15,0.2859535323377582,0.10067011942139097,30
model_4,0.7,0.20000000000000007,0.95,16,0.2956479416503298,0.09472954460559856,30
model_4,0.7,0.20000000000000007,0.95,17,0.3048968849394598,0.08912868474685709,30
model_4,0.7,0.20000000000000007,0.95,18,0.31374184595500443,0.08385030952235675,30
model_4,0.7,0.20000000000000007,0.95,19,0.3222178820343408,0.07887761711169927,30
model_4,0.7,0.20000000000000007,0.95,20,0.3303547739366777,0.07419432051598329,30
model_4,0.7,0.20000000000000007,1.2999999999999998,0,0.016666666666666666,0.24138888888888888,30
model_4,0.7,0.20000000000000007,1.2999999999999998,1,0.04088093450032852,0.21626144165888272,30
model_4,0.7,0.20000000000000007,1.2999999999999998,2,0.06468277722383713,0.1934886951905241,30
model_4,0.7,0.20000000000000007,1.2999999999999998,3,0.08647324206684337,0.17297520747697825,30
model_4,0.7,0.20000000000000007,1.2999999999999998,4,0.10620023590717412,0.15454494731255644,30
model_4,0.7,0.20000000000000007,1.2999999999999998,5,0.1240956824369266,0.1380093958782841,30
model_4,0.7,0.20000000000000007,1.2999999999999998,6,0.1404071339163508,0.1231896601734682,30
model_4,0.7,0.20000000000000007,1.2999999999999998,7,0.1553482178163534,0.10992014146021792,30
model_4,0.7,0.20000000000000007,1.2999999999999998,8,0.169095584099062,0.09804853858256478,30
model_4,0.7,0.20000000000000007,1.2999999999999998,9,0.18179444505288547,0.08743529464628245,30
model_4,0.7,0.20000000000000007,1.2999999999999998,10,0.1935646582856572,0.07795297285535485,30
model_4,0.7,0.20000000000000007,1.2999999999999998,11,0.20450586740819202,0.06948559919013696,30
model_4,0.7,0.20000000000000007,1.2999999999999998,12,0.21470160700344829,0.06192796697738342,30
model_4,0.7,0.20000000000000007,1.2999999999999998,13,0.22422253462828723,0.05518491000535333,30
model_4,0.7,0.20000000000000007,1.2999999999999998,14,0.23312896830226654,0.04917055955722672,30
model_4,0.7,0.20000000000000007,1.2999999999999998,15,0.24147287961295152,0.043807602628469104,30
model_4,0.7,0.20000000000000007,1.2999999999999998,16,0.24929946166791855,0.03902655664228284,30
model_4,0.7,0.20000000000000007,1.2999999999999998,17,0.2566483651860595,0.0347650725838648,30
model_4,0.7,0.20000000000000007,1.2999999999999998,18,0.2635546754507501,0.03096727492475379,30
model_4,0.7,0.20000000000000007,1.2999999999999998,19,0.2700496867690848,0.027583143570342805,30
model_4,0.7,0.20000000000000007,1.2999999999999998,20,0.2761615185591229,0.024567940523220148,30
model_4,0.7,0.20000000000000007,1.65,0,0.016666666666666666,0.24138888888888888,30
model_4,0.7,0.20000000000000007,1.65,1,0.037667489541907205,0.20491537138888255,30
model_4,0.7,0.20000000000000007,1.65,2,0.057526477366008855,0.1738178115988417,30
model_4,0.7,0.20000000000000007,1.65,3,0.07552885558760718,0.14735816385190056,30
model_4,0.7,0.20000000000000007,1.65,4,0.09171936655077749,0.1248734335421482,30
model_4,0.7,0.20000000000000007,1.65,5,0.10629348453828114,0.10578302044419807,30
model_4,0.7,0.20000000000000007,1.65,6,0.11945096073789216,0.08958550728245875,30
model_4,0.7,0.20000000000000007,1.65,7,0.13136595635448076,0.07585021844147899,30
model_4,0.7,0.20000000000000007,1.65,8,0.14218527788439092,0.06420831297080128,30
model_4,0.7,0.20000000000000007,1.65,9,0.1520324002821518,0.054344576354654776,30
model_4,0.7,0.20000000000000007,1.65,10,0.16101189669004828,0.045990098358397104,30
model_4,0.7,0.20000000000000007,1.65,11,0.16921316273203413,0.03891581502962898,30
model_4,0.7,0.20000000000000007,1.65,12,0.17671335283651846,0.03292685183957254,30
model_4,0.7,0.20000000000000007,1.65,13,0.1835796589053683,0.02785759660918631,30
model_4,0.7,0.20000000000000007,1.65,14,0.18987107768590966,0.023567429356661646,30
model_4,0.7,0.20000000000000007,1.65,15,0.19563978857848932,0.01993703735757389,30
model_4,0.7,0.20000000000000007,1.65,16,0.2009322359295173,0.01686524677594512,30
model_4,0.7,0.20000000000000007,1.65,17,0.20578998687615996,0.014266306712098163,30
model_4,0.7,0.20000000000000007,1.65,18,0.2102504181007017,0.012067566893773855,30
model_4,0.7,0.20000000000000007,1.65,19,0.21434727151899888,0.010207496032154033,30
model_4,0.7,0.20000000000000007,1.65,20,0.2181111089596652,0.008633993702411339,30
model_4,0.7,0.20000000000000007,2.0,0,0.016666666666666666,0.24138888888888888,30
model_4,0.7,0.20000000000000007,2.0,1,0.034945282822744485,0.19560895556610605,30
model_4,0.7,0.20000000000000007,2.0,2,0.051711371609173426,0.15843692652679547,30
model_4,0.7,0.20000000000000007,2.0,3,0.06668639647878842,0.12828308973491245,30
model_4,0.7,0.20000000000000007,2.0,4,0.07998329941440047,0.10383951231944037,30
model_4,0.7,0.20000000000000007,2.0,5,0.091791931062823,0.0840350469496416,30
model_4,0.7,0.20000000000000007,2.0,6,0.10229685179636915,0.06799571054384519,30
model_4,0.7,0.20000000000000007,2.0,7,0.11165977886793134,0.05500989892376951,30
model_4,0.7,0.20000000000000007,2.0,8,0.12001905315541235,0.04449903765444996,30
model_4,0.7,0.20000000000000007,2.0,9,0.12749286410057234,0.03599322104410672,30
model_4,0.7,0.20000000000000007,2.0,10,0.13418273022984248,0.0291111333419262,30
model_4,0.7,0.20000000000000007,2.0,11,0.14017645082376057,0.02354356586888126,30
model_4,0.7,0.20000000000000007,2.0,12,0.14555046318336243,0.01903992549372049,30
model_4,0.7,0.20000000000000007,2.0,13,0.1503717019054701,0.015397217369880095,30
model_4,0.7,0.20000000000000007,2.0,14,0.15469907118305992,0.01245106541933685,30
model_4,0.7,0.20000000000000007,2.0,15,0.15858462247096183,0.010068405162297617,30
model_4,0.7,0.20000000000000007,2.0,16,0.1620745080884886,0.008141545037109668,30
model_4,0.7,0.20000000000000007,2.0,17,0.16520976329229362,0.006583344906051326,30
model_4,0.7,0.20000000000000007,2.0,18,0.16802695568602663,0.0053233048338017135,30
model_4,0.7,0.20000000000000007,2.0,19,0.17055873078215184,0.004304394395198148,30
model_4,0.7,0.20000000000000007,2.0,20,0.172834275207894,0.003480483670790795,30
model_4,0.7,0.4,0.6,0,0.016666666666666666,0.24138888888888888,30
model_4,0.7,0.4,0.6,1,0.0864721524932781,0.23981994048251043,30
model_4,0.7,0.4,0.6,2,0.1609518737989632,0.2341753226758107,30
model_4,0.7,0.4,0.6,3,0.22633636898008141,0.22844504213836014,30
model_4,0.7,0.4,0.6,4,0.2818524521121145,0.22313284249059948,30
model_4,0.7,0.4,0.6,5,0.3288291513388397,0.21803315369922077,30
model_4,0.7,0.4,0.6,6,0.36871775937514706,0.21295246302170748,30
model_4,0.7,0.4,0.6,7,0.4027717346416817,0.20778711573761552,30
model_4,0.7,0.4,0.6,8,0.4320278507578966,0.20250021522287104,30
model_4,0.7,0.4,0.6,9,0.45733589058808854,0.19709456722249,30
model_4,0.7,0.4,0.6,10,0.4793911473549998,0.1915938489389486,30
model_4,0.7,0.4,0.6,11,0.4987624193070875,0.18603088886530292,30
model_4,0.7,0.4,0.6,12,0.5159151042796961,0.18044076697693495,30
model_4,0.7,0.4,0.6,13,0.5312300901556604,0.1748569854303569,30
model_4,0.7,0.4,0.6,14,0.5450191860522113,0.16930953847589972,30
model_4,0.7,0.4,0.6,15,0.5575377286064249,0.16382412548852737,30
model_4,0.7,0.4,0.6,16,0.5689948830231997,0.1584220270676411,30
model_4,0.7,0.4,0.6,17,0.5795620620804428,0.1531203438123214,30
model_4,0.7,0.4,0.6,18,0.5893798078486137,0.14793241320129447,30
model_4,0.7,0.4,0.6,19,0.5985634172987907,0.14286829407172746,30
model_4,0.7,0.4,0.6,20,0.607207541321942,0.1379352550783873,30
model_4,0.7,0.4,0.95,0,0.016666666666666666,0.24138888888888888,30
model_4,0.7,0.4,0.95,1,0.07276731430746038,0.22684113118709257,30
model_4,0.7,0.4,0.95,2,0.12997950556742965,0.21131035234374235,30
model_4,0.7,0.4,0.95,3,0.18185101772912948,0.19613406120922122,30
model_4,0.7,0.4,0.95,4,0.22801762161716285,0.1816238154815612,30
model_4,0.7,0.4,0.95,5,0.26915968774488164,0.16783326362333453,30
model_4,0.7,0.4,0.95,6,0.30602536224409704,0.15478024471698337,30
model_4,0.7,0.4,0.95,7,0.339263090011973,0.14247738782014058,30
model_4,0.7,0.4,0.95,8,0.36941044730329964,0.13093118965923733,30
model_4,0.7,0.4,0.95,9,0.39690960324534486,0.12013950343709497,30
model_4,0.7,0.4,0.95,10,0.4221244946671851,0.1100909944664678,30
model_4,0.7,0.4,0.95,11,0.4453555274690009,0.1007660180830839,30
model_4,0.7,0.4,0.95,12,0.466851565491279,0.09213815629372661,30
model_4,0.7,0.4,0.95,13,0.4868196145720984,0.08417592306704284,30
model_4,0.7,0.4,0.95,14,0.5054326366747685,0.07684437754471468,30
model_4,0.7,0.4,0.95,15,0.5228358591951611,0.0701065267978853,30
model_4,0.7,0.4,0.95,16,0.5391518735366198,0.06392448012941979,30
model_4,0.7,0.4,0.95,17,0.5544847585460948,0.05826035930310318,30
model_4,0.7,0.4,0.95,18,0.56892341781058,0.053076989301818416,30
model_4,0.7,0.4,0.95,19,0.5825442827382605,0.04833840193985894,30
model_4,0.7,0.4,0.95,20,0.595413503729346,0.04401018562598472,30
model_4,0.7,0.4,1.2999999999999998,0,0.016666666666666666,0.24138888888888888,30
model_4,0.7,0.4,1.2999999999999998,1,0.06543765660212326,0.214126002687348,30
model_4,0.7,0.4,1.2999999999999998,2,0.11298156801920595,0.18901566325050587,30
model_4,0.7,0.4,1.2999999999999998,3,0.1563179127012303,0.16632991929292426,30
model_4,0.7,0.4,1.2999999999999998,4,0.19535406399718339,0.1460233371418645,30
model_4,0.7,0.4,1.2999999999999998,5,0.230548993857185,0.12794295979925754,30
model_4,0.7,0.4,1.2999999999999998,6,0.2623981323658232,0.11191074929183528,30
model_4,0.7,0.4,1.2999999999999998,7,0.29133411282216454,0.09774450772897297,30
model_4,0.7,0.4,1.2999999999999998,8,0.3177190929549002,0.08526504500881125,30
model_4,0.7,0.4,1.2999999999999998,9,0.34185471247023014,0.07430020211960914,30
model_4,0.7,0.4,1.2999999999999998,10,0.3639934548869087,0.06468757794477643,30
model_4,0.7,0.4,1.2999999999999998,11,0.3843483063016374,0.056276277861391145,30
model_4,0.7,0.4,1.2999999999999998,12,0.4031004711009397,0.04892783897437854,30
model_4,0.7,0.4,1.2999999999999998,13,0.42040544737475294,0.04251650093219764,30
model_4,0.7,0.4,1.2999999999999998,14,0.43639780331635925,0.036928993208388564,30
model_4,0.7,0.4,1.2999999999999998,15,0.45119494070135546,0.032063990272210546,30
model_4,0.7,0.4,1.2999999999999998,16,0.4649000707191639,0.027831357472001432,30
model_4,0.7,0.4,1.2999999999999998,17,0.4776045769035095,0.024151281382325824,30
model_4,0.7,0.4,1.2999999999999998,18,0.4893899003431608,0.020953352840962187,30
model_4,0.7,0.4,1.2999999999999998,19,0.5003290517840854,0.018175650176962616,30
model_4,0.7,0.4,1.2999999999999998,20,0.5104878316592303,0.015763854118404974,30
model_4,0.7,0.4,1.65,0,0.016666666666666666,0.24138888888888888,30
model_4,0.7,0.4,1.65,1,0.05962987328084234,0.20326978431682638,30
model_4,0.7,0.4,1.65,2,0.10000658861069968,0.1706822607320495,30
model_4,0.7,0.4,1.65,3,0.1364707509408366,0.14301542987057866,30
model_4,0.7,0.4,1.65,4,0.16913156437072463,0.11963572343512004,30
model_4,0.7,0.4,1.65,5,0.19839001324857503,0.09994351191434171,30
model_4,0.7,0.4,1.65,6,0.22465755857635825,0.08339990706738594,30
model_4,0.7,0.4,1.65,7,0.2482968489409153,0.0695308642833841,30
model_4,0.7,0.4,1.65,8,0.2696171669440472,0.05792434909952596,30
model_4,0.7,0.4,1.65,9,0.28888156149833966,0.04822531207352707,30
model_4,0.7,0.4,1.65,10,0.30631505449363217,0.04012991365574009,30
model_4,0.7,0.4,1.65,11,0.3221116493166165,0.033379601632801535,30
model_4,0.7,0.4,1.65,12,0.33643992110822457,0.027755374961808185,30
model_4,0.7,0.4,1.65,13,0.34944740741171765,0.023072431243411694,30
model_4,0.7,0.4,1.65,14,0.3612640604798452,0.019175303631390053,30
model_4,0.7,0.4,1.65,15,0.3720049808414161,0.015933529196851738,30
model_4,0.7,0.4,1.65,16,0.38177260207313596,0.013237848265497933,30
model_4,0.7,0.4,1.65,17,0.3906584551927975,0.010996907959385196,30
model_4,0.7,0.4,1.65,18,0.3987446091404498,0.00913442858714057,30
model_4,0.7,0.4,1.65,19,0.4061048598381681,0.007586784933374201,30
model_4,0.7,0.4,1.65,20,0.41280572245301483,0.006300953082648958,30
model_4,0.7,0.4,2.0,0,0.016666666666666666,0.24138888888888888,30
model_4,0.7,0.4,2.0,1,0.054634678847065306,0.19442366880273354,30
model_4,0.7,0.4,2.0,2,0.08930082976801763,0.15632455069453965,30
model_4,0.7,0.4,2.0,3,0.12017098862330292,0.12552000786029627,30
model_4,0.7,0.4,2.0,4,0.1474972871647152,0.10067796439343006,30
model_4,0.7,0.4,2.0,5,0.17167931482510337,0.08068352665377518,30
model_4,0.7,0.4,2.0,6,0.19310536615202784,0.06461553177648183,30
model_4,0.7,0.4,2.0,7,0.212117725479569,0.05171886940089767,30
model_4,0.7,0.4,2.0,8,0.22901114183026836,0.04137791239805643,30
model_4,0.7,0.4,2.0,9,0.24403886489981588,0.03309283484113332,30
model_4,0.7,0.4,2.0,10,0.2574193581071234,0.02645916788502702,30
model_4,0.7,0.4,2.0,11,0.2693420933338133,0.021150473907527875,30
model_4,0.7,0.4,2.0,12,0.2799722542797446,0.016903852301721617,30
model_4,0.7,0.4,2.0,13,0.28945450721836213,0.013507933052973146,30
model_4,0.7,0.4,2.0,14,0.2979160365402247,0.010793007362116492,30
model_4,0.7,0.4,2.0,15,0.30546901252391795,0.00862296391425534,30
model_4,0.7,0.4,2.0,16,0.31221262065521865,0.006888731807444522,30
model_4,0.7,0.4,2.0,17,0.31823474963613807,0.005502968658090586,30
model_4,0.7,0.4,2.0,18,0.3236134106722414,0.00439577018504183,30
model_4,0.7,0.4,2.0,19,0.3284179424899206,0.0035112129575477543,30
model_4,0.7,0.4,2.0,20,0.3327100432619496,0.0028045736704798304,30
model_4,0.95,-0.4,0.6,0,0.016666666666666666,0.24138888888888888,30
model_4,0.95,-0.4,0.6,1,-0.04978217433582916,0.24317694472108153,30
model_4,0.95,-0.4,0.6,2,-0.12245067748096804,0.24130474947569275,30
model_4,0.95,-0.4,0.6,3,-0.18564716764163922,0.2398792565605665,30
model_4,0.95,-0.4,0.6,4,-0.23844579076294037,0.23929062376263172,30
model_4,0.95,-0.4,0.6,5,-0.2822347792750129,0.23920303031372614,30
model_4,0.95,-0.4,0.6,6,-0.318539656336545,0.2393122086799788,30
model_4,0.95,-0.4,0.6,7,-0.34868216047773676,0.23942407712402117,30
model_4,0.95,-0.4,0.6,8,-0.3737599825888142,0.2394295467353261,30
model_4,0.95,-0.4,0.6,9,-0.3946767275404498,0.2392750148959823,30
model_4,0.95,-0.4,0.6,10,-0.41217484305691093,0.23894101944233662,30
model_4,0.95,-0.4,0.6,11,-0.4268641317609626,0.23842814214055819,30
model_4,0.95,-0.4,0.6,12,-0.439245417729181,0.2377479954124956,30
model_4,0.95,-0.4,0.6,13,-0.4497300215878521,0.23691758847390973,30
model_4,0.95,-0.4,0.6,14,-0.4586557586235363,0.23595589808668363,30
model_4,0.95,-0.4,0.6,15,-0.4663000768098817,0.2348818596400066,30
model_4,0.95,-0.4,0.6,16,-0.47289084593817504,0.23371326094023756,30
model_4,0.95,-0.4,0.6,17,-0.4786152180611365,0.23246619959055545,30
model_4,0.95,-0.4,0.6,18,-0.48362690421354604,0.2311548834904943,30
model_4,0.95,-0.4,0.6,19,-0.48805215058979995,0.22979163250053336,30
model_4,0.95,-0.4,0.6,20,-0.49199464667377174,0.2283869910355454,30
model_4,0.95,-0.4,0.95,0,0.016666666666666666,0.24138888888888888,30
model_4,0.95,-0.4,0.95,1,-0.03282126292230379,0.2365653216446442,30
model_4,0.95,-0.4,0.95,2,-0.08558575595848614,0.2301367534736052,30
model_4,0.95,-0.4,0.95,3,-0.13277107387786372,0.22370622819352873,30
model_4,0.95,-0.4,0.95,4,-0.17386098297935948,0.2174780241958642,30
model_4,0.95,-0.4,0.95,5,-0.2096219772578596,0.21138004443147246,30
model_4,0.95,-0.4,0.95,6,-0.240896880565022,0.20534594378136256,30
model_4,0.95,-0.4,0.95,7,-0.2684196143838654,0.19934357200485292,30
model_4,0.95,-0.4,0.95,8,-0.2928042293201611,0.19336566440036215,30
model_4,0.95,-0.4,0.95,9,-0.31456055897257,0.18741940905429644,30
model_4,0.95,-0.4,0.95,10,-0.33411138711410787,0.18151921974703475,30
model_4,0.95,-0.4,0.95,11,-0.35180733315103047,0.17568222886967733,30
model_4,0.95,-0.4,0.95,12,-0.3679392628751469,0.16992563204274538,30
model_4,0.95,-0.4,0.95,13,-0.38274856464544293,0.16426522581393915,30
model_4,0.95,-0.4,0.95,14,-0.39643565149412263,0.15871469365532218,30
model_4,0.95,-0.4,0.95,15,-0.4091669971189897,0.15328534872423946,30
model_4,0.95,-0.4,0.95,16,-0.4210809602879925,0.14798614486657422,30
model_4,0.95,-0.4,0.95,17,-0.4322926072929517,0.14282383551601477,30
model_4,0.95,-0.4,0.95,18,-0.44289770534633666,0.13780320497522183,30
model_4,0.95,-0.4,0.95,19,-0.4529760297276397,0.13292732586503275,30
model_4,0.95,-0.4,0.95,20,-0.4625941027588391,0.12819781551426473,30
model_4,0.95,-0.4,1.2999999999999998,0,0.016666666666666666,0.24138888888888888,30
model_4,0.95,-0.4,1.2999999999999998,1,-0.025950282533092204,0.2276613989168331,30
model_4,0.95,-0.4,1.2999999999999998,2,-0.06971810961409904,0.2137841791565749,30
model_4,0.95,-0.4,1.2999999999999998,3,-0.10962792893358897,0.2003951439520523,30
model_4,0.95,-0.4,1.2999999999999998,4,-0.14539126526981347,0.18762259584664973,30
model_4,0.95,-0.4,1.2999999999999998,5,-0.17750361194758751,0.1754702811800691,30
model_4,0.95,-0.4,1.2999999999999998,6,-0.20650948168672512,0.16392983386991652,30
model_4,0.95,-0.4,1.2999999999999998,7,-0.23288055822432624,0.15299446381212245,30
model_4,0.95,-0.4,1.2999999999999998,8,-0.25700805159932355,0.1426571523228686,30
model_4,0.95,-0.4,1.2999999999999998,9,-0.2792138763798889,0.13290843985798653,30
model_4,0.95,-0.4,1.2999999999999998,10,-0.29976295923997437,0.12373547036506206,30
model_4,0.95,-0.4,1.2999999999999998,11,-0.31887379352659523,0.1151219468551554,30
model_4,0.95,-0.4,1.2999999999999998,12,-0.33672708673255347,0.10704856782241445,30
model_4,0.95,-0.4,1.2999999999999998,13,-0.35347278189607884,0.09949366214128073,30
model_4,0.95,-0.4,1.2999999999999998,14,-0.3692357516255153,0.09243386213062384,30
model_4,0.95,-0.4,1.2999999999999998,15,-0.3841204170324927,0.0858447318064747,30
model_4,0.95,-0.4,1.2999999999999998,16,-0.3982144963969564,0.0797013128711404,30
model_4,0.95,-0.4,1.2999999999999998,17,-0.41159204891215373,0.0739785766721317,30
model_4,0.95,-0.4,1.2999999999999998,18,-0.4243159470842079,0.06865178412808254,30
model_4,0.95,-0.4,1.2999999999999998,19,-0.43643988584261534,0.06369676235981986,30
model_4,0.95,-0.4,1.2999999999999998,20,-0.4480100158665577,0.05909010946294634,30
model_4,0.95,-0.4,1.65,0,0.016666666666666666,0.24138888888888888,30
model_4,0.95,-0.4,1.65,1,-0.02213709144182123,0.2182748893750995,30
model_4,0.95,-0.4,1.65,2,-0.06055991203132426,0.19682853226029334,30
model_4,0.95,-0.4,1.65,3,-0.09578296383902281,0.17718227996226474,30
model_4,0.95,-0.4,1.65,4,-0.12768047280859363,0.15928698175113049,30
model_4,0.95,-0.4,1.65,5,-0.15661711145338938,0.1430361654946261,30
model_4,0.95,-0.4,1.65,6,-0.18298885124964956,0.12831440339696776,30
model_4,0.95,-0.4,1.65,7,-0.20713910981842945,0.1150067702655074,30
model_4,0.95,-0.4,1.65,8,-0.22935299832021783,0.10300092678977099,30
model_4,0.95,-0.4,1.65,9,-0.24986578909465038,0.09218824347577255,30
model_4,0.95,-0.4,1.65,10,-0.268872350362984,0.08246479310692177,30
model_4,0.95,-0.4,1.65,11,-0.28653515257765017,0.07373217216953291,30
model_4,0.95,-0.4,1.65,12,-0.30299069286061026,0.06589808174857165,30
model_4,0.95,-0.4,1.65,13,-0.3183545841123232,0.05887665844787878,30
model_4,0.95,-0.4,1.65,14,-0.33272557803122105,0.052588584283226984,30
model_4,0.95,-0.4,1.65,15,-0.346188747913968,0.046961019311484435,30
model_4,0.95,-0.4,1.65,16,-0.3588180108357278,0.041927402070434314,30
model_4,0.95,-0.4,1.65,17,-0.37067813032796487,0.03742715801209331,30
model_4,0.95,-0.4,1.65,18,-0.38182631022202784,0.03340534907489687,30
model_4,0.95,-0.4,1.65,19,-0.3923134664744778,0.029812290369335834,30
model_4,0.95,-0.4,1.65,20,-0.4021852451224476,0.02660315353375669,30
model_4,0.95,-0.4,2.0,0,0.016666666666666666,0.24138888888888888,30
model_4,0.95,-0.4,2.0,1,-0.019231944595888045,0.20955872316275725,30
model_4,0.95,-0.4,2.0,2,-0.0536813860440249,0.1815937407355006,30
model_4,0.95,-0.4,2.0,3,-0.08511457983892547,0.1571455571922519,30
model_4,0.95,-0.4,2.0,4,-0.11353704015967461,0.1358417188147311,30
model_4,0.95,-0.4,2.0,5,-0.13926151027820757,0.11731954162679875,30
model_4,0.95,-0.4,2.0,6,-0.16261719648233805,0.10124510044846372,30
model_4,0.95,-0.4,2.0,7,-0.18389206640628636,0.0873165048994997,30
model_4,0.95,-0.4,2.0,8,-0.2033286954557128,0.07526322948080663,30
model_4,0.95,-0.4,2.0,9,-0.22113077430923272,0.06484444229388758,30
model_4,0.95,-0.4,2.0,10,-0.23747043940837692,0.05584695160440004,30
model_4,0.95,-0.4,2.0,11,-0.2524944722527389,0.04808295534944043,30
model_4,0.95,-0.4,2.0,12,-0.2663292169857956,0.0413877086316307,30
model_4,0.95,-0.4,2.0,13,-0.27908442193134975,0.035617202093386716,30
model_4,0.95,-0.4,2.0,14,-0.2908562370523168,0.030645922302984574,30
model_4,0.95,-0.4,2.0,15,-0.30172956107998017,0.026364743038041823,30
model_4,0.95,-0.4,2.0,16,-0.3117798894372897,0.02267897682802364,30
model_4,0.95,-0.4,2.0,17,-0.32107477866044887,0.019506600762975248,30
model_4,0.95,-0.4,2.0,18,-0.3296750154995759,0.01677665941370764,30
model_4,0.95,-0.4,2.0,19,-0.33763555787624583,0.014427840124269295,30
model_4,0.95,-0.4,2.0,20,-0.34500629892152723,0.01240721115029771,30
model_4,0.95,-0.2,0.6,0,0.016666666666666666,0.24138888888888888,30
model_4,0.95,-0.2,0.6,1,-0.019870431747443622,0.24161534385284358,30
model_4,0.95,-0.2,0.6,2,-0.05979142391648585,0.2407690692863849,30
model_4,0.95,-0.2,0.6,3,-0.09499971249848285,0.24010394499872223,30
model_4,0.95,-0.2,0.6,4,-0.1250460813510326,0.23972226263008986,30
model_4,0.95,-0.2,0.6,5,-0.15055346781931814,0.23952221987153513,30
model_4,0.95,-0.2,0.6,6,-0.17220435342193047,0.23941074421384584,30
model_4,0.95,-0.2,0.6,7,-0.19059882201256606,0.23932455477205106,30
model_4,0.95,-0.2,0.6,8,-0.20624668363336313,0.23922418639554754,30
model_4,0.95,-0.2,0.6,9,-0.21957838173659747,0.23908669435974025,30
model_4,0.95,-0.2,0.6,10,-0.23095693810224807,0.23890013660417567,30
model_4,0.95,-0.2,0.6,11,-0.24068845188068055,0.23865971002430558,30
model_4,0.95,-0.2,0.6,12,-0.2490310170732736,0.2383651038014779,30
model_4,0.95,-0.2,0.6,13,-0.25620225063076085,0.23801870930105037,30
model_4,0.95,-0.2,0.6,14,-0.2623856408315883,0.23762442529790795,30
model_4,0.95,-0.2,0.6,15,-0.26773589993100255,0.23718687412521372,30
model_4,0.95,-0.2,0.6,16,-0.27238347721340284,0.2367108995330431,30
model_4,0.95,-0.2,0.6,17,-0.2764383641833232,0.23620125606704656,30
model_4,0.95,-0.2,0.6,18,-0.27999330295076197,0.23566242725228334,30
model_4,0.95,-0.2,0.6,19,-0.283126491429967,0.235098529169523,30
model_4,0.95,-0.2,0.6,20,-0.2859038642771674,0.2345132695429819,30
model_4,0.95,-0.2,0.95,0,0.016666666666666666,0.24138888888888888,30
model_4,0.95,-0.2,0.95,1,-0.008935793017094953,0.23694362311325667,30
model_4,0.95,-0.2,0.95,2,-0.03630084312328096,0.23214609443882714,30
model_4,0.95,-0.2,0.95,3,-0.060892707887615145,0.22742138361356187,30
model_4,0.95,-0.2,0.95,4,-0.08246046668668162,0.22281516927921544,30
model_4,0.95,-0.2,0.95,5,-0.10137360753048527,0.21830218985013228,30
model_4,0.95,-0.2,0.95,6,-0.11803611444319301,0.21385973299975142,30
model_4,0.95,-0.2,0.95,7,-0.13280169673726022,0.20947468042676115,30
model_4,0.95,-0.2,0.95,8,-0.14596909646322312,0.20514111217712971,30
model_4,0.95,-0.2,0.95,9,-0.1577889590800515,0.20085762338651753,30
model_4,0.95,-0.2,0.95,10,-0.16847133275318038,0.19662540560137864,30
model_4,0.95,-0.2,0.95,11,-0.178192223858571,0.1924469882312373,30
model_4,0.95,-0.2,0.95,12,-0.18709912690394526,0.18832544273926935,30
model_4,0.95,-0.2,0.95,13,-0.19531565968353778,0.18426389688364234,30
model_4,0.95,-0.2,0.95,14,-0.2029454445004452,0.1802652531036609,30
model_4,0.95,-0.2,0.95,15,-0.21007535786920278,0.17633203931463234,30
model_4,0.95,-0.2,0.95,16,-0.21677825162824568,0.17246634391381657,30
model_4,0.95,-0.2,0.95,17,-0.2231152315739466,0.16866980283202032,30
model_4,0.95,-0.2,0.95,18,-0.22913756564076454,0.1649436173547014,30
model_4,0.95,-0.2,0.95,19,-0.23488828189304506,0.1612885888146684,30
model_4,0.95,-0.2,0.95,20,-0.24040350677169137,0.15770516123804595,30
model_4,0.95,-0.2,1.2999999999999998,0,0.016666666666666666,0.24138888888888888,30
model_4,0.95,-0.2,1.2999999999999998,1,-0.005091144175324784,0.2288246286352138,30
model_4,0.95,-0.2,1.2999999999999998,2,-0.02751285590304433,0.21668707363749606,30
model_4,0.95,-0.2,1.2999999999999998,3,-0.048022011613142936,0.20510882891248525,30
model_4,0.95,-0.2,1.2999999999999998,4,-0.06647871198509706,0.1940960191274046,30
model_4,0.95,-0.2,1.2999999999999998,5,-0.08313291522820306,0.1836259562966801,30
model_4,0.95,-0.2,1.2999999999999998,6,-0.09825678879330957,0.17367520562539107,30
model_4,0.95,-0.2,1.2999999999999998,7,-0.1120859154286501,0.16422261730911195,30
model_4,0.95,-0.2,1.2999999999999998,8,-0.12481593716355106,0.15524858406862208,30
model_4,0.95,-0.2,1.2999999999999998,9,-0.13660804695084153,0.14673425393591505,30
model_4,0.95,-0.2,1.2999999999999998,10,-0.14759497655130155,0.13866109332150925,30
model_4,0.95,-0.2,1.2999999999999998,11,-0.15788615311975085,0.13101070979142876,30
model_4,0.95,-0.2,1.2999999999999998,12,-0.1675719530476681,0.12376482477036914,30
model_4,0.95,-0.2,1.2999999999999998,13,-0.17672717985229852,0.11690532229781818,30
model_4,0.95,-0.2,1.2999999999999998,14,-0.18541390271313313,0.1104143297175852,30
model_4,0.95,-0.2,1.2999999999999998,15,-0.19368377270513507,0.10427430543358432,30
model_4,0.95,-0.2,1.2999999999999998,16,-0.20157991300436873,0.09846812059493266,30
model_4,0.95,-0.2,1.2999999999999998,17,-0.20913846163462338,0.09297912853150718,30
model_4,0.95,-0.2,1.2999999999999998,18,-0.21638983080080437,0.08779121977812718,30
model_4,0.95,-0.2,1.2999999999999998,19,-0.22335973502275885,0.08288886274948952,30
model_4,0.95,-0.2,1.2999999999999998,20,-0.23007003064756945,0.07825713127082001,30
model_4,0.95,-0.2,1.65,0,0.016666666666666666,0.24138888888888888,30
model_4,0.95,-0.2,1.65,1,-0.0032118631825662418,0.21951842391214746,30
model_4,0.95,-0.2,1.65,2,-0.02295253229808543,0.19949839951264287,30
model_4,0.95,-0.2,1.65,3,-0.041105186226632,0.18122814216637675,30
model_4,0.95,-0.2,1.65,4,-0.057609353764371755,0.16457768430649028,30
model_4,0.95,-0.2,1.65,5,-0.07265116638583184,0.14941457249751927,30
model_4,0.95,-0.2,1.65,6,-0.0864306602275977,0.1356142719016801,30
model_4,0.95,-0.2,1.65,7,-0.09912036982840448,0.1230613060740791,30
model_4,0.95,-0.2,1.65,8,-0.11086284553798334,0.11164879736162552,30
model_4,0.95,-0.2,1.65,9,-0.12177509305386097,0.10127791961878477,30
model_4,0.95,-0.2,1.65,10,-0.13195342968771132,0.09185743083920082,30
model_4,0.95,-0.2,1.65,11,-0.14147760313828017,0.08330325421543988,30
model_4,0.95,-0.2,1.65,12,-0.15041410468272443,0.07553807482720792,30
model_4,0.95,-0.2,1.65,13,-0.1588188006199129,0.06849093731484504,30
model_4,0.95,-0.2,1.65,14,-0.16673901665096005,0.062096841797377934,30
model_4,0.95,-0.2,1.65,15,-0.17421518894632937,0.05629634089644753,30
model_4,0.95,-0.2,1.65,16,-0.18128217304482314,0.05103514262018769,30
model_4,0.95,-0.2,1.65,17,-0.18797028269188368,0.04626372389987147,30
model_4,0.95,-0.2,1.65,18,-0.19430611549352292,0.04193695880997198,30
model_4,0.95,-0.2,1.65,19,-0.20031321022432316,0.03801376448742678,30
model_4,0.95,-0.2,1.65,20,-0.2060125711393303,0.034456766764034134,30
model_4,0.95,-0.2,2.0,0,0.016666666666666666,0.24138888888888888,30
model_4,0.95,-0.2,2.0,1,-0.0018823191227265723,0.21063092509811915,30
model_4,0.95,-0.2,2.0,2,-0.01972072987969549,0.18371312227054515,30
model_4,0.95,-0.2,2.0,3,-0.03604445866751032,0.16018158024403384,30
model_4,0.95,-0.2,2.0,4,-0.0508580566038774,0.1396264365147735,30
model_4,0.95,-0.2,2.0,5,-0.06432091549473914,0.12168122437022408,30
model_4,0.95,-0.2,2.0,6,-0.07659937915215423,0.10602179034776939,30
model_4,0.95,-0.2,2.0,7,-0.08783802950175634,0.09236243719480151,30
model_4,0.95,-0.2,2.0,8,-0.09815794321018562,0.08045180655373864,30
model_4,0.95,-0.2,2.0,9,-0.1076602052783786,0.07006906611864588,30
model_4,0.95,-0.2,2.0,10,-0.11642976716574359,0.061020458303018436,30
model_4,0.95,-0.2,2.0,11,-0.124538691798032,0.05313618670951712,30
model_4,0.95,-0.2,2.0,12,-0.13204872181579153,0.046267613488910536,30
model_4,0.95,-0.2,2.0,13,-0.13901328141489563,0.040284744737104604,30
model_4,0.95,-0.2,2.0,14,-0.14547903356403197,0.03507398298055319,30
model_4,0.95,-0.2,2.0,15,-0.1514870942721907,0.030536126135708552,30
model_4,0.95,-0.2,2.0,16,-0.15707398345076984,0.026584592273306704,30
model_4,0.95,-0.2,2.0,17,-0.1622723734751203,0.023143849670733258,30
model_4,0.95,-0.2,2.0,18,-0.16711168214800975,0.02014803217376756,30
model_4,0.95,-0.2,2.0,19,-0.17161854572283863,0.017539720791173885,30
model_4,0.95,-0.2,2.0,20,-0.17581719921901454,0.01526887361903951,30
model_4,0.95,0.0,0.6,0,0.016666666666666666,0.24138888888888888,30
model_4,0.95,0.0,0.6,1,0.01665189204504339,0.2409611070427285,30
model_4,0.95,0.0,0.6,2,0.01663713052078675,0.2405340832981889,30
model_4,0.95,0.0,0.6,3,0.016622382082286242,0.24010781631178602,30
model_4,0.95,0.0,0.6,4,0.01660764671794163,0.23968230474241684,30
model_4,0.95,0.0,0.6,5,0.01659292441616295,0.23925754725135484,30
model_4,0.95,0.0,0.6,6,0.016578215165370593,0.23883354250224595,30
model_4,0.95,0.0,0.6,7,0.016563518953995143,0.23841028916110454,30
model_4,0.95,0.0,0.6,8,0.016548835770477405,0.23798778589630884,30
model_4,0.95,0.0,0.6,9,0.016534165603268473,0.2375660313785969,30
model_4,0.95,0.0,0.6,10,0.016519508440829767,0.23714502428106266,30
model_4,0.95,0.0,0.6,11,0.0165048642716328,0.23672476327915135,30
model_4,0.95,0.0,0.6,12,0.016490233084159353,0.2363052470506556,30
model_4,0.95,0.0,0.6,13,0.01647561486690143,0.2358864742757113,30
model_4,0.95,0.0,0.6,14,0.016461009608361225,0.2354684436367933,30
model_4,0.95,0.0,0.6,15,0.01644641729705114,0.2350511538187113,30
model_4,0.95,0.0,0.6,16,0.016431837921493733,0.2346346035086058,30
model_4,0.95,0.0,0.6,17,0.016417271470221793,0.23421879139594373,30
model_4,0.95,0.0,0.6,18,0.016402717931778176,0.23380371617251483,30
model_4,0.95,0.0,0.6,19,0.016388177294716075,0.23338937653242692,30
model_4,0.95,0.0,0.6,20,0.016373649547598578,0.23297577117210225,30
model_4,0.95,0.0,0.95,0,0.016666666666666666,0.24138888888888888,30
model_4,0.95,0.0,0.95,1,0.016516781583649238,0.23706674020343593,30
model_4,0.95,0.0,0.95,2,0.016368244432918476,0.23282198103390123,30
model_4,0.95,0.0,0.95,3,0.016221043092377815,0.22865322569515228,30
model_4,0.95,0.0,0.95,4,0.016075165548946006,0.22455911331321174,30
model_4,0.95,0.0,0.95,5,0.01593059989757667,0.22053830738100524,30
model_4,0.95,0.0,0.95,6,0.015787334340286705,0.21658949532206415,30
model_4,0.95,0.0,0.95,7,0.015645357185193644,0.2127113880620399,30
model_4,0.95,0.0,0.95,8,0.01550465684556126,0.20890271960789078,30
model_4,0.95,0.0,0.95,9,0.015365221838854042,0.20516224663460325,30
model_4,0.95,0.0,0.95,10,0.015227040785800176,0.20148874807931352,30
model_4,0.95,0.0,0.95,11,0.015090102409462782,0.1978810247426962,30
model_4,0.95,0.0,0.95,12,0.014954395534319749,0.1943378988974904,30
model_4,0.95,0.0,0.95,13,0.014819909085351518,0.19085821390403523,30
model_4,0.95,0.0,0.95,14,0.014686632087137374,0.1874408338326893,30
model_4,0.95,0.0,0.95,15,0.01455455366295976,0.18408464309301084,30
model_4,0.95,0.0,0.95,16,0.014423663033916493,0.18078854606957756,30
model_4,0.95,0.0,0.95,17,0.014293949518041239,0.17755146676432731,30
model_4,0.95,0.0,0.95,18,0.014165402529431735,0.1743723484453026,30
model_4,0.95,0.0,0.95,19,0.01403801157738577,0.1712501533016847,30
model_4,0.95,0.0,0.95,20,0.01391176626554524,0.16818386210500413,30
model_4,0.95,0.0,1.2999999999999998,0,0.016666666666666666,0.24138888888888888,30
model_4,0.95,0.0,1.2999999999999998,1,0.01624146243986885,0.22922925379934778,30
model_4,0.95,0.0,1.2999999999999998,2,0.015827106131140245,0.21768214369466152,30
model_4,0.95,0.0,1.2999999999999998,3,0.015423320985643925,0.20671670346657162,30
model_4,0.95,0.0,1.2999999999999998,4,0.015029837309182652,0.19630363229069242,30
model_4,0.95,0.0,1.2999999999999998,5,0.014646392288065729,0.18641510533158703,30
model_4,0.95,0.0,1.2999999999999998,6,0.014272729813572279,0.17702469939184284,30
model_4,0.95,0.0,1.2999999999999998,7,0.013908600310891816,0.1681073223064736,30
model_4,0.95,0.0,1.2999999999999998,8,0.01355376057242984,0.15963914589398137,30
model_4,0.95,0.0,1.2999999999999998,9,0.013207973595365663,0.15159754228491737,30
model_4,0.95,0.0,1.2999999999999998,10,0.012871008423354669,0.1439610234578044,30
model_4,0.95,0.0,1.2999999999999998,11,0.012542639992269025,0.13670918382085434,30
model_4,0.95,0.0,1.2999999999999998,12,0.012222648979874061,0.1298226456860533,30
model_4,0.95,0.0,1.2999999999999998,13,0.011910821659339542,0.12328300748991486,30
model_4,0.95,0.0,1.2999999999999998,14,0.011606949756488355,0.11707279462254234,30
model_4,0.95,0.0,1.2999999999999998,15,0.011310830310687104,0.11117541273360969,30
model_4,0.95,0.0,1.2999999999999998,16,0.011022265539285252,0.10557510339048962,30
model_4,0.95,0.0,1.2999999999999998,17,0.010741062705513766,0.10025690197004299,30
model_4,0.95,0.0,1.2999999999999998,18,0.010467033989752714,0.09520659767155157,30
model_4,0.95,0.0,1.2999999999999998,19,0.01019999636408394,0.09041069554394494,30
model_4,0.95,0.0,1.2999999999999998,20,0.009939771470044092,0.08585638042585346,30
model_4,0.95,0.0,1.65,0,0.016666666666666666,0.24138888888888888,30
model_4,0.95,0.0,1.65,1,0.015909397471733446,0.219951658356917,30
model_4,0.95,0.0,1.65,2,0.0151865356748159,0.20041822238233434,30
model_4,0.95,0.0,1.65,3,0.014496517936158335,0.18261950904555044,30
model_4,0.95,0.0,1.65,4,0.013837851948147356,0.16640146134225703,30
model_4,0.95,0.0,1.65,5,0.01320911320788465,0.15162370374094114,30
model_4,0.95,0.0,1.65,6,0.01260894193640165,0.13815832716057116,30
model_4,0.95,0.0,1.65,7,0.012036040137853322,0.12588878185181404,30
model_4,0.95,0.0,1.65,8,0.011489168792330761,0.11470886859910145,30
model_4,0.95,0.0,1.65,9,0.010967145176221549,0.10452181951188141,30
model_4,0.95,0.0,1.65,10,0.01046884030432277,0.09523946044883136,30
model_4,0.95,0.0,1.65,11,0.009993176488174431,0.08678144782538373,30
model_4,0.95,0.0,1.65,12,0.009539125005332893,0.0790745731987419,30
model_4,0.95,0.0,1.65,13,0.009105703874543522,0.07205212961121212,30
model_4,0.95,0.0,1.65,14,0.008691975732000966,0.06565333420722792,30
model_4,0.95,0.0,1.65,15,0.008297045804103852,0.05982280212652066,30
model_4,0.95,0.0,1.65,16,0.007920059972320021,0.05451006711971151,30
model_4,0.95,0.0,1.65,17,0.007560202925976318,0.049669144737006475,30
model_4,0.95,0.0,1.65,18,0.007216696398979164,0.0452581343091686,30
model_4,0.95,0.0,1.65,19,0.006888797486651214,0.041238856275707905,30
model_4,0.95,0.0,1.65,20,0.00657579703904479,0.03757652172117862,30
model_4,0.95,0.0,2.0,0,0.016666666666666666,0.24138888888888888,30
model_4,0.95,0.0,2.0,1,0.01558242938030835,0.211003719585906,30
model_4,0.95,0.0,2.0,2,0.014568726323537813,0.1844433266337348,30
model_4,0.95,0.0,2.0,3,0.013620968945854042,0.16122626087578656,30
model_4,0.95,0.0,2.0,4,0.012734867201408614,0.1409316762519988,30
model_4,0.95,0.0,2.0,5,0.011906410130013294,0.12319170129796822,30
model_4,0.95,0.0,2.0,6,0.011131847701435188,0.10768477089246704,30
model_4,0.95,0.0,2.0,7,0.010407673840797707,0.09412979738071336,30
model_4,0.95,0.0,2.0,8,0.009730610558250767,0.08228107541578078,30
model_4,0.95,0.0,2.0,9,0.009097593111073521,0.07192382816033314,30
model_4,0.95,0.0,2.0,10,0.008505756131044977,0.06287031411654334,30
model_4,0.95,0.0,2.0,11,0.00795242065428798,0.054956424014326564,30
model_4,0.95,0.0,2.0,12,0.007435081994876883,0.04803870607110151,30
model_4,0.95,0.0,2.0,13,0.006951398407318265,0.041991765701205136,30
model_4,0.95,0.0,2.0,14,0.006499180486585486,0.036705992540578776,30
model_4,0.95,0.0,2.0,15,0.006076381257725802,0.032085573585450756,30
model_4,0.95,0.0,2.0,16,0.005681086910180494,0.028046756430009957,30
model_4,0.95,0.0,2.0,17,0.005311508134876887,0.024516331121504368,30
model_4,0.95,0.0,2.0,18,0.0049659720248791455,0.021430303113985798,30
model_4,0.95,0.0,2.0,19,0.004642914502935956,0.018732733265887154,30
model_4,0.95,0.0,2.0,20,0.004340873241648556,0.016374723854552554,30
model_4,0.95,0.20000000000000007,0.6,0,0.016666666666666666,0.24138888888888888,30
model_4,0.95,0.20000000000000007,0.6,1,0.05316744422664391,0.2418808678300384,30
model_4,0.95,0.20000000000000007,0.6,2,0.09283849896049239,0.24107661768938632,30
model_4,0.95,0.20000000000000007,0.6,3,0.1277954424310996,0.24041814238100287,30
model_4,0.95,0.20000000000000007,0.6,4,0.1576172663881183,0.24003742681231996,30
model_4,0.95,0.20000000000000007,0.6,5,0.18292706233937867,0.23983733228475787,30
model_4,0.95,0.20000000000000007,0.6,6,0.20440375410520448,0.23972553883950556,30
model_4,0.95,0.20000000000000007,0.6,7,0.22264385878855478,0.2396389034659572,30
model_4,0.95,0.20000000000000007,0.6,8,0.23815409613196284,0.23953799894650385,30
model_4,0.95,0.20000000000000007,0.6,9,0.2513622939757914,0.23939989966134298,30
model_4,0.95,0.20000000000000007,0.6,10,0.26262926864843117,0.23921267715921143,30
model_4,0.95,0.20000000000000007,0.6,11,0.2722592604712903,0.2389715390611767,30
model_4,0.95,0.20000000000000007,0.6,12,0.28050879661818107,0.23867618321336323,30
model_4,0.95,0.20000000000000007,0.6,13,0.28759417318672015,0.23832900803786894,30
model_4,0.95,0.20000000000000007,0.6,14,0.2936977648686964,0.23793391808311848,30
model_4,0.95,0.20000000000000007,0.6,15,0.29897334502548634,0.23749554042323287,30
model_4,0.95,0.20000000000000007,0.6,16,0.30355057130917407,0.23701872271378635,30
model_4,0.95,0.20000000000000007,0.6,17,0.30753876774157163,0.23650822272678002,30
model_4,0.95,0.20000000000000007,0.6,18,0.3110301136208606,0.2359685266591737,30
model_4,0.95,0.20000000000000007,0.6,19,0.3141023323008225,0.23540375280921838,30
model_4,0.95,0.20000000000000007,0.6,20,0.31682095828622053,0.23481761074486215,30
model_4,0.95,0.20000000000000007,0.95,0,0.016666666666666666,0.24138888888888888,30
model_4,0.95,0.20000000000000007,0.95,1,0.04194390740234337,0.23710222832561473,30
model_4,0.95,0.20000000000000007,0.95,2,0.06890383640867608,0.23232937227779096,30
model_4,0.95,0.20000000000000007,0.95,3,0.09308859771429781,0.22760720949411653,30
model_4,0.95,0.20000000000000007,0.95,4,0.11425838346256996,0.22299963862442512,30
model_4,0.95,0.20000000000000007,0.95,5,0.13278331061381357,0.218484410007346,30
model_4,0.95,0.20000000000000007,0.95,6,0.14906655479250094,0.2140393549396018,30
model_4,0.95,0.20000000000000007,0.95,7,0.1634609682637601,0.20965149051754364,30
model_4,0.95,0.20000000000000007,0.95,8,0.17626456176288244,0.20531495798718274,30
model_4,0.95,0.20000000000000007,0.95,9,0.18772737097443296,0.20102839471699926,30
model_4,0.95,0.20000000000000007,0.95,10,0.19805893337502492,0.19679302558835712,30
model_4,0.95,0.20000000000000007,0.95,11,0.20743482459375975,0.19261140706375882,30
model_4,0.95,0.20000000000000007,0.95,12,0.21600217360052903,0.18848663263555226,30
model_4,0.95,0.20000000000000007,0.95,13,0.2238842863993702,0.18442184796841468,30
model_4,0.95,0.20000000000000007,0.95,14,0.23118451812147905,0.18041997001055007,30
model_4,0.95,0.20000000000000007,0.95,15,0.23798951531855517,0.17648353838530723,30
model_4,0.95,0.20000000000000007,0.95,16,0.24437193098688542,0.17261465088986946,30
model_4,0.95,0.20000000000000007,0.95,17,0.2503926981595627,0.16881495095372356,30
model_4,0.95,0.20000000000000007,0.95,18,0.25610293389187283,0.16508564579566337,30
model_4,0.95,0.20000000000000007,0.95,19,0.261545533753269,0.1614275413937808,30
model_4,0.95,0.20000000000000007,0.95,20,0.26675650714910815,0.15784108536035,30
model_4,0.95,0.20000000000000007,1.2999999999999998,0,0.016666666666666666,0.24138888888888888,30
model_4,0.95,0.20000000000000007,1.2999999999999998,1,0.03753965307650913,0.22892401276207208,30
model_4,0.95,0.20000000000000007,1.2999999999999998,2,0.059061067697860674,0.21680065973328475,30
model_4,0.95,0.20000000000000007,1.2999999999999998,3,0.07868674643755635,0.20522107766607678,30
model_4,0.95,0.20000000000000007,1.2999999999999998,4,0.09628204575156603,0.19420404895942575,30
model_4,0.95,0.20000000000000007,1.2999999999999998,5,0.11209743131904176,0.1837292311377686,30
model_4,0.95,0.20000000000000007,1.2999999999999998,6,0.12640479778389063,0.17377366148106257,30
model_4,0.95,0.20000000000000007,1.2999999999999998,7,0.13943933894467223,0.164316312501666,30
model_4,0.95,0.20000000000000007,1.2999999999999998,8,0.15139628579881279,0.15533762632836046,30
model_4,0.95,0.20000000000000007,1.2999999999999998,9,0.1624364057048582,0.14681877938983665,30
model_4,0.95,0.20000000000000007,1.2999999999999998,10,0.17269199006512878,0.1387412565149567,30
model_4,0.95,0.20000000000000007,1.2999999999999998,11,0.18227201261606765,0.13108667706645344,30
model_4,0.95,0.20000000000000007,1.2999999999999998,12,0.1912663864168458,0.12383676934718622,30
model_4,0.95,0.20000000000000007,1.2999999999999998,13,0.19974944526577704,0.11697342053689012,30
model_4,0.95,0.20000000000000007,1.2999999999999998,14,0.2077827855618455,0.11047875828564915,30
model_4,0.95,0.20000000000000007,1.2999999999999998,15,0.21541758543016476,0.10433523917702296,30
model_4,0.95,0.20000000000000007,1.2999999999999998,16,0.2226964973361091,0.09852573096789247,30
model_4,0.95,0.20000000000000007,1.2999999999999998,17,0.22965519278404115,0.0930335824581047,30
model_4,0.95,0.20000000000000007,1.2999999999999998,18,0.23632362320204578,0.08784267885314097,30
model_4,0.95,0.20000000000000007,1.2999999999999998,19,0.24272704928764424,0.08293748270187724,30
model_4,0.95,0.20000000000000007,1.2999999999999998,20,0.24888688145007565,0.0783030616302811,30
model_4,0.95,0.20000000000000007,1.65,0,0.016666666666666666,0.24138888888888888,30
model_4,0.95,0.20000000000000007,1.65,1,0.03499755048323182,0.21958228877057576,30
model_4,0.95,0.20000000000000007,1.65,2,0.053242233343084686,0.19957034364770165,30
model_4,0.95,0.20000000000000007,1.65,3,0.06996255775476443,0.18129703384741389,30
model_4,0.95,0.20000000000000007,1.65,4,0.08509847716176125,0.16464150024863738,30
model_4,0.95,0.20000000000000007,1.65,5,0.09883426946518174,0.14947316408017722,30
model_4,0.95,0.20000000000000007,1.65,6,0.11136769924175416,0.1356678842594631,30
model_4,0.95,0.20000000000000007,1.65,7,0.12286896850331155,0.12311026744227214,30
model_4,0.95,0.20000000000000007,1.65,8,0.13347830320522666,0.11169344870779258,30
model_4,0.95,0.20000000000000007,1.65,9,0.14331041232188102,0.10131859535449456,30
model_4,0.95,0.20000000000000007,1.65,10,0.1524593562632525,0.0918944516672269,30
model_4,0.95,0.20000000000000007,1.65,11,0.16100267598669102,0.0833369237454052,30
model_4,0.95,0.20000000000000007,1.65,12,0.16900471473653128,0.07556867789970019,30
model_4,0.95,0.20000000000000007,1.65,13,0.17651925601504526,0.06851873934180568,30
model_4,0.95,0.20000000000000007,1.65,14,0.18359161254599796,0.06212208877375979,30
model_4,0.95,0.20000000000000007,1.65,15,0.19026028023453045,0.05631925986205977,30
model_4,0.95,0.20000000000000007,1.65,16,0.19655824857316642,0.05105594241625768,30
model_4,0.95,0.20000000000000007,1.65,17,0.20251403989106942,0.046282596108532754,30
model_4,0.95,0.20000000000000007,1.65,18,0.20815253457352184,0.0419540787964038,30
model_4,0.95,0.20000000000000007,1.65,19,0.2134956272969493,0.038029292487581925,30
model_4,0.95,0.20000000000000007,1.65,20,0.2185627497957075,0.03447084897802536,30
model_4,0.95,0.20000000000000007,2.0,0,0.016666666666666666,0.24138888888888888,30
model_4,0.95,0.20000000000000007,2.0,1,0.033019301737067006,0.2106731932023008,30
model_4,0.95,0.20000000000000007,2.0,2,0.048794805620861456,0.1837600348068275,30
model_4,0.95,0.20000000000000007,2.0,3,0.06318743578498215,0.1602251449750796,30
model_4,0.95,0.20000000000000007,2.0,4,0.07619521554441108,0.13966529852600051,30
model_4,0.95,0.20000000000000007,2.0,5,0.08797022547146209,0.12171549724437852,30
model_4,0.95,0.20000000000000007,2.0,6,0.09867161645168829,0.1060518898590449,30
model_4,0.95,0.20000000000000007,2.0,7,0.10843708315901811,0.09238881575539526,30
model_4,0.95,0.20000000000000007,2.0,8,0.11738115605841944,0.08047489215797114,30
model_4,0.95,0.20000000000000007,2.0,9,0.1255987190974616,0.07008924888427313,30
model_4,0.95,0.20000000000000007,2.0,10,0.13316886438773365,0.06103808879336093,30
model_4,0.95,0.20000000000000007,2.0,11,0.14015813035919408,0.053151577544592904,30
model_4,0.95,0.20000000000000007,2.0,12,0.14662306058156216,0.04628104202404788,30
model_4,0.95,0.20000000000000007,2.0,13,0.15261219412858107,0.04029645609954943,30
model_4,0.95,0.20000000000000007,2.0,14,0.15816760982409878,0.03508419316888558,30
model_4,0.95,0.20000000000000007,2.0,15,0.16332612657235163,0.03054502503201555,30
model_4,0.95,0.20000000000000007,2.0,16,0.16812023976834234,0.0265923464862684,30
model_4,0.95,0.20000000000000007,2.0,17,0.17257885525051195,0.023150605167022293,30
model_4,0.95,0.20000000000000007,2.0,18,0.17672786776753838,0.020153916679715923,30
model_4,0.95,0.20000000000000007,2.0,19,0.18059061981235242,0.017544845962241047,30
model_4,0.95,0.20000000000000007,2.0,20,0.18418826819202605,0.015273336984285478,30
model_4,0.95,0.4,0.6,0,0.016666666666666666,0.24138888888888888,30
model_4,0.95,0.4,0.6,1,0.08305583427207987,0.24365654963426775,30
model_4,0.95,0.4,0.6,2,0.15496475376587238,0.2418517948355186,30
model_4,0.95,0.4,0.6,3,0.21739558312977186,0.2404222309863192,30
model_4,0.95,0.4,0.6,4,0.26952548674340265,0.2398194796417643,30
model_4,0.95,0.4,0.6,5,0.31274356640341683,0.2397180319208376,30
model_4,0.95,0.4,0.6,6,0.3485610973054284,0.2398150360317492,30
model_4,0.95,0.4,0.6,7,0.3782854724258306,0.23991634806801826,30
model_4,0.95,0.4,0.6,8,0.4030021483133833,0.23991262006652433,30
model_4,0.95,0.4,0.6,9,0.4236046118192957,0.23975000467544472,30
model_4,0.95,0.4,0.6,10,0.4408269937498533,0.23940883619223166,30
model_4,0.95,0.4,0.6,11,0.4552722674900288,0.2388895308735333,30
model_4,0.95,0.4,0.6,12,0.46743564978653357,0.23820356694942701,30
model_4,0.95,0.4,0.6,13,0.47772385678290313,0.23736784473943617,30
model_4,0.95,0.4,0.6,14,0.4864709224346641,0.23640125250943336,30
model_4,0.95,0.4,0.6,15,0.49395118917145575,0.23532265363456717,30
model_4,0.95,0.4,0.6,16,0.5003899761261769,0.23414977725175243,30
model_4,0.95,0.4,0.6,17,0.5059723403506257,0.23289867311939536,30
model_4,0.95,0.4,0.6,18,0.5108502720748209,0.23158351008656333,30
model_4,0.95,0.4,0.6,19,0.5151486039979595,0.23021657611723578,30
model_4,0.95,0.4,0.6,20,0.5189698644931917,0.22880838955554317,30
model_4,0.95,0.4,0.95,0,0.016666666666666666,0.24138888888888888,30
model_4,0.95,0.4,0.95,1,0.06574951307350853,0.23686568011315975,30
model_4,0.95,0.4,0.95,2,0.11781145171036632,0.23048088593529392,30
model_4,0.95,0.4,0.95,3,0.16427861778458736,0.22404929159048959,30
model_4,0.95,0.4,0.95,4,0.20467800910258516,0.2178122417524774,30
model_4,0.95,0.4,0.95,5,0.2397791737659134,0.2117040771559974,30
model_4,0.95,0.4,0.95,6,0.27042203023904116,0.20565961230513902,30
model_4,0.95,0.4,0.95,7,0.2973372836946377,0.1996469420159801,30
model_4,0.95,0.4,0.95,8,0.32113623767104116,0.1936588806924945,30
model_4,0.95,0.4,0.95,9,0.34232645309054005,0.18770265874465833,30
model_4,0.95,0.4,0.95,10,0.3613288286613776,0.18179271881056847,30
model_4,0.95,0.4,0.95,11,0.3784924090555048,0.17594621389110424,30
model_4,0.95,0.4,0.95,12,0.3941067358937188,0.17018035398006273,30
model_4,0.95,0.4,0.95,13,0.408412077712171,0.16451094506597413,30
model_4,0.95,0.4,0.95,14,0.4216078956112525,0.158951676149839,30
model_4,0.95,0.4,0.95,15,0.43385984997829347,0.1535138628314842,30
model_4,0.95,0.4,0.95,16,0.44530560110602513,0.148206458980075,30
model_4,0.95,0.4,0.95,17,0.45605961216645047,0.14303621617043372,30
model_4,0.95,0.4,0.95,18,0.46621712657796843,0.13800791539504054,30
model_4,0.95,0.4,0.95,19,0.47585746192250267,0.1331246248581224,30
model_4,0.95,0.4,0.95,20,0.4850467379830994,0.12838795664111866,30
model_4,0.95,0.4,1.2999999999999998,0,0.016666666666666666,0.24138888888888888,30
model_4,0.95,0.4,1.2999999999999998,1,0.05829423785891244,0.22785229765925752,30
model_4,0.95,0.4,1.2999999999999998,2,0.1009553176587918,0.21400109755704,30
model_4,0.95,0.4,1.2999999999999998,3,0.1397633481668295,0.2006069555506046,30
model_4,0.95,0.4,1.2999999999999998,4,0.17445218951093266,0.1878235287175133,30
model_4,0.95,0.4,1.2999999999999998,5,0.20552123038469527,0.17565943246241783,30
model_4,0.95,0.4,1.2999999999999998,6,0.2335155998184692,0.16410730867731402,30
model_4,0.95,0.4,1.2999999999999998,7,0.258906990762643,0.15316062709582381,30
model_4,0.95,0.4,1.2999999999999998,8,0.2820864330405706,0.14281246611425197,30
model_4,0.95,0.4,1.2999999999999998,9,0.3033755249284922,0.13305341426470838,30
model_4,0.95,0.4,1.2999999999999998,10,0.323038753758714,0.12387063992030103,30
model_4,0.95,0.4,1.2999999999999998,11,0.341294066893245,0.11524785509005904,30
model_4,0.95,0.4,1.2999999999999998,12,0.3583215390474957,0.1071657562093559,30
model_4,0.95,0.4,1.2999999999999998,13,0.3742704135038846,0.09960266210149173,30
model_4,0.95,0.4,1.2999999999999998,14,0.38926481397272256,0.0925351893687784,30
model_4,0.95,0.4,1.2999999999999998,15,0.40340837872204127,0.08593888243343853,30
model_4,0.95,0.4,1.2999999999999998,16,0.4167880217903203,0.0797887608944328,30
model_4,0.95,0.4,1.2999999999999998,17,0.42947698689051045,0.0740597725235124,30
model_4,0.95,0.4,1.2999999999999998,18,0.4415373279213436,0.06872715396944622,30
model_4,0.95,0.4,1.2999999999999998,19,0.4530219244813062,0.06376670796590757,30
model_4,0.95,0.4,1.2999999999999998,20,0.4639761201945519,0.059155008524835254,30
model_4,0.95,0.4,1.65,0,0.016666666666666666,0.24138888888888888,30
model_4,0.95,0.4,1.65,1,0.05382346733982961,0.21839855715101955,30
model_4,0.95,0.4,1.65,2,0.09060336782956353,0.1969672616975553,30
model_4,0.95,0.4,1.65,3,0.12424204921542374,0.17731397182226924,30
model_4,0.95,0.4,1.65,4,0.15462422603786874,0.1594076398301179,30
model_4,0.95,0.4,1.65,5,0.18211576604595114,0.14314560605582474,30
model_4,0.95,0.4,1.65,6,0.20711171482210955,0.12841325890009814,30
model_4,0.95,0.4,1.65,7,0.2299538917859911,0.11509584354810676,30
model_4,0.95,0.4,1.65,8,0.2509254542965331,0.10308103930298959,30
model_4,0.95,0.4,1.65,9,0.270259475687752,0.09226019177715152,30
model_4,0.95,0.4,1.65,10,0.28814845411243717,0.0825293323729808,30
model_4,0.95,0.4,1.65,11,0.30475238149682243,0.07379000870828939,30
model_4,0.95,0.4,1.65,12,0.32020522049936495,0.06594986981163928,30
model_4,0.95,0.4,1.65,13,0.3346200359025412,0.05892299962329429,30
model_4,0.95,0.4,1.65,14,0.34809305046452244,0.05263002855585804,30
model_4,0.95,0.4,1.65,15,0.3607068524536149,0.046998067193651356,30
model_4,0.95,0.4,1.65,16,0.37253293592804687,0.0419605073847503,30
model_4,0.95,0.4,1.65,17,0.38363371622220216,0.03745673103123301,30
model_4,0.95,0.4,1.65,18,0.39406413245134625,0.033431759811797634,30
model_4,0.95,0.4,1.65,19,0.4038729247873264,0.029835871876204876,30
model_4,0.95,0.4,1.65,20,0.41310365540402005,0.02662420511545699,30
model_4,0.95,0.4,2.0,0,0.016666666666666666,0.24138888888888888,30
model_4,0.95,0.4,2.0,1,0.05028570722237794,0.20964107211851912,30
model_4,0.95,0.4,2.0,2,0.08256785427425976,0.18168485555572003,30
model_4,0.95,0.4,2.0,3,0.111965931644671,0.15722963793737488,30
model_4,0.95,0.4,2.0,4,0.13848495396658989,0.1359161144651839,30
model_4,0.95,0.4,2.0,5,0.1624324495058798,0.11738454991981306,30
model_4,0.95,0.4,2.0,6,0.18413129428675293,0.10130163017266827,30
model_4,0.95,0.4,2.0,7,0.20386286383876168,0.08736553426430638,30
model_4,0.95,0.4,2.0,8,0.2218631287216209,0.0753056789099829,30
model_4,0.95,0.4,2.0,9,0.2383292760702125,0.06488114577707153,30
model_4,0.95,0.4,2.0,10,0.2534271145494789,0.05587865326633303,30
model_4,0.95,0.4,2.0,11,0.26729732673225864,0.04811031340018734,30
model_4,0.95,0.4,2.0,12,0.28006042298354167,0.041411301825146116,30
model_4,0.95,0.4,2.0,13,0.29182060548209243,0.035637537040157125,30
model_4,0.95,0.4,2.0,14,0.30266877721265006,0.03066344091120252,30
model_4,0.95,0.4,2.0,15,0.3126848922992073,0.026379829706663253,30
model_4,0.95,0.4,2.0,16,0.32193980102030345,0.0226919651881751,30
model_4,0.95,0.4,2.0,17,0.3304967069867151,0.01951777986590398,30
model_4,0.95,0.4,2.0,18,0.3384123260375922,0.016786279326966073,30
model_4,0.95,0.4,2.0,19,0.34573781507424456,0.014436116937472465,30
model_4,0.95,0.4,2.0,20,0.35251952283097515,0.012414331415715692,30
model_4,1.2,-0.4,0.6,0,0.016666666666666666,0.24138888888888888,30
model_4,1.2,-0.4,0.6,1,-0.04906468609957388,0.2439247376367724,30
model_4,1.2,-0.4,0.6,2,-0.12118181162292976,0.24282164852380142,30
model_4,1.2,-0.4,0.6,3,-0.18373422506407927,0.24228254618125253,30
model_4,1.2,-0.4,0.6,4,-0.23578512152929199,0.24269181431532053,30
model_4,1.2,-0.4,0.6,5,-0.2787338678514733,0.24369359113294412,30
model_4,1.2,-0.4,0.6,6,-0.31411718375889114,0.24496449969038803,30
model_4,1.2,-0.4,0.6,7,-0.34326701308363616,0.24629401902367606,30
model_4,1.2,-0.4,0.6,8,-0.3672904034510536,0.247559339962411,30
model_4,1.2,-0.4,0.6,9,-0.3870994811525948,0.24869561375789523,30
model_4,1.2,-0.4,0.6,10,-0.4034443688384745,0.24967428016468568,30
model_4,1.2,-0.4,0.6,11,-0.41694171325687934,0.25048863393024995,30
model_4,1.2,-0.4,0.6,12,-0.42809839375190795,0.2511444973265614,30
model_4,1.2,-0.4,0.6,13,-0.4373310550143128,0.25165430942023365,30
model_4,1.2,-0.4,0.6,14,-0.44498216991823974,0.25203346110303865,30
model_4,1.2,-0.4,0.6,15,-0.451333243810328,0.25229808993371494,30
model_4,1.2,-0.4,0.6,16,-0.4566156681694585,0.25246381305251314,30
model_4,1.2,-0.4,0.6,17,-0.46101964201063694,0.2525450541214537,30
model_4,1.2,-0.4,0.6,18,-0.4647015050408748,0.25255473892264535,30
model_4,1.2,-0.4,0.6,19,-0.46778976533346917,0.2525042131852942,30
model_4,1.2,-0.4,0.6,20,-0.47039005393810607,0.25240328850458477,30
model_4,1.2,-0.4,0.95,0,0.016666666666666666,0.24138888888888888,30
model_4,1.2,-0.4,0.95,1,-0.029792942592377934,0.240432678819729,30
model_4,1.2,-0.4,0.95,2,-0.08020305206475921,0.23779541373511123,30
model_4,1.2,-0.4,0.95,3,-0.12476833692763685,0.23530481209169304,30
model_4,1.2,-0.4,0.95,4,-0.16293176894527947,0.23313355951984563,30
model_4,1.2,-0.4,0.95,5,-0.19549274067932404,0.23114785423646025,30
model_4,1.2,-0.4,0.95,6,-0.22332826457249386,0.2292261952430176,30
model_4,1.2,-0.4,0.95,7,-0.24720535125750168,0.22729129370346998,30
model_4,1.2,-0.4,0.95,8,-0.2677703006147854,0.22530027258143082,30
model_4,1.2,-0.4,0.95,9,-0.2855638931929422,0.2232330918945462,30
model_4,1.2,-0.4,0.95,10,-0.3010380333489343,0.221084036305289,30
model_4,1.2,-0.4,0.95,11,-0.3145702815923686,0.21885595888324044,30
model_4,1.2,-0.4,0.95,12,-0.32647608583491133,0.21655649816450806,30
model_4,1.2,-0.4,0.95,13,-0.3370190080196668,0.21419564269412764,30
model_4,1.2,-0.4,0.95,14,-0.3464192658725643,0.21178420145317156,30
model_4,1.2,-0.4,0.95,15,-0.35486086708918324,0.20933287696614317,30
model_4,1.2,-0.4,0.95,16,-0.36249756844631853,0.20685173469836843,30
model_4,1.2,-0.4,0.95,17,-0.3694578537675095,0.20434992903053234,30
model_4,1.2,-0.4,0.95,18,-0.3758490924932285,0.20183559181203536,30
model_4,1.2,-0.4,0.95,19,-0.38176101383865,0.1993158207492857,30
model_4,1.2,-0.4,0.95,20,-0.3872686092324071,0.1967967261840028,30
model_4,1.2,-0.4,1.2999999999999998,0,0.016666666666666666,0.24138888888888888,30
model_4,1.2,-0.4,1.2999999999999998,1,-0.021367879423841166,0.23502884758123643,30
model_4,1.2,-0.4,1.2999999999999998,2,-0.061663272377491245,0.22789669140621382,30
model_4,1.2,-0.4,1.2999999999999998,3,-0.0979670917849462,0.22083785171779746,30
model_4,1.2,-0.4,1.2999999999999998,4,-0.12992287571678715,0.21396568844987032,30
model_4,1.2,-0.4,1.2999999999999998,5,-0.15806937563150159,0.20724846392638205,30
model_4,1.2,-0.4,1.2999999999999998,6,-0.1829972583395398,0.20065629261676915,30
model_4,1.2,-0.4,1.2999999999999998,7,-0.20522126637926064,0.19417580858814962,30
model_4,1.2,-0.4,1.2999999999999998,8,-0.22517285422323985,0.18780541569835207,30
model_4,1.2,-0.4,1.2999999999999998,9,-0.2432110109135093,0.1815500296369283,30
model_4,1.2,-0.4,1.2999999999999998,10,-0.25963409256313286,0.17541749101106108,30
model_4,1.2,-0.4,1.2999999999999998,11,-0.27469009465973876,0.16941637508680454,30
model_4,1.2,-0.4,1.2999999999999998,12,-0.2885852342768708,0.16355474248972526,30
model_4,1.2,-0.4,1.2999999999999998,13,-0.301491071190739,0.1578394895770949,30
model_4,1.2,-0.4,1.2999999999999998,14,-0.31355041132357103,0.15227606976334382,30
model_4,1.2,-0.4,1.2999999999999998,15,-0.32488220133213713,0.14686843687539206,30
model_4,1.2,-0.4,1.2999999999999998,16,-0.3355855876061621,0.1416191149180917,30
model_4,1.2,-0.4,1.2999999999999998,17,-0.3457432828536622,0.13652933374158543,30
model_4,1.2,-0.4,1.2999999999999998,18,-0.3554243586766246,0.1315991930951521,30
model_4,1.2,-0.4,1.2999999999999998,19,-0.36468656216210377,0.1268278325123184,30
model_4,1.2,-0.4,1.2999999999999998,20,-0.37357823770722903,0.12221359411367773,30
model_4,1.2,-0.4,1.65,0,0.016666666666666666,0.24138888888888888,30
model_4,1.2,-0.4,1.65,1,-0.01727621701920275,0.22807992756501286,30
model_4,1.2,-0.4,1.65,2,-0.05217836738791642,0.214923291411138,30
model_4,1.2,-0.4,1.65,3,-0.08405568182389181,0.20230492713737142,30
model_4,1.2,-0.4,1.65,4,-0.11268515930160966,0.1902896455514168,30
model_4,1.2,-0.4,1.65,5,-0.13845831914380316,0.17886583959659438,30
model_4,1.2,-0.4,1.65,6,-0.16180343469266403,0.1680160144618364,30
model_4,1.2,-0.4,1.65,7,-0.1830912513677542,0.15772505086367977,30
model_4,1.2,-0.4,1.65,8,-0.20262933812595693,0.14797884219301127,30
model_4,1.2,-0.4,1.65,9,-0.22067084182275626,0.13876271481624142,30
model_4,1.2,-0.4,1.65,10,-0.2374240755488925,0.13006065911799547,30
model_4,1.2,-0.4,1.65,11,-0.2530607542152735,0.12185515597712758,30
model_4,1.2,-0.4,1.65,12,-0.26772276098852726,0.11412733032141213,30
model_4,1.2,-0.4,1.65,13,-0.28152765684959813,0.10685725356491975,30
model_4,1.2,-0.4,1.65,14,-0.2945731600663845,0.10002429149382773,30
model_4,1.2,-0.4,1.65,15,-0.30694078833034255,0.09360744197773652,30
model_4,1.2,-0.4,1.65,16,-0.31869882093901997,0.08758563544743717,30
model_4,1.2,-0.4,1.65,17,-0.3299047086714996,0.08193798755180197,30
model_4,1.2,-0.4,1.65,18,-0.3406070348704627,0.07664400253478575,30
model_4,1.2,-0.4,1.65,19,-0.35084711174004024,0.0716837306120668,30
model_4,1.2,-0.4,1.65,20,-0.36066028008473155,0.06703788478649379,30
model_4,1.2,-0.4,2.0,0,0.016666666666666666,0.24138888888888888,30
model_4,1.2,-0.4,2.0,1,-0.014781914025252564,0.22065890362604473,30
model_4,1.2,-0.4,2.0,2,-0.04618223195541633,0.2013315398861839,30
model_4,1.2,-0.4,2.0,3,-0.07500583649568399,0.18349415977924827,30
model_4,1.2,-0.4,2.0,4,-0.1011324579407677,0.16709809596698738,30
model_4,1.2,-0.4,2.0,5,-0.12486738217588782,0.15205623783457045,30
model_4,1.2,-0.4,2.0,6,-0.1465416750068751,0.13827816015653033,30
model_4,1.2,-0.4,2.0,7,-0.1664414352851053,0.12567588153274287,30
model_4,1.2,-0.4,2.0,8,-0.18480330888185206,0.11416446348867332,30
model_4,1.2,-0.4,2.0,9,-0.2018216984374364,0.10366217904253502,30
model_4,1.2,-0.4,2.0,10,-0.217656705340998,0.09409080300290606,30
model_4,1.2,-0.4,2.0,11,-0.23244087988384177,0.08537594426170901,30
model_4,1.2,-0.4,2.0,12,-0.24628466519679112,0.0774473252498469,30
model_4,1.2,-0.4,2.0,13,-0.25928073505243693,0.07023896514508082,30
model_4,1.2,-0.4,2.0,14,-0.271507442448581,0.06368925923488696,30
model_4,1.2,-0.4,2.0,15,-0.28303156182832556,0.05774096479033221,30
model_4,1.2,-0.4,2.0,16,-0.29391047151964017,0.05234111076118042,30
model_4,1.2,-0.4,2.0,17,-0.3041938926042956,0.04744084977349894,30
model_4,1.2,-0.4,2.0,18,-0.3139252761678798,0.0429952693656033,30
model_4,1.2,-0.4,2.0,19,-0.3231429116936986,0.03896317679595152,30
model_4,1.2,-0.4,2.0,20,-0.3318808142014048,0.03530686894723524,30
model_4,1.2,-0.2,0.6,0,0.016666666666666666,0.24138888888888888,30
model_4,1.2,-0.2,0.6,1,-0.019573059382179604,0.24205199083692489,30
model_4,1.2,-0.2,0.6,2,-0.059255805295005765,0.2416469263691541,30
model_4,1.2,-0.2,0.6,3,-0.09419173005923694,0.24144870154840747,30
model_4,1.2,-0.2,0.6,4,-0.1239273971663957,0.2415584672251549,30
model_4,1.2,-0.2,0.6,5,-0.14908750197003193,0.24187058347812573,30
model_4,1.2,-0.2,0.6,6,-0.17035644265075284,0.24228823702118701,30
model_4,1.2,-0.2,0.6,7,-0.1883363984920944,0.24274481128703287,30
model_4,1.2,-0.2,0.6,8,-0.203539472133498,0.24319795769041525,30
model_4,1.2,-0.2,0.6,9,-0.21639851234543633,0.24362229070891547,30
model_4,1.2,-0.2,0.6,10,-0.2272789702038788,0.2440038338366129,30
model_4,1.2,-0.2,0.6,11,-0.2364893302269147,0.24433610775828837,30
model_4,1.2,-0.2,0.6,12,-0.2442899807659067,0.24461743288837395,30
model_4,1.2,-0.2,0.6,13,-0.25090071138534165,0.2448490908375362,30
model_4,1.2,-0.2,0.6,14,-0.2565070427372478,0.245034085956017,30
model_4,1.2,-0.2,0.6,15,-0.26126556967924497,0.24517632340588827,30
model_4,1.2,-0.2,0.6,16,-0.26530847131362967,0.24528007457144396,30
model_4,1.2,-0.2,0.6,17,-0.2687473178241341,0.24534963922015707,30
model_4,1.2,-0.2,0.6,18,-0.2716762837555232,0.24538914111834242,30
model_4,1.2,-0.2,0.6,19,-0.27417486028531846,0.24540241305664087,30
model_4,1.2,-0.2,0.6,20,-0.2763101446052814,0.245392940791373,30
model_4,1.2,-0.2,0.95,0,0.016666666666666666,0.24138888888888888,30
model_4,1.2,-0.2,0.95,1,-0.007483073009620948,0.2399943781982743,30
model_4,1.2,-0.2,0.95,2,-0.033685572043374384,0.23818163396233594,30
model_4,1.2,-0.2,0.95,3,-0.05699189377234478,0.23643135706067006,30
model_4,1.2,-0.2,0.95,4,-0.07713142412754194,0.2347836923132772,30
model_4,1.2,-0.2,0.95,5,-0.09448157459647018,0.23320094843532066,30
model_4,1.2,-0.2,0.95,6,-0.10945523333070026,0.23164910260263713,30
model_4,1.2,-0.2,0.95,7,-0.1224159432835007,0.23010561760119216,30
model_4,1.2,-0.2,0.95,8,-0.13367326759350778,0.22855702914276027,30
model_4,1.2,-0.2,0.95,9,-0.14348924963813872,0.22699609591278178,30
model_4,1.2,-0.2,0.95,10,-0.1520854746163534,0.22541966108693898,30
model_4,1.2,-0.2,0.95,11,-0.15964928345660037,0.22382716280787382,30
model_4,1.2,-0.2,0.95,12,-0.16633906196367676,0.2222196195658326,30
model_4,1.2,-0.2,0.95,13,-0.17228871692141084,0.22059894894948132,30
model_4,1.2,-0.2,0.95,14,-0.17761146049702436,0.21896751762894395,30
model_4,1.2,-0.2,0.95,15,-0.18240300944849197,0.21732785057949205,30
model_4,1.2,-0.2,0.95,16,-0.1867442896529486,0.21568244912191276,30
model_4,1.2,-0.2,0.95,17,-0.19070372249342857,0.2140336825874572,30
model_4,1.2,-0.2,0.95,18,-0.19433915778075467,0.2123837291415678,30
model_4,1.2,-0.2,0.95,19,-0.1976995078697344,0.21073454884292683,30
model_4,1.2,-0.2,0.95,20,-0.20082612916895212,0.2090878773081644,30
model_4,1.2,-0.2,1.2999999999999998,0,0.016666666666666666,0.24138888888888888,30
model_4,1.2,-0.2,1.2999999999999998,1,-0.0027513924719775357,0.2354091765064977,30
model_4,1.2,-0.2,1.2999999999999998,2,-0.02335170732467793,0.22935288498597575,30
model_4,1.2,-0.2,1.2999999999999998,3,-0.04196541569607276,0.2234246812563674,30
model_4,1.2,-0.2,1.2999999999999998,4,-0.05841841725992765,0.21764692937349048,30
model_4,1.2,-0.2,1.2999999999999998,5,-0.07297553165846642,0.21200685474649789,30
model_4,1.2,-0.2,1.2999999999999998,6,-0.0859258482916961,0.20649287254675025,30
model_4,1.2,-0.2,1.2999999999999998,7,-0.09752198880969298,0.20109800710384837,30
model_4,1.2,-0.2,1.2999999999999998,8,-0.10797676029599929,0.1958186331335553,30
model_4,1.2,-0.2,1.2999999999999998,9,-0.11746820283502567,0.190653118615087,30
model_4,1.2,-0.2,1.2999999999999998,10,-0.12614509339362803,0.1856008811352332,30
model_4,1.2,-0.2,1.2999999999999998,11,-0.13413174840650385,0.1806617901838787,30
model_4,1.2,-0.2,1.2999999999999998,12,-0.14153206411271457,0.17583580655398925,30
model_4,1.2,-0.2,1.2999999999999998,13,-0.14843289268888632,0.17112277677477267,30
model_4,1.2,-0.2,1.2999999999999998,14,-0.1549068600447878,0.16652232672782913,30
model_4,1.2,-0.2,1.2999999999999998,15,-0.16101471728920796,0.16203381733384203,30
model_4,1.2,-0.2,1.2999999999999998,16,-0.16680730309688374,0.15765633788693637,30
model_4,1.2,-0.2,1.2999999999999998,17,-0.17232718142576453,0.15338872111650534,30
model_4,1.2,-0.2,1.2999999999999998,18,-0.17761000833344293,0.14922956973563598,30
model_4,1.2,-0.2,1.2999999999999998,19,-0.18268567272568031,0.14517728801545354,30
model_4,1.2,-0.2,1.2999999999999998,20,-0.187579248441028,0.14123011442619493,30
model_4,1.2,-0.2,1.65,0,0.016666666666666666,0.24138888888888888,30
model_4,1.2,-0.2,1.65,1,-0.0006363867544485257,0.22880679001078108,30
model_4,1.2,-0.2,1.65,2,-0.0184574806880045,0.21674469847790384,30
model_4,1.2,-0.2,1.65,3,-0.0347719311585738,0.20526665686623877,30
model_4,1.2,-0.2,1.65,4,-0.049470980702756295,0.19436320402025983,30
model_4,1.2,-0.2,1.65,5,-0.06275153756230947,0.18400843497320696,30
model_4,1.2,-0.2,1.65,6,-0.07482770738818423,0.17417673826977143,30
model_4,1.2,-0.2,1.65,7,-0.08588478303557123,0.16484452539652844,30
model_4,1.2,-0.2,1.65,8,-0.09607664747565867,0.15598971889513208,30
model_4,1.2,-0.2,1.65,9,-0.10553009163037144,0.1475912316445361,30
model_4,1.2,-0.2,1.65,10,-0.1143495179177984,0.13962866747965821,30
model_4,1.2,-0.2,1.65,11,-0.12262099231696563,0.13208218453288853,30
model_4,1.2,-0.2,1.65,12,-0.1304155886911253,0.12493245293752336,30
model_4,1.2,-0.2,1.65,13,-0.13779212418225809,0.1181606610923666,30
model_4,1.2,-0.2,1.65,14,-0.14479939245121262,0.11174854312229847,30
model_4,1.2,-0.2,1.65,15,-0.15147798643843474,0.105678412067098,30
model_4,1.2,-0.2,1.65,16,-0.15786178615708762,0.09993319057880452,30
model_4,1.2,-0.2,1.65,17,-0.16397917320177244,0.09449643521149308,30
model_4,1.2,-0.2,1.65,18,-0.1698540222872908,0.08935235287674437,30
model_4,1.2,-0.2,1.65,19,-0.17550651085534877,0.08448580942092297,30
model_4,1.2,-0.2,1.65,20,-0.18095378022519717,0.07988233099533226,30
model_4,1.2,-0.2,2.0,0,0.016666666666666666,0.24138888888888888,30
model_4,1.2,-0.2,2.0,1,0.000541154025183314,0.22144918324706092,30
model_4,1.2,-0.2,2.0,2,-0.015581410642764342,0.20306927282455253,30
model_4,1.2,-0.2,2.0,3,-0.030415590973965012,0.1861655860040671,30
model_4,1.2,-0.2,2.0,4,-0.04390324572008928,0.1706341733379384,30
model_4,1.2,-0.2,2.0,5,-0.05619932627318768,0.15637019206711741,30
model_4,1.2,-0.2,2.0,6,-0.06747071690723735,0.14327520194687407,30
model_4,1.2,-0.2,2.0,7,-0.07786124364049105,0.13125778039769218,30
model_4,1.2,-0.2,2.0,8,-0.0874896301587487,0.1202330529013117,30
model_4,1.2,-0.2,2.0,9,-0.09645318178507492,0.11012220770103155,30
model_4,1.2,-0.2,2.0,10,-0.10483180443443112,0.10085210201481226,30
model_4,1.2,-0.2,2.0,11,-0.11269142261192683,0.09235492819717445,30
model_4,1.2,-0.2,2.0,12,-0.12008674261859074,0.08456790911068224,30
model_4,1.2,-0.2,2.0,13,-0.12706345973486569,0.07743300631915968,30
model_4,1.2,-0.2,2.0,14,-0.13366001664238572,0.07089663454053897,30
model_4,1.2,-0.2,2.0,15,-0.1399090040282532,0.06490938099779156,30
model_4,1.2,-0.2,2.0,16,-0.14583827669771354,0.05942573066057933,30
model_4,1.2,-0.2,2.0,17,-0.1514718436144754,0.05440379918591125,30
model_4,1.2,-0.2,2.0,18,-0.15683057828315716,0.049805075413962646,30
model_4,1.2,-0.2,2.0,19,-0.16193278633096816,0.04559417497980962,30
model_4,1.2,-0.2,2.0,20,-0.16679465955599676,0.041738606187719,30
model_4,1.2,0.0,0.6,0,0.016666666666666666,0.24138888888888888,30
model_4,1.2,0.0,0.6,1,0.01666387208224613,0.24130794588013796,30
model_4,1.2,0.0,0.6,2,0.016661077966407718,0.24122703001335985,30
model_4,1.2,0.0,0.6,3,0.01665828431907285,0.24114614127945333,30
model_4,1.2,0.0,0.6,4,0.016655491140162994,0.24106527966932004,30
model_4,1.2,0.0,0.6,5,0.016652698429599603,0.24098444517386494,30
model_4,1.2,0.0,0.6,6,0.016649906187304143,0.24090363778399568,30
model_4,1.2,0.0,0.6,7,0.01664711441319809,0.24082285749062327,30
model_4,1.2,0.0,0.6,8,0.01664432310720292,0.2407421042846617,30
model_4,1.2,0.0,0.6,9,0.016641532269240124,0.2406613781570279,30
model_4,1.2,0.0,0.6,10,0.016638741899231323,0.2405806790986419,30
model_4,1.2,0.0,0.6,11,0.016635951997097977,0.2405000071004268,30
model_4,1.2,0.0,0.6,12,0.016633162562761664,0.24041936215330875,30
model_4,1.2,0.0,0.6,13,0.01663037359614393,0.24033874424821694,30
model_4,1.2,0.0,0.6,14,0.016627585097166414,0.24025815337608356,30
model_4,1.2,0.0,0.6,15,0.016624797065750575,0.24017758952784385,30
model_4,1.2,0.0,0.6,16,0.01662200950181813,0.2400970526944361,30
model_4,1.2,0.0,0.6,17,0.016619222405290623,0.24001654286680163,30
model_4,1.2,0.0,0.6,18,0.01661643577608973,0.23993606003588483,30
model_4,1.2,0.0,0.6,19,0.016613649614137062,0.2398556041926332,30
model_4,1.2,0.0,0.6,20,0.016610863919354284,0.239775175327997,30
model_4,1.2,0.0,0.95,0,0.016666666666666666,0.24138888888888888,30
model_4,1.2,0.0,0.95,1,0.016613734294994333,0.23985804931823868,30
model_4,1.2,0.0,0.95,2,0.016560970033480258,0.23833691802290247,30
model_4,1.2,0.0,0.95,3,0.016508373348216265,0.23682543343495935,30
model_4,1.2,0.0,0.95,4,0.01645594370698987,0.2353235343769397,30
model_4,1.2,0.0,0.95,5,0.01640368057927884,0.23383116005934929,30
model_4,1.2,0.0,0.95,6,0.01635158343624585,0.23234825007820814,30
model_4,1.2,0.0,0.95,7,0.016299651750733137,0.2308747444126066,30
model_4,1.2,0.0,0.95,8,0.016247884997257177,0.22941058342227508,30
model_4,1.2,0.0,0.95,9,0.016196282652003343,0.22795570784517086,30
model_4,1.2,0.0,0.95,10,0.0161448441928206,0.22651005879507893,30
model_4,1.2,0.0,0.95,11,0.016093569099216238,0.22507357775922884,30
model_4,1.2,0.0,0.95,12,0.016042456852350628,0.2236462065959263,30
model_4,1.2,0.0,0.95,13,0.015991506935031822,0.22222788753219985,30
model_4,1.2,0.0,0.95,14,0.015940718831710717,0.22081856316146262,30
model_4,1.2,0.0,0.95,15,0.015890092028475276,0.21941817644118866,30
model_4,1.2,0.0,0.95,16,0.015839626013045737,0.21802667069060427,30
model_4,1.2,0.0,0.95,17,0.01578932027476937,0.2166439895883936,30
model_4,1.2,0.0,0.95,18,0.015739174304615106,0.21527007717041935,30
model_4,1.2,0.0,0.95,19,0.01568918759516866,0.2139048778274575,30
model_4,1.2,0.0,0.95,20,0.015639359640627213,0.21254833630294645,30
model_4,1.2,0.0,1.2999999999999998,0,0.016666666666666666,0.24138888888888888,30
model_4,1.2,0.0,1.2999999999999998,1,0.016464093328215714,0.23555667476545142,30
model_4,1.2,0.0,1.2999999999999998,2,0.016263982147211836,0.2298653731825132,30
model_4,1.2,0.0,1.2999999999999998,3,0.016066303197607792,0.2243115795421549,30
model_4,1.2,0.0,1.2999999999999998,4,0.015871026917089543,0.21889197150518971,30
model_4,1.2,0.0,1.2999999999999998,5,0.015678124102655157,0.21360330700370445,30
model_4,1.2,0.0,1.2999999999999998,6,0.015487565906247756,0.20844242230161944,30
model_4,1.2,0.0,1.2999999999999998,7,0.015299323830441311,0.2034062301021078,30
model_4,1.2,0.0,1.2999999999999998,8,0.015113369724178824,0.19849171770074064,30
model_4,1.2,0.0,1.2999999999999998,9,0.014929675778562601,0.19369594518325542,30
model_4,1.2,0.0,1.2999999999999998,10,0.0147482145226954,0.1890160436668673,30
model_4,1.2,0.0,1.2999999999999998,11,0.014568958819572209,0.18444921358407257,30
model_4,1.2,0.0,1.2999999999999998,12,0.014391881862022102,0.17999272300791716,30
model_4,1.2,0.0,1.2999999999999998,13,0.014216957168699172,0.17564390601772858,30
model_4,1.2,0.0,1.2999999999999998,14,0.01404415858012253,0.17140016110433348,30
model_4,1.2,0.0,1.2999999999999998,15,0.013873460254763933,0.16725894961380677,30
model_4,1.2,0.0,1.2999999999999998,16,0.013704836665183497,0.16321779422882143,30
model_4,1.2,0.0,1.2999999999999998,17,0.01353826259421203,0.15927427748669082,30
model_4,1.2,0.0,1.2999999999999998,18,0.01337371313117996,0.1554260403332162,30
model_4,1.2,0.0,1.2999999999999998,19,0.013211163668191831,0.15167078071147536,30
model_4,1.2,0.0,1.2999999999999998,20,0.013050589896446564,0.148006252184707,30
model_4,1.2,0.0,1.65,0,0.016666666666666666,0.24138888888888888,30
model_4,1.2,0.0,1.65,1,0.016235783397595367,0.2290689757417274,30
model_4,1.2,0.0,1.65,2,0.015816039752018004,0.21737784157711254,30
model_4,1.2,0.0,1.65,3,0.01540714773729131,0.2062833950154891,30
model_4,1.2,0.0,1.65,4,0.01500882680624481,0.19575518254477245,30
model_4,1.2,0.0,1.65,5,0.014620803664692823,0.18576430492749976,30
model_4,1.2,0.0,1.65,6,0.014242812083923286,0.1762833378743598,30
model_4,1.2,0.0,1.65,7,0.013874592718033955,0.16728625676635775,30
model_4,1.2,0.0,1.65,8,0.013515892925991183,0.1587483652189803,30
model_4,1.2,0.0,1.65,9,0.01316646659828906,0.1506462272922759,30
model_4,1.2,0.0,1.65,10,0.012826073988089756,0.1429576031607705,30
model_4,1.2,0.0,1.65,11,0.012494481546729452,0.1356613880666377,30
model_4,1.2,0.0,1.65,12,0.012171461763477118,0.12873755438855294,30
model_4,1.2,0.0,1.65,13,0.011856793009435767,0.12216709666721602,30
model_4,1.2,0.0,1.65,14,0.01155025938547931,0.11593197943663885,30
model_4,1.2,0.0,1.65,15,0.011251650574121135,0.11001508771800085,30
model_4,1.2,0.0,1.65,16,0.010960761695211626,0.10440018004017894,30
model_4,1.2,0.0,1.65,17,0.010677393165366967,0.09907184385799843,30
model_4,1.2,0.0,1.65,18,0.010401350561031784,0.09401545324582947,30
model_4,1.2,0.0,1.65,19,0.0101324444850822,0.08921712875040175,30
model_4,1.2,0.0,1.65,20,0.009870490436877283,0.08466369929263573,30
model_4,1.2,0.0,2.0,0,0.016666666666666666,0.24138888888888888,30
model_4,1.2,0.0,2.0,1,0.015973560862550647,0.2217293879211309,30
model_4,1.2,0.0,2.0,2,0.015309278797776596,0.20367102104069695,30
model_4,1.2,0.0,2.0,3,0.014672621798282411,0.18708338664839105,30
model_4,1.2,0.0,2.0,4,0.01406244103848309,0.17184670347794717,30
model_4,1.2,0.0,2.0,5,0.013477635468254381,0.15785094564136415,30
model_4,1.2,0.0,2.0,6,0.012917149826125953,0.14499504811897926,30
model_4,1.2,0.0,2.0,7,0.012379972735098515,0.13318617695702908,30
model_4,1.2,0.0,2.0,8,0.011865134877648821,0.12233905890270995,30
model_4,1.2,0.0,2.0,9,0.011371707246629763,0.1123753656359519,30
model_4,1.2,0.0,2.0,10,0.010898799468908925,0.10322314815137222,30
model_4,1.2,0.0,2.0,11,0.010445558198721108,0.09481631720601326,30
model_4,1.2,0.0,2.0,12,0.010011165577835173,0.08709416608111668,30
model_4,1.2,0.0,2.0,13,0.009594837759757325,0.08000093221174033,30
model_4,1.2,0.0,2.0,14,0.009195823495306961,0.07348539451869351,30
model_4,1.2,0.0,2.0,15,0.008813402777013552,0.06750050353507693,30
model_4,1.2,0.0,2.0,16,0.008446885539887934,0.0620030416565278,30
model_4,1.2,0.0,2.0,17,0.008095610416223913,0.05695331106179637,30
model_4,1.2,0.0,2.0,18,0.00775894354218309,0.05231484705009203,30
model_4,1.2,0.0,2.0,19,0.0074362774140093344,0.048054154725173936,30
model_4,1.2,0.0,2.0,20,0.0071270297918093126,0.044140467124750865,30
model_4,1.2,0.20000000000000007,0.6,0,0.016666666666666666,0.24138888888888888,30
model_4,1.2,0.20000000000000007,0.6,1,0.05289951631605737,0.2423194622939818,30
model_4,1.2,0.20000000000000007,0.6,2,0.09236035418745259,0.24195691685133613,30
model_4,1.2,0.20000000000000007,0.6,3,0.12707409534498923,0.24176586067823144,30
model_4,1.2,0.20000000000000007,0.6,4,0.15661559399667438,0.2418771774911611,30
model_4,1.2,0.20000000000000007,0.6,5,0.18160957414558332,0.2421898640195692,30
model_4,1.2,0.20000000000000007,0.6,6,0.2027367428379807,0.24260784733470914,30
model_4,1.2,0.20000000000000007,0.6,7,0.2205955866247802,0.24306464298384944,30
model_4,1.2,0.20000000000000007,0.6,8,0.2356950023449932,0.24351793652133383,30
model_4,1.2,0.20000000000000007,0.6,9,0.2484651195443374,0.24394235851648718,30
model_4,1.2,0.20000000000000007,0.6,10,0.2592690922738121,0.24432394355157735,30
model_4,1.2,0.20000000000000007,0.6,11,0.268413466042199,0.2446562209111677,30
model_4,1.2,0.20000000000000007,0.6,12,0.27615699256897636,0.24493751788435403,30
model_4,1.2,0.20000000000000007,0.6,13,0.28271808000995224,0.24516912163454985,30
model_4,1.2,0.20000000000000007,0.6,14,0.28828108301833033,0.24535404102414382,30
model_4,1.2,0.20000000000000007,0.6,15,0.2930016122644652,0.2454961848995517,30
model_4,1.2,0.20000000000000007,0.6,16,0.29701101612097913,0.24559982766629865,30
model_4,1.2,0.20000000000000007,0.6,17,0.30042016356961887,0.24566927157872984,30
model_4,1.2,0.20000000000000007,0.6,18,0.3033226372836759,0.24570864245708496,30
model_4,1.2,0.20000000000000007,0.6,19,0.305797428852441,0.24572177479339982,30
model_4,1.2,0.20000000000000007,0.6,20,0.30791121377378955,0.24571215575704342,30
model_4,1.2,0.20000000000000007,0.95,0,0.016666666666666666,0.24138888888888888,30
model_4,1.2,0.20000000000000007,0.95,1,0.040701209313567716,0.24016213227970598,30
model_4,1.2,0.20000000000000007,0.95,2,0.06670159774852828,0.23837634834329738,30
model_4,1.2,0.20000000000000007,0.95,3,0.08980423038924812,0.23663087039048586,30
model_4,1.2,0.20000000000000007,0.95,4,0.10974980927115612,0.23498426184847462,30
model_4,1.2,0.20000000000000007,0.95,5,0.12691595576796538,0.23340172362803938,30
model_4,1.2,0.20000000000000007,0.95,6,0.1417143198525117,0.23184972438687532,30
model_4,1.2,0.20000000000000007,0.95,7,0.15450719528661042,0.23030584125801123,30
model_4,1.2,0.20000000000000007,0.95,8,0.16560306604048972,0.2287566599215721,30
model_4,1.2,0.20000000000000007,0.95,9,0.17526306354469212,0.22719497383044518,30
model_4,1.2,0.20000000000000007,0.95,10,0.18370800392184716,0.2256176541647952,30
model_4,1.2,0.20000000000000007,0.95,11,0.1911245789791726,0.2240241623356643,30
model_4,1.2,0.20000000000000007,0.95,12,0.197670626156779,0.22241553628627314,30
model_4,1.2,0.20000000000000007,0.95,13,0.2034795886925533,0.22079370989213296,30
model_4,1.2,0.20000000000000007,0.95,14,0.2086642867299068,0.21916106346685857,30
model_4,1.2,0.20000000000000007,0.95,15,0.21332010537702722,0.21752013341854884,30
model_4,1.2,0.20000000000000007,0.95,16,0.21752768985745777,0.21587343065033432,30
model_4,1.2,0.20000000000000007,0.95,17,0.22135522399208352,0.2142233325256798,30
model_4,1.2,0.20000000000000007,0.95,18,0.22486035644983832,0.21257202394286256,30
model_4,1.2,0.20000000000000007,0.95,19,0.22809182922972843,0.21092147060357566,30
model_4,1.2,0.20000000000000007,0.95,20,0.2310908544102426,0.2092734128529279,30
model_4,1.2,0.20000000000000007,1.2999999999999998,0,0.016666666666666666,0.24138888888888888,30
model_4,1.2,0.20000000000000007,1.2999999999999998,1,0.035661676164190755,0.2355225937549861,30
model_4,1.2,0.20000000000000007,1.2999999999999998,2,0.05580047305511112,0.22948382259817868,30
model_4,1.2,0.20000000000000007,1.2999999999999998,3,0.07395443404954945,0.22355708046866388,30
model_4,1.2,0.20000000000000007,1.2999999999999998,4,0.0899553296163077,0.2177779053025956,30
model_4,1.2,0.20000000000000007,1.2999999999999998,5,0.1040683931799385,0.21213573789058446,30
model_4,1.2,0.20000000000000007,1.2999999999999998,6,0.11658236600594364,0.20661940395043762,30
model_4,1.2,0.20000000000000007,1.2999999999999998,7,0.1277494838533047,0.20122203433964575,30
model_4,1.2,0.20000000000000007,1.2999999999999998,8,0.13778222032715312,0.19594005335604345,30
model_4,1.2,0.20000000000000007,1.2999999999999998,9,0.1468583322669875,0.190771863262251,30
model_4,1.2,0.20000000000000007,1.2999999999999998,10,0.15512635283591186,0.18571690847716138,30
model_4,1.2,0.20000000000000007,1.2999999999999998,11,0.16271038550341596,0.180775080024303,30
model_4,1.2,0.20000000000000007,1.2999999999999998,12,0.1697141381926567,0.17594635600846834,30
model_4,1.2,0.20000000000000007,1.2999999999999998,13,0.17622429486196728,0.17123059682533825,30
model_4,1.2,0.20000000000000007,1.2999999999999998,14,0.18231332982174153,0.16662743940032537,30
model_4,1.2,0.20000000000000007,1.2999999999999998,15,0.18804185645564844,0.16213625338551618,30
model_4,1.2,0.20000000000000007,1.2999999999999998,16,0.19346058737373473,0.15775613491355928,30
model_4,1.2,0.20000000000000007,1.2999999999999998,17,0.1986119703185304,0.15348592200446742,30
model_4,1.2,0.20000000000000007,1.2999999999999998,18,0.2035315534866249,0.14932422139762155,30
model_4,1.2,0.20000000000000007,1.2999999999999998,19,0.2082491250366918,0.1452694403591554,30
model_4,1.2,0.20000000000000007,1.2999999999999998,20,0.21278966414120615,0.14131981951449205,30
model_4,1.2,0.20000000000000007,1.65,0,0.016666666666666666,0.24138888888888888,30
model_4,1.2,0.20000000000000007,1.65,1,0.03308638019083671,0.2288852252203052,30
model_4,1.2,0.20000000000000007,1.65,2,0.05002324652844445,0.21683438670432773,30
model_4,1.2,0.20000000000000007,1.65,3,0.06547246329036865,0.20535537623586078,30
model_4,1.2,0.20000000000000007,1.65,4,0.07932831232227383,0.1944486886808798,30
model_4,1.2,0.20000000000000007,1.65,5,0.09178779863567839,0.1840902592386354,30
model_4,1.2,0.20000000000000007,1.65,6,0.10306464784586064,0.1742548459113569,30
model_4,1.2,0.20000000000000007,1.65,7,0.11334370668489016,0.1649189557289256,30
model_4,1.2,0.20000000000000007,1.65,8,0.122778403496485,0.1560605498578399,30
model_4,1.2,0.20000000000000007,1.65,9,0.1314950704142825,0.1476585634839241,30
model_4,1.2,0.20000000000000007,1.65,10,0.13959764663492397,0.13969261503929442,30
model_4,1.2,0.20000000000000007,1.65,11,0.14717173144999868,0.13214287214764395,30
model_4,1.2,0.20000000000000007,1.65,12,0.15428793044633657,0.12499001063915775,30
model_4,1.2,0.20000000000000007,1.65,13,0.16100459301547113,0.11821522172030725,30
model_4,1.2,0.20000000000000007,1.65,14,0.16737004758031443,0.11180024012630622,30
model_4,1.2,0.20000000000000007,1.65,15,0.17342442607009087,0.10572737785123497,30
model_4,1.2,0.20000000000000007,1.65,16,0.17920115312409388,0.09997955527021979,30
model_4,1.2,0.20000000000000007,1.65,17,0.18472816172516132,0.09454032576206436,30
model_4,1.2,0.20000000000000007,1.65,18,0.19002888561261694,0.08939389242474358,30
model_4,1.2,0.20000000000000007,1.65,19,0.1951230695513322,0.08452511685505348,30
model_4,1.2,0.20000000000000007,1.65,20,0.2000274309692348,0.07991952067555702,30
model_4,1.2,0.20000000000000007,2.0,0,0.016666666666666666,0.24138888888888888,30
model_4,1.2,0.20000000000000007,2.0,1,0.031384771729291445,0.22150430010609964,30
model_4,1.2,0.20000000000000007,2.0,2,0.046145013814408276,0.20313157454826108,30
model_4,1.2,0.20000000000000007,2.0,3,0.05967054565164992,0.18622567805343035,30
model_4,1.2,0.20000000000000007,2.0,4,0.07190328600657189,0.17069033346300555,30
model_4,1.2,0.20000000000000007,2.0,5,0.08299662770517667,0.15642224446171846,30
model_4,1.2,0.20000000000000007,2.0,6,0.09311562466509135,0.14332329379547276,30
model_4,1.2,0.20000000000000007,2.0,7,0.1024022497471411,0.13130213118561218,30
model_4,1.2,0.20000000000000007,2.0,8,0.11097339458432047,0.12027389849126699,30
model_4,1.2,0.20000000000000007,2.0,9,0.11892456352962853,0.1101597847697911,30
model_4,1.2,0.20000000000000007,2.0,10,0.12633389826619973,0.10088664187051416,30
model_4,1.2,0.20000000000000007,2.0,11,0.13326560087404682,0.09238665349943152,30
model_4,1.2,0.20000000000000007,2.0,12,0.1397727014006261,0.08459703194048701,30
model_4,1.2,0.20000000000000007,2.0,13,0.14589926843428735,0.0774597270837824,30
model_4,1.2,0.20000000000000007,2.0,14,0.15168216989854014,0.07092114145434078,30
model_4,1.2,0.20000000000000007,2.0,15,0.15715247510872649,0.06493184996938306,30
model_4,1.2,0.20000000000000007,2.0,16,0.16233657156476256,0.059446325464251284,30
model_4,1.2,0.20000000000000007,2.0,17,0.16725705505051142,0.054422671827325395,30
model_4,1.2,0.20000000000000007,2.0,18,0.17193343958993604,0.04982236662360709,30
model_4,1.2,0.20000000000000007,2.0,19,0.17638272423157858,0.045610014785346036,30
model_4,1.2,0.20000000000000007,2.0,20,0.18061984602222492,0.04175311452959984,30
model_4,1.2,0.4,0.6,0,0.016666666666666666,0.24138888888888888,30
model_4,1.2,0.4,0.6,1,0.08238669080429804,0.24440923987529278,30
model_4,1.2,0.4,0.6,2,0.15378635245757258,0.24337478425500267,30
model_4,1.2,0.4,0.6,3,0.2156201144117226,0.24283286154097827,30
model_4,1.2,0.4,0.6,4,0.2670545496559628,0.24322952472970868,30
model_4,1.2,0.4,0.6,5,0.30948918636193284,0.24421915351361712,30
model_4,1.2,0.4,0.6,6,0.3444457787791419,0.24547973764893918,30
model_4,1.2,0.4,0.6,7,0.3732412874455336,0.24680066310361407,30
model_4,1.2,0.4,0.6,8,0.3969699704708466,0.24805883892843797,30
model_4,1.2,0.4,0.6,9,0.41653335924581353,0.24918915344686862,30
model_4,1.2,0.4,0.6,10,0.4326728540899772,0.2501628278988481,30
model_4,1.2,0.4,0.6,11,0.4459979303134679,0.2509729790935619,30
model_4,1.2,0.4,0.6,12,0.45700957242826734,0.25162528476015433,30
model_4,1.2,0.4,0.6,13,0.4661195798199085,0.25213206642647296,30
model_4,1.2,0.4,0.6,14,0.47366644271037656,0.25250861925657897,30
model_4,1.2,0.4,0.6,15,0.4799283928362805,0.25277100273337616,30
model_4,1.2,0.4,0.6,16,0.48513413086008444,0.25293477024030026,30
model_4,1.2,0.4,0.6,17,0.4894716440118811,0.2530142933222581,30
model_4,1.2,0.4,0.6,18,0.4930954539613216,0.2530224551227857,30
model_4,1.2,0.4,0.6,19,0.49613257439351915,0.2529705664626529,30
model_4,1.2,0.4,0.6,20,0.49868740800137557,0.25286841034067026,30
model_4,1.2,0.4,0.95,0,0.016666666666666666,0.24138888888888888,30
model_4,1.2,0.4,0.95,1,0.06298154316741675,0.24075290035283467,30
model_4,1.2,0.4,0.95,2,0.1129276856691188,0.2381642398056744,30
model_4,1.2,0.4,0.95,3,0.15702159423328632,0.23567721928144514,30
model_4,1.2,0.4,0.95,4,0.1947501719385454,0.2335022409140729,30
model_4,1.2,0.4,0.95,5,0.22691381480092004,0.23151167928611713,30
model_4,1.2,0.4,0.95,6,0.2543845784431846,0.2295850430057716,30
model_4,1.2,0.4,0.95,7,0.2779244355790947,0.22764520823804035,30
model_4,1.2,0.4,0.95,8,0.29817536021250635,0.2256493245439558,30
model_4,1.2,0.4,0.95,9,0.3156745146623427,0.2235773555236096,30
model_4,1.2,0.4,0.95,10,0.33087078668462633,0.2214235853361108,30
model_4,1.2,0.4,0.95,11,0.3441392204328704,0.21919086565843446,30
model_4,1.2,0.4,0.95,12,0.35579316295711577,0.21688683336569972,30
model_4,1.2,0.4,0.95,13,0.36609442105220635,0.21452147525338527,30
model_4,1.2,0.4,0.95,14,0.37526174539265533,0.21210559854937552,30
model_4,1.2,0.4,0.95,15,0.3834779169511241,0.20964990407099873,30
model_4,1.2,0.4,0.95,16,0.390895666388944,0.20716445565111222,30
model_4,1.2,0.4,0.95,17,0.3976426189301853,0.20465840612712008,30
model_4,1.2,0.4,0.95,18,0.4038254253319878,0.2021398858992715,30
model_4,1.2,0.4,0.95,19,0.40953321300695783,0.19961599131778973,30
model_4,1.2,0.4,0.95,20,0.4148404692282993,0.19709283145636772,30
model_4,1.2,0.4,1.2999999999999998,0,0.016666666666666666,0.24138888888888888,30
model_4,1.2,0.4,1.2999999999999998,1,0.05422325479737508,0.23524861118582946,30
model_4,1.2,0.4,1.2999999999999998,2,0.09388125004867023,0.22814913826883787,30
model_4,1.2,0.4,1.2999999999999998,3,0.1295403905407747,0.22109057819812175,30
model_4,1.2,0.4,1.2999999999999998,4,0.16086755121688986,0.21421289748325162,30
model_4,1.2,0.4,1.2999999999999998,5,0.188403496930481,0.20748897164448218,30
model_4,1.2,0.4,1.2999999999999998,6,0.21273777785595738,0.2008897769218126,30
model_4,1.2,0.4,1.2999999999999998,7,0.23438382048377063,0.19440215868443642,30
model_4,1.2,0.4,1.2999999999999998,8,0.25377195264099145,0.18802460911986368,30
model_4,1.2,0.4,1.2999999999999998,9,0.27126022613784306,0.18176210052834996,30
model_4,1.2,0.4,1.2999999999999998,10,0.28714620860292506,0.1756225156710307,30
model_4,1.2,0.4,1.2999999999999998,11,0.3016772224010992,0.16961446205391986,30
model_4,1.2,0.4,1.2999999999999998,12,0.31505890280873655,0.16374602478823774,30
model_4,1.2,0.4,1.2999999999999998,13,0.32746230157426215,0.15802411849196757,30
model_4,1.2,0.4,1.2999999999999998,14,0.33902977705867615,0.15245420983393362,30
model_4,1.2,0.4,1.2999999999999998,15,0.34987987841633883,0.14704026188026512,30
model_4,1.2,0.4,1.2999999999999998,16,0.3601113962637543,0.14178480466632176,30
model_4,1.2,0.4,1.2999999999999998,17,0.36980672249903324,0.13668907151884915,30
model_4,1.2,0.4,1.2999999999999998,18,0.3790346373305164,0.13175316364045309,30
model_4,1.2,0.4,1.2999999999999998,19,0.38785262129370124,0.12697622042410708,30
model_4,1.2,0.4,1.2999999999999998,20,0.3963087732906051,0.12235658260304651,30
model_4,1.2,0.4,1.65,0,0.016666666666666666,0.24138888888888888,30
model_4,1.2,0.4,1.65,1,0.04966098298812506,0.22823288646248824,30
model_4,1.2,0.4,1.65,2,0.08354796802552232,0.21509755495772104,30
model_4,1.2,0.4,1.65,3,0.11442141729286626,0.2024760072924506,30
model_4,1.2,0.4,1.65,4,0.14207206051060486,0.19045299681474026,30
model_4,1.2,0.4,1.65,5,0.16689356055442464,0.1790206877957295,30
model_4,1.2,0.4,1.65,6,0.18931433666713865,0.16816235688515752,30
model_4,1.2,0.4,1.65,7,0.2097049339649047,0.15786308430229457,30
model_4,1.2,0.4,1.65,8,0.22837262233292796,0.14810884086265166,30
model_4,1.2,0.4,1.65,9,0.24557017782812227,0.13888499433598794,30
model_4,1.2,0.4,1.65,10,0.26150547588193807,0.13017555925539556,30
model_4,1.2,0.4,1.65,11,0.2763497350670802,0.12196302929743962,30
model_4,1.2,0.4,1.65,12,0.29024429445619837,0.11422853390732643,30
model_4,1.2,0.4,1.65,13,0.30330613444619586,0.10695214287873275,30
model_4,1.2,0.4,1.65,14,0.31563236652216276,0.10011321587375348,30
model_4,1.2,0.4,1.65,15,0.3273038842337533,0.09369074140142107,30
model_4,1.2,0.4,1.65,16,0.3383883327148386,0.08766363827679721,30
model_4,1.2,0.4,1.65,17,0.3489425245217793,0.0820110090336803,30
model_4,1.2,0.4,1.65,18,0.3590144054907668,0.07671234387980548,30
model_4,1.2,0.4,1.65,19,0.3686446548145154,0.07174767851228796,30
model_4,1.2,0.4,1.65,20,0.37786798773755476,0.06709771126286232,30
model_4,1.2,0.4,2.0,0,0.016666666666666666,0.24138888888888888,30
model_4,1.2,0.4,2.0,1,0.04664418820924432,0.22076683435092023,30
model_4,1.2,0.4,2.0,2,0.07658265144131178,0.20145319671900233,30
model_4,1.2,0.4,2.0,3,0.10399376071637224,0.18361081601877421,30
model_4,1.2,0.4,2.0,4,0.1287643142734669,0.16720632411281142,30
model_4,1.2,0.4,2.0,5,0.1512000112230118,0.15215574446805422,30
model_4,1.2,0.4,2.0,6,0.17163094011649277,0.13836931602082253,30
model_4,1.2,0.4,2.0,7,0.19034184140505178,0.12575920601304302,30
model_4,1.2,0.4,2.0,8,0.20756781835418345,0.11424050664620601,30
model_4,1.2,0.4,2.0,9,0.22350160411592682,0.1037314876731441,30
model_4,1.2,0.4,2.0,10,0.2383015407485416,0.09415390686651859,30
model_4,1.2,0.4,2.0,11,0.25209836217195103,0.08543334886545319,30
model_4,1.2,0.4,2.0,12,0.26500066677774176,0.07749950780116319,30
model_4,1.2,0.4,2.0,13,0.27709927899894965,0.07028637248739623,30
model_4,1.2,0.4,2.0,14,0.28847071677849156,0.06373230713934257,30
model_4,1.2,0.4,2.0,15,0.2991799483170213,0.057780038185782076,30
model_4,1.2,0.4,2.0,16,0.30928258537584497,0.05237656460139293,30
model_4,1.2,0.4,2.0,17,0.3188266300285951,0.04747301032119216,30
model_4,1.2,0.4,2.0,18,0.3278538674177236,0.04302443573253151,30
model_4,1.2,0.4,2.0,19,0.33640097778536543,0.038989622622840676,30
model_4,1.2,0.4,2.0,20,0.34450042579274426,0.035330844140686296,30
model_5,0.2,-0.4,0.6,0,0.016666666666666666,0.24138888888888888,30
model_5,0.2,-0.4,0.6,1,-0.09028571428571425,0.001135020408163265,30
model_5,0.2,-0.4,0.6,2,-0.09761959183673469,5.336912286547258e-06,30
model_5,0.2,-0.4,0.6,3,-0.09812248629737601,2.5094379404499884e-08,30
model_5,0.2,-0.4,0.6,4,-0.09815697048896288,1.1799479621978173e-10,30
model_5,0.2,-0.4,0.6,5,-0.09815933511924303,5.548163479649097e-13,30
model_5,0.2,-0.4,0.6,6,-0.0981594972653195,2.6087691135801515e-15,30
model_5,0.2,-0.4,0.6,7,-0.0981595083839075,1.2266538886585492e-17,30
model_5,0.2,-0.4,0.6,8,-0.09815950914632501,5.767775869877227e-20,30
model_5,0.2,-0.4,0.6,9,-0.0981595091986051,2.712028037699342e-22,30
model_5,0.2,-0.4,0.6,10,-0.09815950920219,1.2751527139124936e-24,30
model_5,0.2,-0.4,0.6,11,-0.09815950920243585,5.991016830159541e-27,30
model_5,0.2,-0.4,0.6,12,-0.09815950920245271,2.7708110158772874e-29,30
model_5,0.2,-0.4,0.6,13,-0.09815950920245382,1.2607137415958846e-31,30
model_5,0.2,-0.4,0.6,14,-0.09815950920245392,4.724948130230019e-33,30
model_5,0.2,-0.4,0.6,15,-0.09815950920245392,4.724948130230019e-33,30
model_5,0.2,-0.4,0.6,16,-0.09815950920245392,4.724948130230019e-33,30
model_5,0.2,-0.4,0.6,17,-0.09815950920245392,4.724948130230019e-33,30
model_5,0.2,-0.4,0.6,18,-0.09815950920245392,4.724948130230019e-33,30
model_5,0.2,-0.4,0.6,19,-0.09815950920245392,4.724948130230019e-33,30
model_5,0.2,-0.4,0.6,20,-0.09815950920245392,4.724948130230019e-33,30
model_5,0.2,-0.4,0.95,0,0.016666666666666666,0.24138888888888888,30
model_5,0.2,-0.4,0.95,1,-0.015047619047619082,3.152834467120196e-05,30
model_5,0.2,-0.4,0.95,2,-0.015410068027210875,4.117987875429681e-09,30
model_5,0.2,-0.4,0.95,3,-0.01541421030126334,5.37859640889542e-13,30
model_5,0.2,-0.4,0.95,4,-0.015414257641538255,7.025105489208796e-17,30
model_5,0.2,-0.4,0.95,5,-0.01541425818256988,9.175647388967369e-21,30
model_5,0.2,-0.4,0.95,6,-0.01541425818875323,1.1984255695233609e-24,30
model_5,0.2,-0.4,0.95,7,-0.015414258188823842,1.567090990112622e-28,30
model_5,0.2,-0.4,0.95,8,-0.015414258188824637,2.855512130878142e-32,30
model_5,0.2,-0.4,0.95,9,-0.01541425818882474,4.670380115139047e-33,30
model_5,0.2,-0.4,0.95,10,-0.015414258188824803,0.0,30
model_5,0.2,-0.4,0.95,11,-0.015414258188824803,0.0,30
model_5,0.2,-0.4,0.95,12,-0.015414258188824803,0.0,30
model_5,0.2,-0.4,0.95,13,-0.015414258188824803,0.0,30
model_5,0.2,-0.4,0.95,14,-0.015414258188824803,0.0,30
model_5,0.2,-0.4,0.95,15,-0.015414258188824803,0.0,30
model_5,0.2,-0.4,0.95,16,-0.015414258188824803,0.0,30
model_5,0.2,-0.4,0.95,17,-0.015414258188824803,0.0,30
model_5,0.2,-0.4,0.95,18,-0.015414258188824803,0.0,30
model_5,0.2,-0.4,0.95,19,-0.015414258188824803,0.0,30
model_5,0.2,-0.4,0.95,20,-0.015414258188824803,0.0,30
model_5,0.2,-0.4,1.2999999999999998,0,0.016666666666666666,0.24138888888888888,30
model_5,0.2,-0.4,1.2999999999999998,1,0.0,0.0,30
model_5,0.2,-0.4,1.2999999999999998,2,0.0,0.0,30
model_5,0.2,-0.4,1.2999999999999998,3,0.0,0.0,30
model_5,0.2,-0.4,1.2999999999999998,4,0.0,0.0,30
model_5,0.2,-0.4,1.2999999999999998,5,0.0,0.0,30
model_5,0.2,-0.4,1.2999999999999998,6,0.0,0.0,30
model_5,0.2,-0.4,1.2999999999999998,7,0.0,0.0,30
model_5,0.2,-0.4,1.2999999999999998,8,0.0,0.0,30
model_5,0.2,-0.4,1.2999999999999998,9,0.0,0.0,30
model_5,0.2,-0.4,1.2999999999999998,10,0.0,0.0,30
model_5,0.2,-0.4,1.2999999999999998,11,0.0,0.0,30
model_5,0.2,-0.4,1.2999999999999998,12,0.0,0.0,30
model_5,0.2,-0.4,1.2999999999999998,13,0.0,0.0,30
model_5,0.2,-0.4,1.2999999999999998,14,0.0,0.0,30
model_5,0.2,-0.4,1.2999999999999998,15,0.0,0.0,30
model_5,0.2,-0.4,1.2999999999999998,16,0.0,0.0,30
model_5,0.2,-0.4,1.2999999999999998,17,0.0,0.0,30
model_5,0.2,-0.4,1.2999999999999998,18,0.0,0.0,30
model_5,0.2,-0.4,1.2999999999999998,19,0.0,0.0,30
model_5,0.2,-0.4,1.2999999999999998,20,0.0,0.0,30
model_5,0.2,-0.4,1.65,0,0.016666666666666666,0.24138888888888888,30
model_5,0.2,-0.4,1.65,1,0.0,0.0,30
model_5,0.2,-0.4,1.65,2,0.0,0.0,30
model_5,0.2,-0.4,1.65,3,0.0,0.0,30
model_5,0.2,-0.4,1.65,4,0.0,0.0,30
model_5,0.2,-0.4,1.65,5,0.0,0.0,30
model_5,0.2,-0.4,1.65,6,0.0,0.0,30
model_5,0.2,-0.4,1.65,7,0.0,0.0,30
model_5,0.2,-0.4,1.65,8,0.0,0.0,30
model_5,0.2,-0.4,1.65,9,0.0,0.0,30
model_5,0.2,-0.4,1.65,10,0.0,0.0,30
model_5,0.2,-0.4,1.65,11,0.0,0.0,30
model_5,0.2,-0.4,1.65,12,0.0,0.0,30
model_5,0.2,-0.4,1.65,13,0.0,0.0,30
model_5,0.2,-0.4,1.65,14,0.0,0.0,30
model_5,0.2,-0.4,1.65,15,0.0,0.0,30
model_5,0.2,-0.4,1.65,16,0.0,0.0,30
model_5,0.2,-0.4,1.65,17,0.0,0.0,30
model_5,0.2,-0.4,1.65,18,0.0,0.0,30
model_5,0.2,-0.4,1.65,19,0.0,0.0,30
model_5,0.2,-0.4,1.65,20,0.0,0.0,30
model_5,0.2,-0.4,2.0,0,0.016666666666666666,0.24138888888888888,30
model_5,0.2,-0.4,2.0,1,0.0,0.0,30
model_5,0.2,-0.4,2.0,2,0.0,0.0,30
model_5,0.2,-0.4,2.0,3,0.0,0.0,30
model_5,0.2,-0.4,2.0,4,0.0,0.0,30
model_5,0.2,-0.4,2.0,5,0.0,0.0,30
model_5,0.2,-0.4,2.0,6,0.0,0.0,30
model_5,0.2,-0.4,2.0,7,0.0,0.0,30
model_5,0.2,-0.4,2.0,8,0.0,0.0,30
model_5,0.2,-0.4,2.0,9,0.0,0.0,30
model_5,0.2,-0.4,2.0,10,0.0,0.0,30
model_5,0.2,-0.4,2.0,11,0.0,0.0,30
model_5,0.2,-0.4,2.0,12,0.0,0.0,30
model_5,0.2,-0.4,2.0,13,0.0,0.0,30
model_5,0.2,-0.4,2.0,14,0.0,0.0,30
model_5,0.2,-0.4,2.0,15,0.0,0.0,30
model_5,0.2,-0.4,2.0,16,0.0,0.0,30
model_5,0.2,-0.4,2.0,17,0.0,0.0,30
model_5,0.2,-0.4,2.0,18,0.0,0.0,30
model_5,0.2,-0.4,2.0,19,0.0,0.0,30
model_5,0.2,-0.4,2.0,20,0.0,0.0,30
model_5,0.2,-0.2,0.6,0,0.016666666666666666,0.24138888888888888,30
model_5,0.2,-0.2,0.6,1,-0.021333333333333256,0.002017814058956913,30
model_5,0.2,-0.2,0.6,2,-0.024807619047618974,1.6867278337729858e-05,30
model_5,0.2,-0.2,0.6,3,-0.025125268027210827,1.4099667769664838e-07,30
model_5,0.2,-0.2,0.6,4,-0.025154310219630625,1.1786171262200622e-09,30
model_5,0.2,-0.2,0.6,5,-0.025156965505794736,9.852277038563535e-12,30
model_5,0.2,-0.2,0.6,6,-0.02515720827481545,8.235699338903324e-14,30
model_5,0.2,-0.2,0.6,7,-0.02515723047084016,6.88437235190852e-16,30
model_5,0.2,-0.2,0.6,8,-0.025157232500191067,5.7547732770095835e-18,30
model_5,0.2,-0.2,0.6,9,-0.02515723268573168,4.8105215462611635e-20,30
model_5,0.2,-0.2,0.6,10,-0.025157232702695397,4.0212038713422595e-22,30
model_5,0.2,-0.2,0.6,11,-0.02515723270424634,3.361649079405916e-24,30
model_5,0.2,-0.2,0.6,12,-0.025157232704388143,2.810643045622795e-26,30
model_5,0.2,-0.2,0.6,13,-0.025157232704401154,2.3493238074300253e-28,30
model_5,0.2,-0.2,0.6,14,-0.025157232704402323,1.934888728511877e-30,30
model_5,0.2,-0.2,0.6,15,-0.025157232704402396,1.1901444585502956e-32,30
model_5,0.2,-0.2,0.6,16,-0.02515723270440243,1.1804345617473433e-33,30
model_5,0.2,-0.2,0.6,17,-0.0251572327044024,0.0,30
model_5,0.2,-0.2,0.6,18,-0.0251572327044024,0.0,30
model_5,0.2,-0.2,0.6,19,-0.0251572327044024,0.0,30
model_5,0.2,-0.2,0.6,20,-0.0251572327044024,0.0,30
model_5,0.2,-0.2,0.95,0,0.016666666666666666,0.24138888888888888,30
model_5,0.2,-0.2,0.95,1,-0.003555555555555595,5.605039052658085e-05,30
model_5,0.2,-0.2,0.95,2,-0.0038637037037037598,1.301487526058467e-08,30
model_5,0.2,-0.2,0.95,3,-0.003868399294532687,3.022048133125342e-12,30
model_5,0.2,-0.2,0.95,4,-0.003868470846392885,7.017182087262593e-16,30
model_5,0.2,-0.2,0.95,5,-0.0038684719367069334,1.6293865289612608e-19,30
model_5,0.2,-0.2,0.95,6,-0.003868471953321247,3.783503032548433e-23,30
model_5,0.2,-0.2,0.95,7,-0.0038684719535744963,8.786940828940579e-27,30
model_5,0.2,-0.2,0.95,8,-0.003868471953578262,2.1690285332107343e-30,30
model_5,0.2,-0.2,0.95,9,-0.003868471953578312,0.0,30
model_5,0.2,-0.2,0.95,10,-0.003868471953578312,0.0,30
model_5,0.2,-0.2,0.95,11,-0.003868471953578312,0.0,30
model_5,0.2,-0.2,0.95,12,-0.003868471953578312,0.0,30
model_5,0.2,-0.2,0.95,13,-0.003868471953578312,0.0,30
model_5,0.2,-0.2,0.95,14,-0.003868471953578312,0.0,30
model_5,0.2,-0.2,0.95,15,-0.003868471953578312,0.0,30
model_5,0.2,-0.2,0.95,16,-0.003868471953578312,0.0,30
model_5,0.2,-0.2,0.95,17,-0.003868471953578312,0.0,30
model_5,0.2,-0.2,0.95,18,-0.003868471953578312,0.0,30
model_5,0.2,-0.2,0.95,19,-0.003868471953578312,0.0,30
model_5,0.2,-0.2,0.95,20,-0.003868471953578312,0.0,30
model_5,0.2,-0.2,1.2999999999999998,0,0.016666666666666666,0.24138888888888888,30
model_5,0.2,-0.2,1.2999999999999998,1,0.0,0.0,30
model_5,0.2,-0.2,1.2999999999999998,2,0.0,0.0,30
model_5,0.2,-0.2,1.2999999999999998,3,0.0,0.0,30
model_5,0.2,-0.2,1.2999999999999998,4,0.0,0.0,30
model_5,0.2,-0.2,1.2999999999999998,5,0.0,0.0,30
model_5,0.2,-0.2,1.2999999999999998,6,0.0,0.0,30
model_5,0.2,-0.2,1.2999999999999998,7,0.0,0.0,30
model_5,0.2,-0.2,1.2999999999999998,8,0.0,0.0,30
model_5,0.2,-0.2,1.2999999999999998,9,0.0,0.0,30
model_5,0.2,-0.2,1.2999999999999998,10,0.0,0.0,30
model_5,0.2,-0.2,1.2999999999999998,11,0.0,0.0,30
model_5,0.2,-0.2,1.2999999999999998,12,0.0,0.0,30
model_5,0.2,-0.2,1.2999999999999998,13,0.0,0.0,30
model_5,0.2,-0.2,1.2999999999999998,14,0.0,0.0,30
model_5,0.2,-0.2,1.2999999999999998,15,0.0,0.0,30
model_5,0.2,-0.2,1.2999999999999998,16,0.0,0.0,30
model_5,0.2,-0.2,1.2999999999999998,17,0.0,0.0,30
model_5,0.2,-0.2,1.2999999999999998,18,0.0,0.0,30
model_5,0.2,-0.2,1.2999999999999998,19,0.0,0.0,30
model_5,0.2,-0.2,1.2999999999999998,20,0.0,0.0,30
model_5,0.2,-0.2,1.65,0,0.016666666666666666,0.24138888888888888,30
model_5,0.2,-0.2,1.65,1,0.0,0.0,30
model_5,0.2,-0.2,1.65,2,0.0,0.0,30
model_5,0.2,-0.2,1.65,3,0.0,0.0,30
model_5,0.2,-0.2,1.65,4,0.0,0.0,30
model_5,0.2,-0.2,1.65,5,0.0,0.0,30
model_5,0.2,-0.2,1.65,6,0.0,0.0,30
model_5,0.2,-0.2,1.65,7,0.0,0.0,30
model_5,0.2,-0.2,1.65,8,0.0,0.0,30
model_5,0.2,-0.2,1.65,9,0.0,0.0,30
model_5,0.2,-0.2,1.65,10,0.0,0.0,30
model_5,0.2,-0.2,1.65,11,0.0,0.0,30
model_5,0.2,-0.2,1.65,12,0.0,0.0,30
model_5,0.2,-0.2,1.65,13,0.0,0.0,30
model_5,0.2,-0.2,1.65,14,0.0,0.0,30
model_5,0.2,-0.2,1.65,15,0.0,0.0,30
model_5,0.2,-0.2,1.65,16,0.0,0.0,30
model_5,0.2,-0.2,1.65,17,0.0,0.0,30
model_5,0.2,-0.2,1.65,18,0.0,0.0,30
model_5,0.2,-0.2,1.65,19,0.0,0.0,30
model_5,0.2,-0.2,1.65,20,0.0,0.0,30
model_5,0.2,-0.2,2.0,0,0.016666666666666666,0.24138888888888888,30
model_5,0.2,-0.2,2.0,1,0.0,0.0,30
model_5,0.2,-0.2,2.0,2,0.0,0.0,30
model_5,0.2,-0.2,2.0,3,0.0,0.0,30
model_5,0.2,-0.2,2.0,4,0.0,0.0,30
model_5,0.2,-0.2,2.0,5,0.0,0.0,30
model_5,0.2,-0.2,2.0,6,0.0,0.0,30
model_5,0.2,-0.2,2.0,7,0.0,0.0,30
model_5,0.2,-0.2,2.0,8,0.0,0.0,30
model_5,0.2,-0.2,2.0,9,0.0,0.0,30
model_5,0.2,-0.2,2.0,10,0.0,0.0,30
model_5,0.2,-0.2,2.0,11,0.0,0.0,30
model_5,0.2,-0.2,2.0,12,0.0,0.0,30
model_5,0.2,-0.2,2.0,13,0.0,0.0,30
model_5,0.2,-0.2,2.0,14,0.0,0.0,30
model_5,0.2,-0.2,2.0,15,0.0,0.0,30
model_5,0.2,-0.2,2.0,16,0.0,0.0,30
model_5,0.2,-0.2,2.0,17,0.0,0.0,30
model_5,0.2,-0.2,2.0,18,0.0,0.0,30
model_5,0.2,-0.2,2.0,19,0.0,0.0,30
model_5,0.2,-0.2,2.0,20,0.0,0.0,30
model_5,0.2,0.0,0.6,0,0.016666666666666666,0.24138888888888888,30
model_5,0.2,0.0,0.6,1,0.001904761904761935,0.0031528344671201804,30
model_5,0.2,0.0,0.6,2,0.00021768707482999378,4.117987875422306e-05,30
model_5,0.2,0.0,0.6,3,2.4878522837767924e-05,5.378596408714961e-07,30
model_5,0.2,0.0,0.6,4,2.8432597529418994e-06,7.025105513423856e-09,30
model_5,0.2,0.0,0.6,5,3.249439718189251e-07,9.175648017535866e-11,30
model_5,0.2,0.0,0.6,6,3.713645394531895e-08,1.1984519859381171e-12,30
model_5,0.2,0.0,0.6,7,4.24416619256481e-09,1.565325043109344e-14,30
model_5,0.2,0.0,0.6,8,4.850475909812246e-10,2.0445061709317793e-16,30
model_5,0.2,0.0,0.6,9,5.5433975928072714e-11,2.670375363979376e-18,30
model_5,0.2,0.0,0.6,10,6.3353470617736696e-12,3.487838865205277e-20,30
model_5,0.2,0.0,0.6,11,7.240060403053879e-13,4.555549674619045e-22,30
model_5,0.2,0.0,0.6,12,8.271531607798958e-14,5.949935035233438e-24,30
model_5,0.2,0.0,0.6,13,9.518312064453009e-15,7.772288630201696e-26,30
model_5,0.2,0.0,0.6,14,1.080617077301819e-15,1.014760209680247e-27,30
model_5,0.2,0.0,0.6,15,1.8503717077085943e-16,1.3356675111559792e-29,30
model_5,0.2,0.0,0.6,16,4.4408920985006264e-17,1.6771511537042554e-31,30
model_5,0.2,0.0,0.6,17,3.3306690738754695e-17,7.107965448085158e-33,30
model_5,0.2,0.0,0.6,18,0.0,0.0,30
model_5,0.2,0.0,0.6,19,0.0,0.0,30
model_5,0.2,0.0,0.6,20,0.0,0.0,30
model_5,0.2,0.0,0.95,0,0.016666666666666666,0.24138888888888888,30
model_5,0.2,0.0,0.95,1,0.0003174603174602867,8.75787351977827e-05,30
model_5,0.2,0.0,0.95,2,6.046863189719994e-06,3.177459780418068e-08,30
model_5,0.2,0.0,0.95,3,1.151783464714562e-07,1.1528198749936062e-11,30
model_5,0.2,0.0,0.95,4,2.193873297843633e-09,4.182566444409521e-15,30
model_5,0.2,0.0,0.95,5,4.178806189969464e-11,1.5174843999621257e-18,30
model_5,0.2,0.0,0.95,6,7.959632952747597e-13,5.505615260920247e-22,30
model_5,0.2,0.0,0.95,7,1.516194577296422e-14,1.9976971707178533e-25,30
model_5,0.2,0.0,0.95,8,2.886579864025407e-16,7.240806337603938e-29,30
model_5,0.2,0.0,0.95,9,7.401486830834377e-18,4.760556434979578e-32,30
model_5,0.2,0.0,0.95,10,0.0,0.0,30
model_5,0.2,0.0,0.95,11,0.0,0.0,30
model_5,0.2,0.0,0.95,12,0.0,0.0,30
model_5,0.2,0.0,0.95,13,0.0,0.0,30
model_5,0.2,0.0,0.95,14,0.0,0.0,30
model_5,0.2,0.0,0.95,15,0.0,0.0,30
model_5,0.2,0.0,0.95,16,0.0,0.0,30
model_5,0.2,0.0,0.95,17,0.0,0.0,30
model_5,0.2,0.0,0.95,18,0.0,0.0,30
model_5,0.2,0.0,0.95,19,0.0,0.0,30
model_5,0.2,0.0,0.95,20,0.0,0.0,30
model_5,0.2,0.0,1.2999999999999998,0,0.016666666666666666,0.24138888888888888,30
model_5,0.2,0.0,1.2999999999999998,1,0.0,0.0,30
model_5,0.2,0.0,1.2999999999999998,2,0.0,0.0,30
model_5,0.2,0.0,1.2999999999999998,3,0.0,0.0,30
model_5,0.2,0.0,1.2999999999999998,4,0.0,0.0,30
model_5,0.2,0.0,1.2999999999999998,5,0.0,0.0,30
model_5,0.2,0.0,1.2999999999999998,6,0.0,0.0,30
model_5,0.2,0.0,1.2999999999999998,7,0.0,0.0,30
model_5,0.2,0.0,1.2999999999999998,8,0.0,0.0,30
model_5,0.2,0.0,1.2999999999999998,9,0.0,0.0,30
model_5,0.2,0.0,1.2999999999999998,10,0.0,0.0,30
model_5,0.2,0.0,1.2999999999999998,11,0.0,0.0,30
model_5,0.2,0.0,1.2999999999999998,12,0.0,0.0,30
model_5,0.2,0.0,1.2999999999999998,13,0.0,0.0,30
model_5,0.2,0.0,1.2999999999999998,14,0.0,0.0,30
model_5,0.2,0.0,1.2999999999999998,15,0.0,0.0,30
model_5,0.2,0.0,1.2999999999999998,16,0.0,0.0,30
model_5,0.2,0.0,1.2999999999999998,17,0.0,0.0,30
model_5,0.2,0.0,1.2999999999999998,18,0.0,0.0,30
model_5,0.2,0.0,1.2999999999999998,19,0.0,0.0,30
model_5,0.2,0.0,1.2999999999999998,20,0.0,0.0,30
model_5,0.2,0.0,1.65,0,0.016666666666666666,0.24138888888888888,30
model_5,0.2,0.0,1.65,1,0.0,0.0,30
model_5,0.2,0.0,1.65,2,0.0,0.0,30
model_5,0.2,0.0,1.65,3,0.0,0.0,30
model_5,0.2,0.0,1.65,4,0.0,0.0,30
model_5,0.2,0.0,1.65,5,0.0,0.0,30
model_5,0.2,0.0,1.65,6,0.0,0.0,30
model_5,0.2,0.0,1.65,7,0.0,0.0,30
model_5,0.2,0.0,1.65,8,0.0,0.0,30
model_5,0.2,0.0,1.65,9,0.0,0.0,30
model_5,0.2,0.0,1.65,10,0.0,0.0,30
model_5,0.2,0.0,1.65,11,0.0,0.0,30
model_5,0.2,0.0,1.65,12,0.0,0.0,30
model_5,0.2,0.0,1.65,13,0.0,0.0,30
model_5,0.2,0.0,1.65,14,0.0,0.0,30
model_5,0.2,0.0,1.65,15,0.0,0.0,30
model_5,0.2,0.0,1.65,16,0.0,0.0,30
model_5,0.2,0.0,1.65,17,0.0,0.0,30
model_5,0.2,0.0,1.65,18,0.0,0.0,30
model_5,0.2,0.0,1.65,19,0.0,0.0,30
model_5,0.2,0.0,1.65,20,0.0,0.0,30
model_5,0.2,0.0,2.0,0,0.016666666666666666,0.24138888888888888,30
model_5,0.2,0.0,2.0,1,0.0,0.0,30
model_5,0.2,0.0,2.0,2,0.0,0.0,30
model_5,0.2,0.0,2.0,3,0.0,0.0,30
model_5,0.2,0.0,2.0,4,0.0,0.0,30
model_5,0.2,0.0,2.0,5,0.0,0.0,30
model_5,0.2,0.0,2.0,6,0.0,0.0,30
model_5,0.2,0.0,2.0,7,0.0,0.0,30
model_5,0.2,0.0,2.0,8,0.0,0.0,30
model_5,0.2,0.0,2.0,9,0.0,0.0,30
model_5,0.2,0.0,2.0,10,0.0,0.0,30
model_5,0.2,0.0,2.0,11,0.0,0.0,30
model_5,0.2,0.0,2.0,12,0.0,0.0,30
model_5,0.2,0.0,2.0,13,0.0,0.0,30
model_5,0.2,0.0,2.0,14,0.0,0.0,30
model_5,0.2,0.0,2.0,15,0.0,0.0,30
model_5,0.2,0.0,2.0,16,0.0,0.0,30
model_5,0.2,0.0,2.0,17,0.0,0.0,30
model_5,0.2,0.0,2.0,18,0.0,0.0,30
model_5,0.2,0.0,2.0,19,0.0,0.0,30
model_5,0.2,0.0,2.0,20,0.0,0.0,30
model_5,0.2,0.20000000000000007,0.6,0,0.016666666666666666,0.24138888888888888,30
model_5,0.2,0.20000000000000007,0.6,1,0.024380952380952434,0.0020178140589569155,30
model_5,0.2,0.20000000000000007,0.6,2,0.02508625850340145,1.6867278337729858e-05,30
model_5,0.2,0.20000000000000007,0.6,3,0.02515074363459677,1.4099667769658674e-07,30
model_5,0.2,0.20000000000000007,0.6,4,0.025156639418020346,1.1786171262125845e-09,30
model_5,0.2,0.20000000000000007,0.6,5,0.025157178461076193,9.852277038390549e-12,30
model_5,0.2,0.20000000000000007,0.6,6,0.02515722774501273,8.235699334212595e-14,30
model_5,0.2,0.20000000000000007,0.6,7,0.02515723225097268,6.884372323086838e-16,30
model_5,0.2,0.20000000000000007,0.6,8,0.02515723266294608,5.754773276106114e-18,30
model_5,0.2,0.20000000000000007,0.6,9,0.025157232700612226,4.810522738499655e-20,30
model_5,0.2,0.20000000000000007,0.6,10,0.025157232704056086,4.021214620747424e-22,30
model_5,0.2,0.20000000000000007,0.6,11,0.025157232704370844,3.3616476983664916e-24,30
model_5,0.2,0.20000000000000007,0.6,12,0.02515723270439966,2.81153579247317e-26,30
model_5,0.2,0.20000000000000007,0.6,13,0.0251572327044022,2.3493238074300253e-28,30
model_5,0.2,0.20000000000000007,0.6,14,0.02515723270440256,2.011335307771088e-30,30
model_5,0.2,0.20000000000000007,0.6,15,0.025157232704402576,2.843234327482673e-32,30
model_5,0.2,0.20000000000000007,0.6,16,0.02515723270440251,0.0,30
model_5,0.2,0.20000000000000007,0.6,17,0.02515723270440251,0.0,30
model_5,0.2,0.20000000000000007,0.6,18,0.02515723270440251,0.0,30
model_5,0.2,0.20000000000000007,0.6,19,0.02515723270440251,0.0,30
model_5,0.2,0.20000000000000007,0.6,20,0.02515723270440251,0.0,30
model_5,0.2,0.20000000000000007,0.95,0,0.016666666666666666,0.24138888888888888,30
model_5,0.2,0.20000000000000007,0.95,1,0.004063492063491991,5.605039052658085e-05,30
model_5,0.2,0.20000000000000007,0.95,2,0.003871443688586618,1.3014875260578555e-08,30
model_5,0.2,0.20000000000000007,0.95,3,0.0038685172371594745,3.0220481331266514e-12,30
model_5,0.2,0.20000000000000007,0.95,4,0.0038684726436138185,7.017182087162828e-16,30
model_5,0.2,0.20000000000000007,0.95,5,0.003868471964093127,1.6293863110600906e-19,30
model_5,0.2,0.20000000000000007,0.95,6,0.003868471953738513,3.78343569774815e-23,30
model_5,0.2,0.20000000000000007,0.95,7,0.0038684719535809356,8.78181035700126e-27,30
model_5,0.2,0.20000000000000007,0.95,8,0.0038684719535784116,2.17129858520801e-30,30
model_5,0.2,0.20000000000000007,0.95,9,0.003868471953578423,0.0,30
model_5,0.2,0.20000000000000007,0.95,10,0.003868471953578423,0.0,30
model_5,0.2,0.20000000000000007,0.95,11,0.003868471953578423,0.0,30
model_5,0.2,0.20000000000000007,0.95,12,0.003868471953578423,0.0,30
model_5,0.2,0.20000000000000007,0.95,13,0.003868471953578423,0.0,30
model_5,0.2,0.20000000000000007,0.95,14,0.003868471953578423,0.0,30
model_5,0.2,0.20000000000000007,0.95,15,0.003868471953578423,0.0,30
model_5,0.2,0.20000000000000007,0.95,16,0.003868471953578423,0.0,30
model_5,0.2,0.20000000000000007,0.95,17,0.003868471953578423,0.0,30
model_5,0.2,0.20000000000000007,0.95,18,0.003868471953578423,0.0,30
model_5,0.2,0.20000000000000007,0.95,19,0.003868471953578423,0.0,30
model_5,0.2,0.20000000000000007,0.95,20,0.003868471953578423,0.0,30
model_5,0.2,0.20000000000000007,1.2999999999999998,0,0.016666666666666666,0.24138888888888888,30
model_5,0.2,0.20000000000000007,1.2999999999999998,1,0.0,0.0,30
model_5,0.2,0.20000000000000007,1.2999999999999998,2,0.0,0.0,30
model_5,0.2,0.20000000000000007,1.2999999999999998,3,0.0,0.0,30
model_5,0.2,0.20000000000000007,1.2999999999999998,4,0.0,0.0,30
model_5,0.2,0.20000000000000007,1.2999999999999998,5,0.0,0.0,30
model_5,0.2,0.20000000000000007,1.2999999999999998,6,0.0,0.0,30
model_5,0.2,0.20000000000000007,1.2999999999999998,7,0.0,0.0,30
model_5,0.2,0.20000000000000007,1.2999999999999998,8,0.0,0.0,30
model_5,0.2,0.20000000000000007,1.2999999999999998,9,0.0,0.0,30
model_5,0.2,0.20000000000000007,1.2999999999999998,10,0.0,0.0,30
model_5,0.2,0.20000000000000007,1.2999999999999998,11,0.0,0.0,30
model_5,0.2,0.20000000000000007,1.2999999999999998,12,0.0,0.0,30
model_5,0.2,0.20000000000000007,1.2999999999999998,13,0.0,0.0,30
model_5,0.2,0.20000000000000007,1.2999999999999998,14,0.0,0.0,30
model_5,0.2,0.20000000000000007,1.2999999999999998,15,0.0,0.0,30
model_5,0.2,0.20000000000000007,1.2999999999999998,16,0.0,0.0,30
model_5,0.2,0.20000000000000007,1.2999999999999998,17,0.0,0.0,30
model_5,0.2,0.20000000000000007,1.2999999999999998,18,0.0,0.0,30
model_5,0.2,0.20000000000000007,1.2999999999999998,19,0.0,0.0,30
model_5,0.2,0.20000000000000007,1.2999999999999998,20,0.0,0.0,30
model_5,0.2,0.20000000000000007,1.65,0,0.016666666666666666,0.24138888888888888,30
model_5,0.2,0.20000000000000007,1.65,1,0.0,0.0,30
model_5,0.2,0.20000000000000007,1.65,2,0.0,0.0,30
model_5,0.2,0.20000000000000007,1.65,3,0.0,0.0,30
model_5,0.2,0.20000000000000007,1.65,4,0.0,0.0,30
model_5,0.2,0.20000000000000007,1.65,5,0.0,0.0,30
model_5,0.2,0.20000000000000007,1.65,6,0.0,0.0,30
model_5,0.2,0.20000000000000007,1.65,7,0.0,0.0,30
model_5,0.2,0.20000000000000007,1.65,8,0.0,0.0,30
model_5,0.2,0.20000000000000007,1.65,9,0.0,0.0,30
model_5,0.2,0.20000000000000007,1.65,10,0.0,0.0,30
model_5,0.2,0.20000000000000007,1.65,11,0.0,0.0,30
model_5,0.2,0.20000000000000007,1.65,12,0.0,0.0,30
model_5,0.2,0.20000000000000007,1.65,13,0.0,0.0,30
model_5,0.2,0.20000000000000007,1.65,14,0.0,0.0,30
model_5,0.2,0.20000000000000007,1.65,15,0.0,0.0,30
model_5,0.2,0.20000000000000007,1.65,16,0.0,0.0,30
model_5,0.2,0.20000000000000007,1.65,17,0.0,0.0,30
model_5,0.2,0.20000000000000007,1.65,18,0.0,0.0,30
model_5,0.2,0.20000000000000007,1.65,19,0.0,0.0,30
model_5,0.2,0.20000000000000007,1.65,20,0.0,0.0,30
model_5,0.2,0.20000000000000007,2.0,0,0.016666666666666666,0.24138888888888888,30
model_5,0.2,0.20000000000000007,2.0,1,0.0,0.0,30
model_5,0.2,0.20000000000000007,2.0,2,0.0,0.0,30
model_5,0.2,0.20000000000000007,2.0,3,0.0,0.0,30
model_5,0.2,0.20000000000000007,2.0,4,0.0,0.0,30
model_5,0.2,0.20000000000000007,2.0,5,0.0,0.0,30
model_5,0.2,0.20000000000000007,2.0,6,0.0,0.0,30
model_5,0.2,0.20000000000000007,2.0,7,0.0,0.0,30
model_5,0.2,0.20000000000000007,2.0,8,0.0,0.0,30
model_5,0.2,0.20000000000000007,2.0,9,0.0,0.0,30
model_5,0.2,0.20000000000000007,2.0,10,0.0,0.0,30
model_5,0.2,0.20000000000000007,2.0,11,0.0,0.0,30
model_5,0.2,0.20000000000000007,2.0,12,0.0,0.0,30
model_5,0.2,0.20000000000000007,2.0,13,0.0,0.0,30
model_5,0.2,0.20000000000000007,2.0,14,0.0,0.0,30
model_5,0.2,0.20000000000000007,2.0,15,0.0,0.0,30
model_5,0.2,0.20000000000000007,2.0,16,0.0,0.0,30
model_5,0.2,0.20000000000000007,2.0,17,0.0,0.0,30
model_5,0.2,0.20000000000000007,2.0,18,0.0,0.0,30
model_5,0.2,0.20000000000000007,2.0,19,0.0,0.0,30
model_5,0.2,0.20000000000000007,2.0,20,0.0,0.0,30
model_5,0.2,0.4,0.6,0,0.016666666666666666,0.24138888888888888,30
model_5,0.2,0.4,0.6,1,0.09257142857142855,0.0011350204081632632,30
model_5,0.2,0.4,0.6,2,0.0977763265306123,5.336912286547259e-06,30
model_5,0.2,0.4,0.6,3,0.09813323381924204,2.509437940449127e-08,30
model_5,0.2,0.4,0.6,4,0.09815770746189093,1.179947962203722e-10,30
model_5,0.2,0.4,0.6,5,0.09815938565452968,5.548163479646291e-13,30
model_5,0.2,0.4,0.6,6,0.09815950073059634,2.6087691191714595e-15,30
model_5,0.2,0.4,0.6,7,0.0981595086215267,1.2266538883947392e-17,30
model_5,0.2,0.4,0.6,8,0.09815950916261897,5.767774555349494e-20,30
model_5,0.2,0.4,0.6,9,0.09815950919972248,2.712019023803833e-22,30
model_5,0.2,0.4,0.6,10,0.09815950920226664,1.2750295256297815e-24,30
model_5,0.2,0.4,0.6,11,0.09815950920244117,5.999491268582235e-27,30
model_5,0.2,0.4,0.6,12,0.0981595092024531,2.799879718504572e-29,30
model_5,0.2,0.4,0.6,13,0.09815950920245405,1.4769314766857583e-31,30
model_5,0.2,0.4,0.6,14,0.09815950920245409,0.0,30
model_5,0.2,0.4,0.6,15,0.09815950920245409,0.0,30
model_5,0.2,0.4,0.6,16,0.09815950920245409,0.0,30
model_5,0.2,0.4,0.6,17,0.09815950920245409,0.0,30
model_5,0.2,0.4,0.6,18,0.09815950920245409,0.0,30
model_5,0.2,0.4,0.6,19,0.09815950920245409,0.0,30
model_5,0.2,0.4,0.6,20,0.09815950920245409,0.0,30
model_5,0.2,0.4,0.95,0,0.016666666666666666,0.24138888888888888,30
model_5,0.2,0.4,0.95,1,0.015428571428571403,3.152834467120196e-05,30
model_5,0.2,0.4,0.95,2,0.015414421768707427,4.1179878754296086e-09,30
model_5,0.2,0.4,0.95,3,0.015414260058309067,5.378596408903706e-13,30
model_5,0.2,0.4,0.95,4,0.015414258210190176,7.025105535401143e-17,30
model_5,0.2,0.4,0.95,5,0.015414258189068808,9.17564742504511e-21,30
model_5,0.2,0.4,0.95,6,0.015414258188827523,1.198484661710191e-24,30
model_5,0.2,0.4,0.95,7,0.015414258188824722,1.5603663228408334e-28,30
model_5,0.2,0.4,0.95,8,0.015414258188824748,2.855512130878142e-32,30
model_5,0.2,0.4,0.95,9,0.015414258188824803,0.0,30
model_5,0.2,0.4,0.95,10,0.015414258188824803,0.0,30
model_5,0.2,0.4,0.95,11,0.015414258188824803,0.0,30
model_5,0.2,0.4,0.95,12,0.015414258188824803,0.0,30
model_5,0.2,0.4,0.95,13,0.015414258188824803,0.0,30
model_5,0.2,0.4,0.95,14,0.015414258188824803,0.0,30
model_5,0.2,0.4,0.95,15,0.015414258188824803,0.0,30
model_5,0.2,0.4,0.95,16,0.015414258188824803,0.0,30
model_5,0.2,0.4,0.95,17,0.015414258188824803,0.0,30
model_5,0.2,0.4,0.95,18,0.015414258188824803,0.0,30
model_5,0.2,0.4,0.95,19,0.015414258188824803,0.0,30
model_5,0.2,0.4,0.95,20,0.015414258188824803,0.0,30
model_5,0.2,0.4,1.2999999999999998,0,0.016666666666666666,0.24138888888888888,30
model_5,0.2,0.4,1.2999999999999998,1,0.0,0.0,30
model_5,0.2,0.4,1.2999999999999998,2,0.0,0.0,30
model_5,0.2,0.4,1.2999999999999998,3,0.0,0.0,30
model_5,0.2,0.4,1.2999999999999998,4,0.0,0.0,30
model_5,0.2,0.4,1.2999999999999998,5,0.0,0.0,30
model_5,0.2,0.4,1.2999999999999998,6,0.0,0.0,30
model_5,0.2,0.4,1.2999999999999998,7,0.0,0.0,30
model_5,0.2,0.4,1.2999999999999998,8,0.0,0.0,30
model_5,0.2,0.4,1.2999999999999998,9,0.0,0.0,30
model_5,0.2,0.4,1.2999999999999998,10,0.0,0.0,30
model_5,0.2,0.4,1.2999999999999998,11,0.0,0.0,30
model_5,0.2,0.4,1.2999999999999998,12,0.0,0.0,30
model_5,0.2,0.4,1.2999999999999998,13,0.0,0.0,30
model_5,0.2,0.4,1.2999999999999998,14,0.0,0.0,30
model_5,0.2,0.4,1.2999999999999998,15,0.0,0.0,30
model_5,0.2,0.4,1.2999999999999998,16,0.0,0.0,30
model_5,0.2,0.4,1.2999999999999998,17,0.0,0.0,30
model_5,0.2,0.4,1.2999999999999998,18,0.0,0.0,30
model_5,0.2,0.4,1.2999999999999998,19,0.0,0.0,30
model_5,0.2,0.4,1.2999999999999998,20,0.0,0.0,30
model_5,0.2,0.4,1.65,0,0.016666666666666666,0.24138888888888888,30
model_5,0.2,0.4,1.65,1,0.0,0.0,30
model_5,0.2,0.4,1.65,2,0.0,0.0,30
model_5,0.2,0.4,1.65,3,0.0,0.0,30
model_5,0.2,0.4,1.65,4,0.0,0.0,30
model_5,0.2,0.4,1.65,5,0.0,0.0,30
model_5,0.2,0.4,1.65,6,0.0,0.0,30
model_5,0.2,0.4,1.65,7,0.0,0.0,30
model_5,0.2,0.4,1.65,8,0.0,0.0,30
model_5,0.2,0.4,1.65,9,0.0,0.0,30
model_5,0.2,0.4,1.65,10,0.0,0.0,30
model_5,0.2,0.4,1.65,11,0.0,0.0,30
model_5,0.2,0.4,1.65,12,0.0,0.0,30
model_5,0.2,0.4,1.65,13,0.0,0.0,30
model_5,0.2,0.4,1.65,14,0.0,0.0,30
model_5,0.2,0.4,1.65,15,0.0,0.0,30
model_5,0.2,0.4,1.65,16,0.0,0.0,30
model_5,0.2,0.4,1.65,17,0.0,0.0,30
model_5,0.2,0.4,1.65,18,0.0,0.0,30
model_5,0.2,0.4,1.65,19,0.0,0.0,30
model_5,0.2,0.4,1.65,20,0.0,0.0,30
model_5,0.2,0.4,2.0,0,0.016666666666666666,0.24138888888888888,30
model_5,0.2,0.4,2.0,1,0.0,0.0,30
model_5,0.2,0.4,2.0,2,0.0,0.0,30
model_5,0.2,0.4,2.0,3,0.0,0.0,30
model_5,0.2,0.4,2.0,4,0.0,0.0,30
model_5,0.2,0.4,2.0,5,0.0,0.0,30
model_5,0.2,0.4,2.0,6,0.0,0.0,30
model_5,0.2,0.4,2.0,7,0.0,0.0,30
model_5,0.2,0.4,2.0,8,0.0,0.0,30
model_5,0.2,0.4,2.0,9,0.0,0.0,30
model_5,0.2,0.4,2.0,10,0.0,0.0,30
model_5,0.2,0.4,2.0,11,0.0,0.0,30
model_5,0.2,0.4,2.0,12,0.0,0.0,30
model_5,0.2,0.4,2.0,13,0.0,0.0,30
model_5,0.2,0.4,2.0,14,0.0,0.0,30
model_5,0.2,0.4,2.0,15,0.0,0.0,30
model_5,0.2,0.4,2.0,16,0.0,0.0,30
model_5,0.2,0.4,2.0,17,0.0,0.0,30
model_5,0.2,0.4,2.0,18,0.0,0.0,30
model_5,0.2,0.4,2.0,19,0.0,0.0,30
model_5,0.2,0.4,2.0,20,0.0,0.0,30
model_5,0.45,-0.4,0.6,0,0.016666666666666666,0.24138888888888888,30
model_5,0.45,-0.4,0.6,1,-0.08885714285714276,0.0057460408163265315,30
model_5,0.45,-0.4,0.6,2,-0.10513795918367344,0.00013677922465639395,30
model_5,0.45,-0.4,0.6,3,-0.10764985655976664,3.255903829371705e-06,30
model_5,0.45,-0.4,0.6,4,-0.10803740644064963,7.75038005424222e-08,30
model_5,0.45,-0.4,0.6,5,-0.10809719985084303,1.8449067949528245e-09,30
model_5,0.45,-0.4,0.6,6,-0.10810642511984431,4.39163119516165e-11,30
model_5,0.45,-0.4,0.6,7,-0.10810784844706171,1.0453874747201323e-12,30
model_5,0.45,-0.4,0.6,8,-0.10810806804611807,2.488448878088661e-14,30
model_5,0.45,-0.4,0.6,9,-0.10810810192711533,5.923524011132816e-16,30
model_5,0.45,-0.4,0.6,10,-0.10810810715446915,1.4100404700257318e-17,30
model_5,0.45,-0.4,0.6,11,-0.10810810796097518,3.3564719950977047e-19,30
model_5,0.45,-0.4,0.6,12,-0.10810810808540756,7.989779399591405e-21,30
model_5,0.45,-0.4,0.6,13,-0.10810810810460568,1.901894182375762e-22,30
model_5,0.45,-0.4,0.6,14,-0.10810810810756766,4.527130256204129e-24,30
model_5,0.45,-0.4,0.6,15,-0.10810810810802463,1.0777412756748806e-25,30
model_5,0.45,-0.4,0.6,16,-0.10810810810809515,2.5650746537679556e-27,30
model_5,0.45,-0.4,0.6,17,-0.10810810810810605,6.126808141636858e-29,30
model_5,0.45,-0.4,0.6,18,-0.10810810810810774,1.5739598272839871e-30,30
model_5,0.45,-0.4,0.6,19,-0.10810810810810803,3.69264968003846e-32,30
model_5,0.45,-0.4,0.6,20,-0.10810810810810803,1.1812370325575047e-33,30
model_5,0.45,-0.4,0.95,0,0.016666666666666666,0.24138888888888888,30
model_5,0.45,-0.4,0.95,1,-0.014809523809523783,0.00015961224489795888,30
model_5,0.45,-0.4,0.95,2,-0.015618911564625792,1.0553952519785945e-07,30
model_5,0.45,-0.4,0.95,3,-0.015639724392614216,6.978531870202737e-11,30
model_5,0.45,-0.4,0.95,4,-0.01564025957961961,4.6143761762129764e-14,30
model_5,0.45,-0.4,0.95,5,-0.015640273341571267,3.0511385484064753e-17,30
model_5,0.45,-0.4,0.95,6,-0.015640273695450006,2.0174867397674544e-20,30
model_5,0.45,-0.4,0.95,7,-0.01564027370454963,1.3339995966061808e-23,30
model_5,0.45,-0.4,0.95,8,-0.015640273704783637,8.822751144264669e-27,30
model_5,0.45,-0.4,0.95,9,-0.01564027370478971,5.630083845960169e-30,30
model_5,0.45,-0.4,0.95,10,-0.01564027370478988,4.7113061264572754e-33,30
model_5,0.45,-0.4,0.95,11,-0.01564027370478982,0.0,30
model_5,0.45,-0.4,0.95,12,-0.01564027370478982,0.0,30
model_5,0.45,-0.4,0.95,13,-0.01564027370478982,0.0,30
model_5,0.45,-0.4,0.95,14,-0.01564027370478982,0.0,30
model_5,0.45,-0.4,0.95,15,-0.01564027370478982,0.0,30
model_5,0.45,-0.4,0.95,16,-0.01564027370478982,0.0,30
model_5,0.45,-0.4,0.95,17,-0.01564027370478982,0.0,30
model_5,0.45,-0.4,0.95,18,-0.01564027370478982,0.0,30
model_5,0.45,-0.4,0.95,19,-0.01564027370478982,0.0,30
model_5,0.45,-0.4,0.95,20,-0.01564027370478982,0.0,30
model_5,0.45,-0.4,1.2999999999999998,0,0.016666666666666666,0.24138888888888888,30
model_5,0.45,-0.4,1.2999999999999998,1,0.0,0.0,30
model_5,0.45,-0.4,1.2999999999999998,2,0.0,0.0,30
model_5,0.45,-0.4,1.2999999999999998,3,0.0,0.0,30
model_5,0.45,-0.4,1.2999999999999998,4,0.0,0.0,30
model_5,0.45,-0.4,1.2999999999999998,5,0.0,0.0,30
model_5,0.45,-0.4,1.2999999999999998,6,0.0,0.0,30
model_5,0.45,-0.4,1.2999999999999998,7,0.0,0.0,30
model_5,0.45,-0.4,1.2999999999999998,8,0.0,0.0,30
model_5,0.45,-0.4,1.2999999999999998,9,0.0,0.0,30
model_5,0.45,-0.4,1.2999999999999998,10,0.0,0.0,30
model_5,0.45,-0.4,1.2999999999999998,11,0.0,0.0,30
model_5,0.45,-0.4,1.2999999999999998,12,0.0,0.0,30
model_5,0.45,-0.4,1.2999999999999998,13,0.0,0.0,30
model_5,0.45,-0.4,1.2999999999999998,14,0.0,0.0,30
model_5,0.45,-0.4,1.2999999999999998,15,0.0,0.0,30
model_5,0.45,-0.4,1.2999999999999998,16,0.0,0.0,30
model_5,0.45,-0.4,1.2999999999999998,17,0.0,0.0,30
model_5,0.45,-0.4,1.2999999999999998,18,0.0,0.0,30
model_5,0.45,-0.4,1.2999999999999998,19,0.0,0.0,30
model_5,0.45,-0.4,1.2999999999999998,20,0.0,0.0,30
model_5,0.45,-0.4,1.65,0,0.016666666666666666,0.24138888888888888,30
model_5,0.45,-0.4,1.65,1,0.0,0.0,30
model_5,0.45,-0.4,1.65,2,0.0,0.0,30
model_5,0.45,-0.4,1.65,3,0.0,0.0,30
model_5,0.45,-0.4,1.65,4,0.0,0.0,30
model_5,0.45,-0.4,1.65,5,0.0,0.0,30
model_5,0.45,-0.4,1.65,6,0.0,0.0,30
model_5,0.45,-0.4,1.65,7,0.0,0.0,30
model_5,0.45,-0.4,1.65,8,0.0,0.0,30
model_5,0.45,-0.4,1.65,9,0.0,0.0,30
model_5,0.45,-0.4,1.65,10,0.0,0.0,30
model_5,0.45,-0.4,1.65,11,0.0,0.0,30
model_5,0.45,-0.4,1.65,12,0.0,0.0,30
model_5,0.45,-0.4,1.65,13,0.0,0.0,30
model_5,0.45,-0.4,1.65,14,0.0,0.0,30
model_5,0.45,-0.4,1.65,15,0.0,0.0,30
model_5,0.45,-0.4,1.65,16,0.0,0.0,30
model_5,0.45,-0.4,1.65,17,0.0,0.0,30
model_5,0.45,-0.4,1.65,18,0.0,0.0,30
model_5,0.45,-0.4,1.65,19,0.0,0.0,30
model_5,0.45,-0.4,1.65,20,0.0,0.0,30
model_5,0.45,-0.4,2.0,0,0.016666666666666666,0.24138888888888888,30
model_5,0.45,-0.4,2.0,1,0.0,0.0,30
model_5,0.45,-0.4,2.0,2,0.0,0.0,30
model_5,0.45,-0.4,2.0,3,0.0,0.0,30
model_5,0.45,-0.4,2.0,4,0.0,0.0,30
model_5,0.45,-0.4,2.0,5,0.0,0.0,30
model_5,0.45,-0.4,2.0,6,0.0,0.0,30
model_5,0.45,-0.4,2.0,7,0.0,0.0,30
model_5,0.45,-0.4,2.0,8,0.0,0.0,30
model_5,0.45,-0.4,2.0,9,0.0,0.0,30
model_5,0.45,-0.4,2.0,10,0.0,0.0,30
model_5,0.45,-0.4,2.0,11,0.0,0.0,30
model_5,0.45,-0.4,2.0,12,0.0,0.0,30
model_5,0.45,-0.4,2.0,13,0.0,0.0,30
model_5,0.45,-0.4,2.0,14,0.0,0.0,30
model_5,0.45,-0.4,2.0,15,0.0,0.0,30
model_5,0.45,-0.4,2.0,16,0.0,0.0,30
model_5,0.45,-0.4,2.0,17,0.0,0.0,30
model_5,0.45,-0.4,2.0,18,0.0,0.0,30
model_5,0.45,-0.4,2.0,19,0.0,0.0,30
model_5,0.45,-0.4,2.0,20,0.0,0.0,30
model_5,0.45,-0.2,0.6,0,0.016666666666666666,0.24138888888888888,30
model_5,0.45,-0.2,0.6,1,-0.019428571428571385,0.010215183673469368,30
model_5,0.45,-0.2,0.6,2,-0.026853877551020457,0.00043228989521032794,30
model_5,0.45,-0.2,0.6,3,-0.028381369096209884,1.8293802585880438e-05,30
model_5,0.45,-0.2,0.6,4,-0.02869559592836315,7.741638580016973e-07,30
model_5,0.45,-0.2,0.6,5,-0.028760236876691818,3.2761350529620655e-08,30
model_5,0.45,-0.2,0.6,6,-0.028773534443205108,1.3864068664963242e-09,30
model_5,0.45,-0.2,0.6,7,-0.02877626994260214,5.867047506884381e-11,30
model_5,0.45,-0.2,0.6,8,-0.02877683267390671,2.482838716515414e-12,30
model_5,0.45,-0.2,0.6,9,-0.02877694843577502,1.0506968085310197e-13,30
model_5,0.45,-0.2,0.6,10,-0.028776972249645053,4.446377353102254e-15,30
model_5,0.45,-0.2,0.6,11,-0.028776977148498292,1.881634301638129e-16,30
model_5,0.45,-0.2,0.6,12,-0.028776978156262418,7.962769252752144e-18,30
model_5,0.45,-0.2,0.6,13,-0.028776978363573878,3.3697138142601156e-19,30
model_5,0.45,-0.2,0.6,14,-0.02877697840622092,1.4260071547226105e-20,30
model_5,0.45,-0.2,0.6,15,-0.028776978414994013,6.034629191596004e-22,30
model_5,0.45,-0.2,0.6,16,-0.028776978416798705,2.5537695633664704e-23,30
model_5,0.45,-0.2,0.6,17,-0.028776978417170033,1.0807243426972728e-24,30
model_5,0.45,-0.2,0.6,18,-0.028776978417246378,4.574379597080457e-26,30
model_5,0.45,-0.2,0.6,19,-0.028776978417262022,1.9377105553255572e-27,30
model_5,0.45,-0.2,0.6,20,-0.028776978417265366,8.198868582284043e-29,30
model_5,0.45,-0.2,0.95,0,0.016666666666666666,0.24138888888888888,30
model_5,0.45,-0.2,0.95,1,-0.0032380952380952456,0.0002837551020408176,30
model_5,0.45,-0.2,0.95,2,-0.003920544217687059,3.335570179092036e-07,30
model_5,0.45,-0.2,0.95,3,-0.003943942468415899,3.9209967819464723e-10,30
model_5,0.45,-0.2,0.95,4,-0.003944744694155158,4.609171727499878e-13,30
model_5,0.45,-0.2,0.95,5,-0.003944772199037739,5.418128407614664e-16,30
model_5,0.45,-0.2,0.95,6,-0.003944773142062219,6.369065179440263e-19,30
model_5,0.45,-0.2,0.95,7,-0.003944773174394595,7.486901823186641e-22,30
model_5,0.45,-0.2,0.95,8,-0.003944773175503054,8.800221928024143e-25,30
model_5,0.45,-0.2,0.95,9,-0.0039447731755410335,1.0339703321213054e-27,30
model_5,0.45,-0.2,0.95,10,-0.00394477317554234,1.1922653889015521e-30,30
model_5,0.45,-0.2,0.95,11,-0.003944773175542474,4.670329960713412e-33,30
model_5,0.45,-0.2,0.95,12,-0.0039447731755425375,0.0,30
model_5,0.45,-0.2,0.95,13,-0.0039447731755425375,0.0,30
model_5,0.45,-0.2,0.95,14,-0.0039447731755425375,0.0,30
model_5,0.45,-0.2,0.95,15,-0.0039447731755425375,0.0,30
model_5,0.45,-0.2,0.95,16,-0.0039447731755425375,0.0,30
model_5,0.45,-0.2,0.95,17,-0.0039447731755425375,0.0,30
model_5,0.45,-0.2,0.95,18,-0.0039447731755425375,0.0,30
model_5,0.45,-0.2,0.95,19,-0.0039447731755425375,0.0,30
model_5,0.45,-0.2,0.95,20,-0.0039447731755425375,0.0,30
model_5,0.45,-0.2,1.2999999999999998,0,0.016666666666666666,0.24138888888888888,30
model_5,0.45,-0.2,1.2999999999999998,1,0.0,0.0,30
model_5,0.45,-0.2,1.2999999999999998,2,0.0,0.0,30
model_5,0.45,-0.2,1.2999999999999998,3,0.0,0.0,30
model_5,0.45,-0.2,1.2999999999999998,4,0.0,0.0,30
model_5,0.45,-0.2,1.2999999999999998,5,0.0,0.0,30
model_5,0.45,-0.2,1.2999999999999998,6,0.0,0.0,30
model_5,0.45,-0.2,1.2999999999999998,7,0.0,0.0,30
model_5,0.45,-0.2,1.2999999999999998,8,0.0,0.0,30
model_5,0.45,-0.2,1.2999999999999998,9,0.0,0.0,30
model_5,0.45,-0.2,1.2999999999999998,10,0.0,0.0,30
model_5,0.45,-0.2,1.2999999999999998,11,0.0,0.0,30
model_5,0.45,-0.2,1.2999999999999998,12,0.0,0.0,30
model_5,0.45,-0.2,1.2999999999999998,13,0.0,0.0,30
model_5,0.45,-0.2,1.2999999999999998,14,0.0,0.0,30
model_5,0.45,-0.2,1.2999999999999998,15,0.0,0.0,30
model_5,0.45,-0.2,1.2999999999999998,16,0.0,0.0,30
model_5,0.45,-0.2,1.2999999999999998,17,0.0,0.0,30
model_5,0.45,-0.2,1.2999999999999998,18,0.0,0.0,30
model_5,0.45,-0.2,1.2999999999999998,19,0.0,0.0,30
model_5,0.45,-0.2,1.2999999999999998,20,0.0,0.0,30
model_5,0.45,-0.2,1.65,0,0.016666666666666666,0.24138888888888888,30
model_5,0.45,-0.2,1.65,1,0.0,0.0,30
model_5,0.45,-0.2,1.65,2,0.0,0.0,30
model_5,0.45,-0.2,1.65,3,0.0,0.0,30
model_5,0.45,-0.2,1.65,4,0.0,0.0,30
model_5,0.45,-0.2,1.65,5,0.0,0.0,30
model_5,0.45,-0.2,1.65,6,0.0,0.0,30
model_5,0.45,-0.2,1.65,7,0.0,0.0,30
model_5,0.45,-0.2,1.65,8,0.0,0.0,30
model_5,0.45,-0.2,1.65,9,0.0,0.0,30
model_5,0.45,-0.2,1.65,10,0.0,0.0,30
model_5,0.45,-0.2,1.65,11,0.0,0.0,30
model_5,0.45,-0.2,1.65,12,0.0,0.0,30
model_5,0.45,-0.2,1.65,13,0.0,0.0,30
model_5,0.45,-0.2,1.65,14,0.0,0.0,30
model_5,0.45,-0.2,1.65,15,0.0,0.0,30
model_5,0.45,-0.2,1.65,16,0.0,0.0,30
model_5,0.45,-0.2,1.65,17,0.0,0.0,30
model_5,0.45,-0.2,1.65,18,0.0,0.0,30
model_5,0.45,-0.2,1.65,19,0.0,0.0,30
model_5,0.45,-0.2,1.65,20,0.0,0.0,30
model_5,0.45,-0.2,2.0,0,0.016666666666666666,0.24138888888888888,30
model_5,0.45,-0.2,2.0,1,0.0,0.0,30
model_5,0.45,-0.2,2.0,2,0.0,0.0,30
model_5,0.45,-0.2,2.0,3,0.0,0.0,30
model_5,0.45,-0.2,2.0,4,0.0,0.0,30
model_5,0.45,-0.2,2.0,5,0.0,0.0,30
model_5,0.45,-0.2,2.0,6,0.0,0.0,30
model_5,0.45,-0.2,2.0,7,0.0,0.0,30
model_5,0.45,-0.2,2.0,8,0.0,0.0,30
model_5,0.45,-0.2,2.0,9,0.0,0.0,30
model_5,0.45,-0.2,2.0,10,0.0,0.0,30
model_5,0.45,-0.2,2.0,11,0.0,0.0,30
model_5,0.45,-0.2,2.0,12,0.0,0.0,30
model_5,0.45,-0.2,2.0,13,0.0,0.0,30
model_5,0.45,-0.2,2.0,14,0.0,0.0,30
model_5,0.45,-0.2,2.0,15,0.0,0.0,30
model_5,0.45,-0.2,2.0,16,0.0,0.0,30
model_5,0.45,-0.2,2.0,17,0.0,0.0,30
model_5,0.45,-0.2,2.0,18,0.0,0.0,30
model_5,0.45,-0.2,2.0,19,0.0,0.0,30
model_5,0.45,-0.2,2.0,20,0.0,0.0,30
model_5,0.45,0.0,0.6,0,0.016666666666666666,0.24138888888888888,30
model_5,0.45,0.0,0.6,1,0.004285714285714285,0.015961224489795915,30
model_5,0.45,0.0,0.6,2,0.0011020408163264993,0.0010553952519783412,30
model_5,0.45,0.0,0.6,3,0.000283381924198219,6.978531870224084e-05,30
model_5,0.45,0.0,0.6,4,7.28696376509482e-05,4.6143761754135095e-06,30
model_5,0.45,0.0,0.6,5,1.873790682450638e-05,3.0511385323140846e-07,30
model_5,0.45,0.0,0.6,6,4.818318897707267e-06,2.0174875193258283e-08,30
model_5,0.45,0.0,0.6,7,1.2389962879592412e-06,1.3340121556359729e-09,30
model_5,0.45,0.0,0.6,8,3.1859904545313476e-07,8.820815069951828e-11,30
model_5,0.45,0.0,0.6,9,8.192546886813072e-08,5.83253894406192e-12,30
model_5,0.45,0.0,0.6,10,2.1066549190281354e-08,3.8566175873355965e-13,30
model_5,0.45,0.0,0.6,11,5.4171126029345375e-09,2.550089996752485e-14,30
model_5,0.45,0.0,0.6,12,1.3929718193731824e-09,1.686181955434448e-15,30
model_5,0.45,0.0,0.6,13,3.581927532358975e-10,1.1149448012104922e-16,30
model_5,0.45,0.0,0.6,14,9.210673705221476e-11,7.372287840062313e-18,30
model_5,0.45,0.0,0.6,15,2.3684643135624127e-11,4.874737426600301e-19,30
model_5,0.45,0.0,0.6,16,6.090350446186221e-12,3.2232945070416464e-20,30
model_5,0.45,0.0,0.6,17,1.5661139052269845e-12,2.131324281285655e-21,30
model_5,0.45,0.0,0.6,18,4.0270749697886764e-13,1.4092862213887368e-22,30
model_5,0.45,0.0,0.6,19,1.035838081975271e-13,9.318530780368347e-24,30
model_5,0.45,0.0,0.6,20,2.6689761511988764e-14,6.161968509114676e-25,30
model_5,0.45,0.0,0.95,0,0.016666666666666666,0.24138888888888888,30
model_5,0.45,0.0,0.95,1,0.0007142857142856229,0.0004433673469387758,30
model_5,0.45,0.0,0.95,2,3.061224489799101e-05,8.143481882549624e-07,30
model_5,0.45,0.0,0.95,3,1.3119533527709375e-06,1.4957415702669593e-09,30
model_5,0.45,0.0,0.95,4,5.622657223147698e-08,2.747280435223271e-12,30
model_5,0.45,0.0,0.95,5,2.4097102720629e-09,5.046025296422965e-15,30
model_5,0.45,0.0,0.95,6,1.0327326401456579e-10,9.268209455907705e-18,30
model_5,0.45,0.0,0.95,7,4.425996606253572e-12,1.7023228537995712e-20,30
model_5,0.45,0.0,0.95,8,1.896853045006234e-13,3.126706731209648e-23,30
model_5,0.45,0.0,0.95,9,8.130533283671563e-15,5.744574161341836e-26,30
model_5,0.45,0.0,0.95,10,3.182639337258782e-16,1.0572316590872365e-28,30
model_5,0.45,0.0,0.95,11,1.4802973661668754e-17,1.9042225739918312e-31,30
model_5,0.45,0.0,0.95,12,0.0,0.0,30
model_5,0.45,0.0,0.95,13,0.0,0.0,30
model_5,0.45,0.0,0.95,14,0.0,0.0,30
model_5,0.45,0.0,0.95,15,0.0,0.0,30
model_5,0.45,0.0,0.95,16,0.0,0.0,30
model_5,0.45,0.0,0.95,17,0.0,0.0,30
model_5,0.45,0.0,0.95,18,0.0,0.0,30
model_5,0.45,0.0,0.95,19,0.0,0.0,30
model_5,0.45,0.0,0.95,20,0.0,0.0,30
model_5,0.45,0.0,1.2999999999999998,0,0.016666666666666666,0.24138888888888888,30
model_5,0.45,0.0,1.2999999999999998,1,0.0,0.0,30
model_5,0.45,0.0,1.2999999999999998,2,0.0,0.0,30
model_5,0.45,0.0,1.2999999999999998,3,0.0,0.0,30
model_5,0.45,0.0,1.2999999999999998,4,0.0,0.0,30
model_5,0.45,0.0,1.2999999999999998,5,0.0,0.0,30
model_5,0.45,0.0,1.2999999999999998,6,0.0,0.0,30
model_5,0.45,0.0,1.2999999999999998,7,0.0,0.0,30
model_5,0.45,0.0,1.2999999999999998,8,0.0,0.0,30
model_5,0.45,0.0,1.2999999999999998,9,0.0,0.0,30
model_5,0.45,0.0,1.2999999999999998,10,0.0,0.0,30
model_5,0.45,0.0,1.2999999999999998,11,0.0,0.0,30
model_5,0.45,0.0,1.2999999999999998,12,0.0,0.0,30
model_5,0.45,0.0,1.2999999999999998,13,0.0,0.0,30
model_5,0.45,0.0,1.2999999999999998,14,0.0,0.0,30
model_5,0.45,0.0,1.2999999999999998,15,0.0,0.0,30
model_5,0.45,0.0,1.2999999999999998,16,0.0,0.0,30
model_5,0.45,0.0,1.2999999999999998,17,0.0,0.0,30
model_5,0.45,0.0,1.2999999999999998,18,0.0,0.0,30
model_5,0.45,0.0,1.2999999999999998,19,0.0,0.0,30
model_5,0.45,0.0,1.2999999999999998,20,0.0,0.0,30
model_5,0.45,0.0,1.65,0,0.016666666666666666,0.24138888888888888,30
model_5,0.45,0.0,1.65,1,0.0,0.0,30
model_5,0.45,0.0,1.65,2,0.0,0.0,30
model_5,0.45,0.0,1.65,3,0.0,0.0,30
model_5,0.45,0.0,1.65,4,0.0,0.0,30
model_5,0.45,0.0,1.65,5,0.0,0.0,30
model_5,0.45,0.0,1.65,6,0.0,0.0,30
model_5,0.45,0.0,1.65,7,0.0,0.0,30
model_5,0.45,0.0,1.65,8,0.0,0.0,30
model_5,0.45,0.0,1.65,9,0.0,0.0,30
model_5,0.45,0.0,1.65,10,0.0,0.0,30
model_5,0.45,0.0,1.65,11,0.0,0.0,30
model_5,0.45,0.0,1.65,12,0.0,0.0,30
model_5,0.45,0.0,1.65,13,0.0,0.0,30
model_5,0.45,0.0,1.65,14,0.0,0.0,30
model_5,0.45,0.0,1.65,15,0.0,0.0,30
model_5,0.45,0.0,1.65,16,0.0,0.0,30
model_5,0.45,0.0,1.65,17,0.0,0.0,30
model_5,0.45,0.0,1.65,18,0.0,0.0,30
model_5,0.45,0.0,1.65,19,0.0,0.0,30
model_5,0.45,0.0,1.65,20,0.0,0.0,30
model_5,0.45,0.0,2.0,0,0.016666666666666666,0.24138888888888888,30
model_5,0.45,0.0,2.0,1,0.0,0.0,30
model_5,0.45,0.0,2.0,2,0.0,0.0,30
model_5,0.45,0.0,2.0,3,0.0,0.0,30
model_5,0.45,0.0,2.0,4,0.0,0.0,30
model_5,0.45,0.0,2.0,5,0.0,0.0,30
model_5,0.45,0.0,2.0,6,0.0,0.0,30
model_5,0.45,0.0,2.0,7,0.0,0.0,30
model_5,0.45,0.0,2.0,8,0.0,0.0,30
model_5,0.45,0.0,2.0,9,0.0,0.0,30
model_5,0.45,0.0,2.0,10,0.0,0.0,30
model_5,0.45,0.0,2.0,11,0.0,0.0,30
model_5,0.45,0.0,2.0,12,0.0,0.0,30
model_5,0.45,0.0,2.0,13,0.0,0.0,30
model_5,0.45,0.0,2.0,14,0.0,0.0,30
model_5,0.45,0.0,2.0,15,0.0,0.0,30
model_5,0.45,0.0,2.0,16,0.0,0.0,30
model_5,0.45,0.0,2.0,17,0.0,0.0,30
model_5,0.45,0.0,2.0,18,0.0,0.0,30
model_5,0.45,0.0,2.0,19,0.0,0.0,30
model_5,0.45,0.0,2.0,20,0.0,0.0,30
model_5,0.45,0.20000000000000007,0.6,0,0.016666666666666666,0.24138888888888888,30
model_5,0.45,0.20000000000000007,0.6,1,0.026285714285714305,0.010215183673469373,30
model_5,0.45,0.20000000000000007,0.6,2,0.028264489795918446,0.00043228989521033135,30
model_5,0.45,0.20000000000000007,0.6,3,0.028671552186588962,1.8293802585880204e-05,30
model_5,0.45,0.20000000000000007,0.6,4,0.028755290735526885,7.74163858001601e-07,30
model_5,0.45,0.20000000000000007,0.6,5,0.028772516951308506,3.276135052964047e-08,30
model_5,0.45,0.20000000000000007,0.6,6,0.028776060629983526,1.3864068664963101e-09,30
model_5,0.45,0.20000000000000007,0.6,7,0.028776789615310952,5.867047506926306e-11,30
model_5,0.45,0.20000000000000007,0.6,8,0.028776939578006845,2.4828387165148205e-12,30
model_5,0.45,0.20000000000000007,0.6,9,0.028776970427475686,1.0506968087072197e-13,30
model_5,0.45,0.20000000000000007,0.6,10,0.02877697677365211,4.446377349452456e-15,30
model_5,0.45,0.20000000000000007,0.6,11,0.02877697807915135,1.8816343090946214e-16,30
model_5,0.45,0.20000000000000007,0.6,12,0.02877697834771118,7.962769253814896e-18,30
model_5,0.45,0.20000000000000007,0.6,13,0.028776978402957728,3.3697141319929446e-19,30
model_5,0.45,0.20000000000000007,0.6,14,0.02877697841432272,1.426008466462921e-20,30
model_5,0.45,0.20000000000000007,0.6,15,0.02877697841666077,6.0346427299621805e-22,30
model_5,0.45,0.20000000000000007,0.6,16,0.028776978417141733,2.5537693732149936e-23,30
model_5,0.45,0.20000000000000007,0.6,17,0.028776978417240653,1.0806682212022122e-24,30
model_5,0.45,0.20000000000000007,0.6,18,0.028776978417261113,4.574363486917213e-26,30
model_5,0.45,0.20000000000000007,0.6,19,0.02877697841726522,1.9377105553255572e-27,30
model_5,0.45,0.20000000000000007,0.6,20,0.028776978417265932,8.100217073978101e-29,30
model_5,0.45,0.20000000000000007,0.95,0,0.016666666666666666,0.24138888888888888,30
model_5,0.45,0.20000000000000007,0.95,1,0.004380952380952341,0.0002837551020408176,30
model_5,0.45,0.20000000000000007,0.95,2,0.0039597278911564174,3.335570179092354e-07,30
model_5,0.45,0.20000000000000007,0.95,3,0.003945285908649165,3.9209967819570127e-10,30
model_5,0.45,0.20000000000000007,0.95,4,0.003944790754963205,4.60917172749732e-13,30
model_5,0.45,0.20000000000000007,0.95,5,0.003944773778265331,5.418128407614664e-16,30
model_5,0.45,0.20000000000000007,0.95,6,0.003944773196207137,6.369064742619353e-19,30
model_5,0.45,0.20000000000000007,0.95,7,0.003944773176250963,7.486916902975662e-22,30
model_5,0.45,0.20000000000000007,0.95,8,0.0039447731755667,8.800221928024143e-25,30
model_5,0.45,0.20000000000000007,0.95,9,0.003944773175543196,1.0357011799572642e-27,30
model_5,0.45,0.20000000000000007,0.95,10,0.003944773175542363,1.1961789888882834e-30,30
model_5,0.45,0.20000000000000007,0.95,11,0.0039447731755423675,4.7113061264572754e-33,30
model_5,0.45,0.20000000000000007,0.95,12,0.0039447731755424265,0.0,30
model_5,0.45,0.20000000000000007,0.95,13,0.0039447731755424265,0.0,30
model_5,0.45,0.20000000000000007,0.95,14,0.0039447731755424265,0.0,30
model_5,0.45,0.20000000000000007,0.95,15,0.0039447731755424265,0.0,30
model_5,0.45,0.20000000000000007,0.95,16,0.0039447731755424265,0.0,30
model_5,0.45,0.20000000000000007,0.95,17,0.0039447731755424265,0.0,30
model_5,0.45,0.20000000000000007,0.95,18,0.0039447731755424265,0.0,30
model_5,0.45,0.20000000000000007,0.95,19,0.0039447731755424265,0.0,30
model_5,0.45,0.20000000000000007,0.95,20,0.0039447731755424265,0.0,30
model_5,0.45,0.20000000000000007,1.2999999999999998,0,0.016666666666666666,0.24138888888888888,30
model_5,0.45,0.20000000000000007,1.2999999999999998,1,0.0,0.0,30
model_5,0.45,0.20000000000000007,1.2999999999999998,2,0.0,0.0,30
model_5,0.45,0.20000000000000007,1.2999999999999998,3,0.0,0.0,30
model_5,0.45,0.20000000000000007,1.2999999999999998,4,0.0,0.0,30
model_5,0.45,0.20000000000000007,1.2999999999999998,5,0.0,0.0,30
model_5,0.45,0.20000000000000007,1.2999999999999998,6,0.0,0.0,30
model_5,0.45,0.20000000000000007,1.2999999999999998,7,0.0,0.0,30
model_5,0.45,0.20000000000000007,1.2999999999999998,8,0.0,0.0,30
model_5,0.45,0.20000000000000007,1.2999999999999998,9,0.0,0.0,30
model_5,0.45,0.20000000000000007,1.2999999999999998,10,0.0,0.0,30
model_5,0.45,0.20000000000000007,1.2999999999999998,11,0.0,0.0,30
model_5,0.45,0.20000000000000007,1.2999999999999998,12,0.0,0.0,30
model_5,0.45,0.20000000000000007,1.2999999999999998,13,0.0,0.0,30
model_5,0.45,0.20000000000000007,1.2999999999999998,14,0.0,0.0,30
model_5,0.45,0.20000000000000007,1.2999999999999998,15,0.0,0.0,30
model_5,0.45,0.20000000000000007,1.2999999999999998,16,0.0,0.0,30
model_5,0.45,0.20000000000000007,1.2999999999999998,17,0.0,0.0,30
model_5,0.45,0.20000000000000007,1.2999999999999998,18,0.0,0.0,30
model_5,0.45,0.20000000000000007,1.2999999999999998,19,0.0,0.0,30
model_5,0.45,0.20000000000000007,1.2999999999999998,20,0.0,0.0,30
model_5,0.45,0.20000000000000007,1.65,0,0.016666666666666666,0.24138888888888888,30
model_5,0.45,0.20000000000000007,1.65,1,0.0,0.0,30
model_5,0.45,0.20000000000000007,1.65,2,0.0,0.0,30
model_5,0.45,0.20000000000000007,1.65,3,0.0,0.0,30
model_5,0.45,0.20000000000000007,1.65,4,0.0,0.0,30
model_5,0.45,0.20000000000000007,1.65,5,0.0,0.0,30
model_5,0.45,0.20000000000000007,1.65,6,0.0,0.0,30
model_5,0.45,0.20000000000000007,1.65,7,0.0,0.0,30
model_5,0.45,0.20000000000000007,1.65,8,0.0,0.0,30
model_5,0.45,0.20000000000000007,1.65,9,0.0,0.0,30
model_5,0.45,0.20000000000000007,1.65,10,0.0,0.0,30
model_5,0.45,0.20000000000000007,1.65,11,0.0,0.0,30
model_5,0.45,0.20000000000000007,1.65,12,0.0,0.0,30
model_5,0.45,0.20000000000000007,1.65,13,0.0,0.0,30
model_5,0.45,0.20000000000000007,1.65,14,0.0,0.0,30
model_5,0.45,0.20000000000000007,1.65,15,0.0,0.0,30
model_5,0.45,0.20000000000000007,1.65,16,0.0,0.0,30
model_5,0.45,0.20000000000000007,1.65,17,0.0,0.0,30
model_5,0.45,0.20000000000000007,1.65,18,0.0,0.0,30
model_5,0.45,0.20000000000000007,1.65,19,0.0,0.0,30
model_5,0.45,0.20000000000000007,1.65,20,0.0,0.0,30
model_5,0.45,0.20000000000000007,2.0,0,0.016666666666666666,0.24138888888888888,30
model_5,0.45,0.20000000000000007,2.0,1,0.0,0.0,30
model_5,0.45,0.20000000000000007,2.0,2,0.0,0.0,30
model_5,0.45,0.20000000000000007,2.0,3,0.0,0.0,30
model_5,0.45,0.20000000000000007,2.0,4,0.0,0.0,30
model_5,0.45,0.20000000000000007,2.0,5,0.0,0.0,30
model_5,0.45,0.20000000000000007,2.0,6,0.0,0.0,30
model_5,0.45,0.20000000000000007,2.0,7,0.0,0.0,30
model_5,0.45,0.20000000000000007,2.0,8,0.0,0.0,30
model_5,0.45,0.20000000000000007,2.0,9,0.0,0.0,30
model_5,0.45,0.20000000000000007,2.0,10,0.0,0.0,30
model_5,0.45,0.20000000000000007,2.0,11,0.0,0.0,30
model_5,0.45,0.20000000000000007,2.0,12,0.0,0.0,30
model_5,0.45,0.20000000000000007,2.0,13,0.0,0.0,30
model_5,0.45,0.20000000000000007,2.0,14,0.0,0.0,30
model_5,0.45,0.20000000000000007,2.0,15,0.0,0.0,30
model_5,0.45,0.20000000000000007,2.0,16,0.0,0.0,30
model_5,0.45,0.20000000000000007,2.0,17,0.0,0.0,30
model_5,0.45,0.20000000000000007,2.0,18,0.0,0.0,30
model_5,0.45,0.20000000000000007,2.0,19,0.0,0.0,30
model_5,0.45,0.20000000000000007,2.0,20,0.0,0.0,30
model_5,0.45,0.4,0.6,0,0.016666666666666666,0.24138888888888888,30
model_5,0.45,0.4,0.6,1,0.09399999999999993,0.005746040816326528,30
model_5,0.45,0.4,0.6,2,0.10593142857142863,0.00013677922465639268,30
model_5,0.45,0.4,0.6,3,0.1077722775510204,3.255903829371705e-06,30
model_5,0.45,0.4,0.6,4,0.10805629425072885,7.750380054243732e-08,30
model_5,0.45,0.4,0.6,5,0.10810011397011243,1.8449067949575266e-09,30
model_5,0.45,0.4,0.6,6,0.10810687472681746,4.3916311951618993e-11,30
model_5,0.45,0.4,0.6,7,0.10810791781499475,1.0453874747205172e-12,30
model_5,0.45,0.4,0.6,8,0.10810807874859911,2.4884488798036503e-14,30
model_5,0.45,0.4,0.6,9,0.10810810357835528,5.923524011132816e-16,30
model_5,0.45,0.4,0.6,10,0.10810810740923188,1.4100405311199182e-17,30
model_5,0.45,0.4,0.6,11,0.10810810800028149,3.356471992915787e-19,30
model_5,0.45,0.4,0.6,12,0.10810810809147205,7.989774507067648e-21,30
model_5,0.45,0.4,0.6,13,0.10810810810554147,1.9019017308456846e-22,30
model_5,0.45,0.4,0.6,14,0.10810810810771217,4.527129449765903e-24,30
model_5,0.45,0.4,0.6,15,0.10810810810804708,1.0775615894925572e-25,30
model_5,0.45,0.4,0.6,16,0.10810810810809864,2.562290670675212e-27,30
model_5,0.45,0.4,0.6,17,0.10810810810810666,6.084170620574718e-29,30
model_5,0.45,0.4,0.6,18,0.10810810810810793,1.4400691775501865e-30,30
model_5,0.45,0.4,0.6,19,0.10810810810810806,2.855512130878142e-32,30
model_5,0.45,0.4,0.6,20,0.10810810810810818,4.712108597267437e-33,30
model_5,0.45,0.4,0.95,0,0.016666666666666666,0.24138888888888888,30
model_5,0.45,0.4,0.95,1,0.01566666666666667,0.0001596122448979582,30
model_5,0.45,0.4,0.95,2,0.01564095238095232,1.05539525197824e-07,30
model_5,0.45,0.4,0.95,3,0.015640291156462642,6.978531870157327e-11,30
model_5,0.45,0.4,0.95,4,0.01564027415354714,4.6143761762129764e-14,30
model_5,0.45,0.4,0.95,5,0.015640273716329322,3.051138518380443e-17,30
model_5,0.45,0.4,0.95,6,0.015640273705086645,2.0174882893128045e-20,30
model_5,0.45,0.4,0.95,7,0.01564027370479743,1.3339993214950328e-23,30
model_5,0.45,0.4,0.95,8,0.015640273704789955,8.81247338300526e-27,30
model_5,0.45,0.4,0.95,9,0.0156402737047899,5.760275907729936e-30,30
model_5,0.45,0.4,0.95,10,0.015640273704789882,4.670380115139047e-33,30
model_5,0.45,0.4,0.95,11,0.01564027370478982,0.0,30
model_5,0.45,0.4,0.95,12,0.01564027370478982,0.0,30
model_5,0.45,0.4,0.95,13,0.01564027370478982,0.0,30
model_5,0.45,0.4,0.95,14,0.01564027370478982,0.0,30
model_5,0.45,0.4,0.95,15,0.01564027370478982,0.0,30
model_5,0.45,0.4,0.95,16,0.01564027370478982,0.0,30
model_5,0.45,0.4,0.95,17,0.01564027370478982,0.0,30
model_5,0.45,0.4,0.95,18,0.01564027370478982,0.0,30
model_5,0.45,0.4,0.95,19,0.01564027370478982,0.0,30
model_5,0.45,0.4,0.95,20,0.01564027370478982,0.0,30
model_5,0.45,0.4,1.2999999999999998,0,0.016666666666666666,0.24138888888888888,30
model_5,0.45,0.4,1.2999999999999998,1,0.0,0.0,30
model_5,0.45,0.4,1.2999999999999998,2,0.0,0.0,30
model_5,0.45,0.4,1.2999999999999998,3,0.0,0.0,30
model_5,0.45,0.4,1.2999999999999998,4,0.0,0.0,30
model_5,0.45,0.4,1.2999999999999998,5,0.0,0.0,30
model_5,0.45,0.4,1.2999999999999998,6,0.0,0.0,30
model_5,0.45,0.4,1.2999999999999998,7,0.0,0.0,30
model_5,0.45,0.4,1.2999999999999998,8,0.0,0.0,30
model_5,0.45,0.4,1.2999999999999998,9,0.0,0.0,30
model_5,0.45,0.4,1.2999999999999998,10,0.0,0.0,30
model_5,0.45,0.4,1.2999999999999998,11,0.0,0.0,30
model_5,0.45,0.4,1.2999999999999998,12,0.0,0.0,30
model_5,0.45,0.4,1.2999999999999998,13,0.0,0.0,30
model_5,0.45,0.4,1.2999999999999998,14,0.0,0.0,30
model_5,0.45,0.4,1.2999999999999998,15,0.0,0.0,30
model_5,0.45,0.4,1.2999999999999998,16,0.0,0.0,30
model_5,0.45,0.4,1.2999999999999998,17,0.0,0.0,30
model_5,0.45,0.4,1.2999999999999998,18,0.0,0.0,30
model_5,0.45,0.4,1.2999999999999998,19,0.0,0.0,30
model_5,0.45,0.4,1.2999999999999998,20,0.0,0.0,30
model_5,0.45,0.4,1.65,0,0.016666666666666666,0.24138888888888888,30
model_5,0.45,0.4,1.65,1,0.0,0.0,30
model_5,0.45,0.4,1.65,2,0.0,0.0,30
model_5,0.45,0.4,1.65,3,0.0,0.0,30
model_5,0.45,0.4,1.65,4,0.0,0.0,30
model_5,0.45,0.4,1.65,5,0.0,0.0,30
model_5,0.45,0.4,1.65,6,0.0,0.0,30
model_5,0.45,0.4,1.65,7,0.0,0.0,30
model_5,0.45,0.4,1.65,8,0.0,0.0,30
model_5,0.45,0.4,1.65,9,0.0,0.0,30
model_5,0.45,0.4,1.65,10,0.0,0.0,30
model_5,0.45,0.4,1.65,11,0.0,0.0,30
model_5,0.45,0.4,1.65,12,0.0,0.0,30
model_5,0.45,0.4,1.65,13,0.0,0.0,30
model_5,0.45,0.4,1.65,14,0.0,0.0,30
model_5,0.45,0.4,1.65,15,0.0,0.0,30
model_5,0.45,0.4,1.65,16,0.0,0.0,30
model_5,0.45,0.4,1.65,17,0.0,0.0,30
model_5,0.45,0.4,1.65,18,0.0,0.0,30
model_5,0.45,0.4,1.65,19,0.0,0.0,30
model_5,0.45,0.4,1.65,20,0.0,0.0,30
model_5,0.45,0.4,2.0,0,0.016666666666666666,0.24138888888888888,30
model_5,0.45,0.4,2.0,1,0.0,0.0,30
model_5,0.45,0.4,2.0,2,0.0,0.0,30
model_5,0.45,0.4,2.0,3,0.0,0.0,30
model_5,0.45,0.4,2.0,4,0.0,0.0,30
model_5,0.45,0.4,2.0,5,0.0,0.0,30
model_5,0.45,0.4,2.0,6,0.0,0.0,30
model_5,0.45,0.4,2.0,7,0.0,0.0,30
model_5,0.45,0.4,2.0,8,0.0,0.0,30
model_5,0.45,0.4,2.0,9,0.0,0.0,30
model_5,0.45,0.4,2.0,10,0.0,0.0,30
model_5,0.45,0.4,2.0,11,0.0,0.0,30
model_5,0.45,0.4,2.0,12,0.0,0.0,30
model_5,0.45,0.4,2.0,13,0.0,0.0,30
model_5,0.45,0.4,2.0,14,0.0,0.0,30
model_5,0.45,0.4,2.0,15,0.0,0.0,30
model_5,0.45,0.4,2.0,16,0.0,0.0,30
model_5,0.45,0.4,2.0,17,0.0,0.0,30
model_5,0.45,0.4,2.0,18,0.0,0.0,30
model_5,0.45,0.4,2.0,19,0.0,0.0,30
model_5,0.45,0.4,2.0,20,0.0,0.0,30
model_5,0.7,-0.4,0.6,0,0.016666666666666666,0.24138888888888888,30
model_5,0.7,-0.4,0.6,1,-0.0874285714285713,0.013904000000000012,30
model_5,0.7,-0.4,0.6,2,-0.11241142857142854,0.0008008704000000011,30
model_5,0.7,-0.4,0.6,3,-0.11840731428571427,4.613013504000002e-05,30
model_5,0.7,-0.4,0.6,4,-0.11984632685714283,2.657095778303915e-06,30
model_5,0.7,-0.4,0.6,5,-0.12019168987428565,1.5304871683032028e-07,30
model_5,0.7,-0.4,0.6,6,-0.12027457699840001,8.815606089426026e-09,30
model_5,0.7,-0.4,0.6,7,-0.12029446990818737,5.077789107498574e-10,30
model_5,0.7,-0.4,0.6,8,-0.12029924420653633,2.92480652594642e-11,30
model_5,0.7,-0.4,0.6,9,-0.1203003900381401,1.684688558936828e-12,30
model_5,0.7,-0.4,0.6,10,-0.12030066503772506,9.703806100166126e-14,30
model_5,0.7,-0.4,0.6,11,-0.12030073103762538,5.5893923102774584e-15,30
model_5,0.7,-0.4,0.6,12,-0.12030074687760141,3.2194899781838344e-16,30
model_5,0.7,-0.4,0.6,13,-0.12030075067919567,1.8544262434683736e-17,30
model_5,0.7,-0.4,0.6,14,-0.12030075159157835,1.0681495883507994e-18,30
model_5,0.7,-0.4,0.6,15,-0.12030075181055015,6.152543478315667e-20,30
model_5,0.7,-0.4,0.6,16,-0.12030075186310345,3.543866715457311e-21,30
model_5,0.7,-0.4,0.6,17,-0.12030075187571626,2.0412753395519108e-22,30
model_5,0.7,-0.4,0.6,18,-0.12030075187874337,1.1757850697599356e-23,30
model_5,0.7,-0.4,0.6,19,-0.12030075187946972,6.772420535021072e-25,30
model_5,0.7,-0.4,0.6,20,-0.12030075187964409,3.90117679681022e-26,30
model_5,0.7,-0.4,0.95,0,0.016666666666666666,0.24138888888888888,30
model_5,0.7,-0.4,0.95,1,-0.014571428571428605,0.0003862222222222229,30
model_5,0.7,-0.4,0.95,2,-0.015820952380952366,6.179555555554625e-07,30
model_5,0.7,-0.4,0.95,3,-0.01587093333333335,9.887288888891336e-10,30
model_5,0.7,-0.4,0.95,4,-0.01587293257142859,1.5819662222727496e-12,30
model_5,0.7,-0.4,0.95,5,-0.015873012540952414,2.531145954528079e-15,30
model_5,0.7,-0.4,0.95,6,-0.015873015739733348,4.049833605916219e-18,30
model_5,0.7,-0.4,0.95,7,-0.015873015867684512,6.479737839962409e-21,30
model_5,0.7,-0.4,0.95,8,-0.01587301587280259,1.036754597550243e-23,30
model_5,0.7,-0.4,0.95,9,-0.01587301587300739,1.658549678021824e-26,30
model_5,0.7,-0.4,0.95,10,-0.01587301587301548,2.629382196094074e-29,30
model_5,0.7,-0.4,0.95,11,-0.01587301587301581,4.7605778342011826e-32,30
model_5,0.7,-0.4,0.95,12,-0.015873015873015817,0.0,30
model_5,0.7,-0.4,0.95,13,-0.015873015873015817,0.0,30
model_5,0.7,-0.4,0.95,14,-0.015873015873015817,0.0,30
model_5,0.7,-0.4,0.95,15,-0.015873015873015817,0.0,30
model_5,0.7,-0.4,0.95,16,-0.015873015873015817,0.0,30
model_5,0.7,-0.4,0.95,17,-0.015873015873015817,0.0,30
model_5,0.7,-0.4,0.95,18,-0.015873015873015817,0.0,30
model_5,0.7,-0.4,0.95,19,-0.015873015873015817,0.0,30
model_5,0.7,-0.4,0.95,20,-0.015873015873015817,0.0,30
model_5,0.7,-0.4,1.2999999999999998,0,0.016666666666666666,0.24138888888888888,30
model_5,0.7,-0.4,1.2999999999999998,1,0.0,0.0,30
model_5,0.7,-0.4,1.2999999999999998,2,0.0,0.0,30
model_5,0.7,-0.4,1.2999999999999998,3,0.0,0.0,30
model_5,0.7,-0.4,1.2999999999999998,4,0.0,0.0,30
model_5,0.7,-0.4,1.2999999999999998,5,0.0,0.0,30
model_5,0.7,-0.4,1.2999999999999998,6,0.0,0.0,30
model_5,0.7,-0.4,1.2999999999999998,7,0.0,0.0,30
model_5,0.7,-0.4,1.2999999999999998,8,0.0,0.0,30
model_5,0.7,-0.4,1.2999999999999998,9,0.0,0.0,30
model_5,0.7,-0.4,1.2999999999999998,10,0.0,0.0,30
model_5,0.7,-0.4,1.2999999999999998,11,0.0,0.0,30
model_5,0.7,-0.4,1.2999999999999998,12,0.0,0.0,30
model_5,0.7,-0.4,1.2999999999999998,13,0.0,0.0,30
model_5,0.7,-0.4,1.2999999999999998,14,0.0,0.0,30
model_5,0.7,-0.4,1.2999999999999998,15,0.0,0.0,30
model_5,0.7,-0.4,1.2999999999999998,16,0.0,0.0,30
model_5,0.7,-0.4,1.2999999999999998,17,0.0,0.0,30
model_5,0.7,-0.4,1.2999999999999998,18,0.0,0.0,30
model_5,0.7,-0.4,1.2999999999999998,19,0.0,0.0,30
model_5,0.7,-0.4,1.2999999999999998,20,0.0,0.0,30
model_5,0.7,-0.4,1.65,0,0.016666666666666666,0.24138888888888888,30
model_5,0.7,-0.4,1.65,1,0.0,0.0,30
model_5,0.7,-0.4,1.65,2,0.0,0.0,30
model_5,0.7,-0.4,1.65,3,0.0,0.0,30
model_5,0.7,-0.4,1.65,4,0.0,0.0,30
model_5,0.7,-0.4,1.65,5,0.0,0.0,30
model_5,0.7,-0.4,1.65,6,0.0,0.0,30
model_5,0.7,-0.4,1.65,7,0.0,0.0,30
model_5,0.7,-0.4,1.65,8,0.0,0.0,30
model_5,0.7,-0.4,1.65,9,0.0,0.0,30
model_5,0.7,-0.4,1.65,10,0.0,0.0,30
model_5,0.7,-0.4,1.65,11,0.0,0.0,30
model_5,0.7,-0.4,1.65,12,0.0,0.0,30
model_5,0.7,-0.4,1.65,13,0.0,0.0,30
model_5,0.7,-0.4,1.65,14,0.0,0.0,30
model_5,0.7,-0.4,1.65,15,0.0,0.0,30
model_5,0.7,-0.4,1.65,16,0.0,0.0,30
model_5,0.7,-0.4,1.65,17,0.0,0.0,30
model_5,0.7,-0.4,1.65,18,0.0,0.0,30
model_5,0.7,-0.4,1.65,19,0.0,0.0,30
model_5,0.7,-0.4,1.65,20,0.0,0.0,30
model_5,0.7,-0.4,2.0,0,0.016666666666666666,0.24138888888888888,30
model_5,0.7,-0.4,2.0,1,0.0,0.0,30
model_5,0.7,-0.4,2.0,2,0.0,0.0,30
model_5,0.7,-0.4,2.0,3,0.0,0.0,30
model_5,0.7,-0.4,2.0,4,0.0,0.0,30
model_5,0.7,-0.4,2.0,5,0.0,0.0,30
model_5,0.7,-0.4,2.0,6,0.0,0.0,30
model_5,0.7,-0.4,2.0,7,0.0,0.0,30
model_5,0.7,-0.4,2.0,8,0.0,0.0,30
model_5,0.7,-0.4,2.0,9,0.0,0.0,30
model_5,0.7,-0.4,2.0,10,0.0,0.0,30
model_5,0.7,-0.4,2.0,11,0.0,0.0,30
model_5,0.7,-0.4,2.0,12,0.0,0.0,30
model_5,0.7,-0.4,2.0,13,0.0,0.0,30
model_5,0.7,-0.4,2.0,14,0.0,0.0,30
model_5,0.7,-0.4,2.0,15,0.0,0.0,30
model_5,0.7,-0.4,2.0,16,0.0,0.0,30
model_5,0.7,-0.4,2.0,17,0.0,0.0,30
model_5,0.7,-0.4,2.0,18,0.0,0.0,30
model_5,0.7,-0.4,2.0,19,0.0,0.0,30
model_5,0.7,-0.4,2.0,20,0.0,0.0,30
model_5,0.7,-0.2,0.6,0,0.016666666666666666,0.24138888888888888,30
model_5,0.7,-0.2,0.6,1,-0.017523809523809445,0.024718222222222225,30
model_5,0.7,-0.2,0.6,2,-0.028464761904761767,0.002531145955555555,30
model_5,0.7,-0.2,0.6,3,-0.03196586666666662,0.00025918934584889184,30
model_5,0.7,-0.2,0.6,4,-0.033086220190476155,2.6540989014926556e-05,30
model_5,0.7,-0.2,0.6,5,-0.033444733318095186,2.7177972751284043e-06,30
model_5,0.7,-0.2,0.6,6,-0.03355945751893331,2.7830244097315087e-07,30
model_5,0.7,-0.2,0.6,7,-0.03359616926320142,2.8498169955651786e-08,30
model_5,0.7,-0.2,0.6,8,-0.03360791702136732,2.9182126034598103e-09,30
model_5,0.7,-0.2,0.6,9,-0.03361167630398055,2.9882497059405725e-10,30
model_5,0.7,-0.2,0.6,10,-0.03361287927441658,3.05996769889894e-11,30
model_5,0.7,-0.2,0.6,11,-0.03361326422495613,3.1334069236878576e-12,30
model_5,0.7,-0.2,0.6,12,-0.03361338740912879,3.208608689782211e-13,30
model_5,0.7,-0.2,0.6,13,-0.03361342682806408,3.285615299437534e-14,30
model_5,0.7,-0.2,0.6,14,-0.033613439442123375,3.364470067940289e-15,30
model_5,0.7,-0.2,0.6,15,-0.03361344347862238,3.445217318307446e-16,30
model_5,0.7,-0.2,0.6,16,-0.03361344477030204,3.5279025690850257e-17,30
model_5,0.7,-0.2,0.6,17,-0.033613445183639505,3.612572355755251e-18,30
model_5,0.7,-0.2,0.6,18,-0.03361344531590756,3.6992745571730273e-19,30
model_5,0.7,-0.2,0.6,19,-0.03361344535823322,3.788058164546493e-20,30
model_5,0.7,-0.2,0.6,20,-0.03361344537177735,3.878975637193473e-21,30
model_5,0.7,-0.2,0.95,0,0.016666666666666666,0.24138888888888888,30
model_5,0.7,-0.2,0.95,1,-0.002920634920634929,0.0006866172839506175,30
model_5,0.7,-0.2,0.95,2,-0.00396529100529106,1.953044718792843e-06,30
model_5,0.7,-0.2,0.95,3,-0.004021005996472629,5.555327200118288e-09,30
model_5,0.7,-0.2,0.95,4,-0.004023977462669013,1.5801819591582707e-11,30
model_5,0.7,-0.2,0.95,5,-0.004024135940866175,4.494739794723426e-14,30
model_5,0.7,-0.2,0.95,6,-0.004024144393036697,1.278503755176436e-16,30
model_5,0.7,-0.2,0.95,7,-0.004024144843819096,3.6366328971729554e-19,30
model_5,0.7,-0.2,0.95,8,-0.004024144867860809,1.0344181936928179e-21,30
model_5,0.7,-0.2,0.95,9,-0.00402414486914308,2.9423618538637234e-24,30
model_5,0.7,-0.2,0.95,10,-0.004024144869211388,8.367692990320093e-27,30
model_5,0.7,-0.2,0.95,11,-0.004024144869215122,2.383278903277482e-29,30
model_5,0.7,-0.2,0.95,12,-0.004024144869215341,6.072597547044733e-32,30
model_5,0.7,-0.2,0.95,13,-0.004024144869215318,0.0,30
model_5,0.7,-0.2,0.95,14,-0.004024144869215318,0.0,30
model_5,0.7,-0.2,0.95,15,-0.004024144869215318,0.0,30
model_5,0.7,-0.2,0.95,16,-0.004024144869215318,0.0,30
model_5,0.7,-0.2,0.95,17,-0.004024144869215318,0.0,30
model_5,0.7,-0.2,0.95,18,-0.004024144869215318,0.0,30
model_5,0.7,-0.2,0.95,19,-0.004024144869215318,0.0,30
model_5,0.7,-0.2,0.95,20,-0.004024144869215318,0.0,30
model_5,0.7,-0.2,1.2999999999999998,0,0.016666666666666666,0.24138888888888888,30
model_5,0.7,-0.2,1.2999999999999998,1,0.0,0.0,30
model_5,0.7,-0.2,1.2999999999999998,2,0.0,0.0,30
model_5,0.7,-0.2,1.2999999999999998,3,0.0,0.0,30
model_5,0.7,-0.2,1.2999999999999998,4,0.0,0.0,30
model_5,0.7,-0.2,1.2999999999999998,5,0.0,0.0,30
model_5,0.7,-0.2,1.2999999999999998,6,0.0,0.0,30
model_5,0.7,-0.2,1.2999999999999998,7,0.0,0.0,30
model_5,0.7,-0.2,1.2999999999999998,8,0.0,0.0,30
model_5,0.7,-0.2,1.2999999999999998,9,0.0,0.0,30
model_5,0.7,-0.2,1.2999999999999998,10,0.0,0.0,30
model_5,0.7,-0.2,1.2999999999999998,11,0.0,0.0,30
model_5,0.7,-0.2,1.2999999999999998,12,0.0,0.0,30
model_5,0.7,-0.2,1.2999999999999998,13,0.0,0.0,30
model_5,0.7,-0.2,1.2999999999999998,14,0.0,0.0,30
model_5,0.7,-0.2,1.2999999999999998,15,0.0,0.0,30
model_5,0.7,-0.2,1.2999999999999998,16,0.0,0.0,30
model_5,0.7,-0.2,1.2999999999999998,17,0.0,0.0,30
model_5,0.7,-0.2,1.2999999999999998,18,0.0,0.0,30
model_5,0.7,-0.2,1.2999999999999998,19,0.0,0.0,30
model_5,0.7,-0.2,1.2999999999999998,20,0.0,0.0,30
model_5,0.7,-0.2,1.65,0,0.016666666666666666,0.24138888888888888,30
model_5,0.7,-0.2,1.65,1,0.0,0.0,30
model_5,0.7,-0.2,1.65,2,0.0,0.0,30
model_5,0.7,-0.2,1.65,3,0.0,0.0,30
model_5,0.7,-0.2,1.65,4,0.0,0.0,30
model_5,0.7,-0.2,1.65,5,0.0,0.0,30
model_5,0.7,-0.2,1.65,6,0.0,0.0,30
model_5,0.7,-0.2,1.65,7,0.0,0.0,30
model_5,0.7,-0.2,1.65,8,0.0,0.0,30
model_5,0.7,-0.2,1.65,9,0.0,0.0,30
model_5,0.7,-0.2,1.65,10,0.0,0.0,30
model_5,0.7,-0.2,1.65,11,0.0,0.0,30
model_5,0.7,-0.2,1.65,12,0.0,0.0,30
model_5,0.7,-0.2,1.65,13,0.0,0.0,30
model_5,0.7,-0.2,1.65,14,0.0,0.0,30
model_5,0.7,-0.2,1.65,15,0.0,0.0,30
model_5,0.7,-0.2,1.65,16,0.0,0.0,30
model_5,0.7,-0.2,1.65,17,0.0,0.0,30
model_5,0.7,-0.2,1.65,18,0.0,0.0,30
model_5,0.7,-0.2,1.65,19,0.0,0.0,30
model_5,0.7,-0.2,1.65,20,0.0,0.0,30
model_5,0.7,-0.2,2.0,0,0.016666666666666666,0.24138888888888888,30
model_5,0.7,-0.2,2.0,1,0.0,0.0,30
model_5,0.7,-0.2,2.0,2,0.0,0.0,30
model_5,0.7,-0.2,2.0,3,0.0,0.0,30
model_5,0.7,-0.2,2.0,4,0.0,0.0,30
model_5,0.7,-0.2,2.0,5,0.0,0.0,30
model_5,0.7,-0.2,2.0,6,0.0,0.0,30
model_5,0.7,-0.2,2.0,7,0.0,0.0,30
model_5,0.7,-0.2,2.0,8,0.0,0.0,30
model_5,0.7,-0.2,2.0,9,0.0,0.0,30
model_5,0.7,-0.2,2.0,10,0.0,0.0,30
model_5,0.7,-0.2,2.0,11,0.0,0.0,30
model_5,0.7,-0.2,2.0,12,0.0,0.0,30
model_5,0.7,-0.2,2.0,13,0.0,0.0,30
model_5,0.7,-0.2,2.0,14,0.0,0.0,30
model_5,0.7,-0.2,2.0,15,0.0,0.0,30
model_5,0.7,-0.2,2.0,16,0.0,0.0,30
model_5,0.7,-0.2,2.0,17,0.0,0.0,30
model_5,0.7,-0.2,2.0,18,0.0,0.0,30
model_5,0.7,-0.2,2.0,19,0.0,0.0,30
model_5,0.7,-0.2,2.0,20,0.0,0.0,30
model_5,0.7,0.0,0.6,0,0.016666666666666666,0.24138888888888888,30
model_5,0.7,0.0,0.6,1,0.006666666666666728,0.038622222222222224,30
model_5,0.7,0.0,0.6,2,0.0026666666666666987,0.006179555555555562,30
model_5,0.7,0.0,0.6,3,0.0010666666666666676,0.0009887288888888906,30
model_5,0.7,0.0,0.6,4,0.0004266666666666974,0.00015819662222222236,30
model_5,0.7,0.0,0.6,5,0.0001706666666666967,2.5311459555555413e-05,30
model_5,0.7,0.0,0.6,6,6.826666666669793e-05,4.049833528888976e-06,30
model_5,0.7,0.0,0.6,7,2.7306666666696937e-05,6.479733646222097e-07,30
model_5,0.7,0.0,0.6,8,1.0922666666698018e-05,1.0367573833957107e-07,30
model_5,0.7,0.0,0.6,9,4.369066666668845e-06,1.658811813434543e-08,30
model_5,0.7,0.0,0.6,10,1.7476266667297106e-06,2.654098901498622e-09,30
model_5,0.7,0.0,0.6,11,6.990506667303719e-07,4.2465582424202294e-10,30
model_5,0.7,0.0,0.6,12,2.796202666965897e-07,6.794493187791404e-11,30
model_5,0.7,0.0,0.6,13,1.1184810672822584e-07,1.0871189100609133e-11,30
model_5,0.7,0.0,0.6,14,4.473924269573122e-08,1.7393902559679206e-12,30
model_5,0.7,0.0,0.6,15,1.7895697127882453e-08,2.7830244097772895e-13,30
model_5,0.7,0.0,0.6,16,7.158278795641829e-09,4.452839054960197e-14,30
model_5,0.7,0.0,0.6,17,2.863311561925504e-09,7.12454249251819e-15,30
model_5,0.7,0.0,0.6,18,1.1453246129278227e-09,1.139926799542114e-15,30
model_5,0.7,0.0,0.6,19,4.5812987477707644e-10,1.8238828718753466e-16,30
model_5,0.7,0.0,0.6,20,1.8325196915469633e-10,2.9182126244059365e-17,30
model_5,0.7,0.0,0.95,0,0.016666666666666666,0.24138888888888888,30
model_5,0.7,0.0,0.95,1,0.0011111111111110812,0.0010728395061728407,30
model_5,0.7,0.0,0.95,2,7.407407407410416e-05,4.768175582990339e-06,30
model_5,0.7,0.0,0.95,3,4.938271604907711e-06,2.1191891479957095e-08,30
model_5,0.7,0.0,0.95,4,3.292181069943408e-07,9.418618435448246e-11,30
model_5,0.7,0.0,0.95,5,2.1947873799869436e-08,4.186052638071109e-13,30
model_5,0.7,0.0,0.95,6,1.4631915864112461e-09,1.860467838515309e-15,30
model_5,0.7,0.0,0.95,7,9.75461045271686e-11,8.26874573982159e-18,30
model_5,0.7,0.0,0.95,8,6.503042548899884e-12,3.674997482791359e-20,30
model_5,0.7,0.0,0.95,9,4.3356799632003153e-13,1.6333266119705117e-22,30
model_5,0.7,0.0,0.95,10,2.893241202173158e-14,7.258918067119574e-25,30
model_5,0.7,0.0,0.95,11,1.9280873194323552e-15,3.2305254981682293e-27,30
model_5,0.7,0.0,0.95,12,1.295260195396016e-16,1.457920408212496e-29,30
model_5,0.7,0.0,0.95,13,7.401486830834377e-18,4.760556434979578e-32,30
model_5,0.7,0.0,0.95,14,0.0,0.0,30
model_5,0.7,0.0,0.95,15,0.0,0.0,30
model_5,0.7,0.0,0.95,16,0.0,0.0,30
model_5,0.7,0.0,0.95,17,0.0,0.0,30
model_5,0.7,0.0,0.95,18,0.0,0.0,30
model_5,0.7,0.0,0.95,19,0.0,0.0,30
model_5,0.7,0.0,0.95,20,0.0,0.0,30
model_5,0.7,0.0,1.2999999999999998,0,0.016666666666666666,0.24138888888888888,30
model_5,0.7,0.0,1.2999999999999998,1,0.0,0.0,30
model_5,0.7,0.0,1.2999999999999998,2,0.0,0.0,30
model_5,0.7,0.0,1.2999999999999998,3,0.0,0.0,30
model_5,0.7,0.0,1.2999999999999998,4,0.0,0.0,30
model_5,0.7,0.0,1.2999999999999998,5,0.0,0.0,30
model_5,0.7,0.0,1.2999999999999998,6,0.0,0.0,30
model_5,0.7,0.0,1.2999999999999998,7,0.0,0.0,30
model_5,0.7,0.0,1.2999999999999998,8,0.0,0.0,30
model_5,0.7,0.0,1.2999999999999998,9,0.0,0.0,30
model_5,0.7,0.0,1.2999999999999998,10,0.0,0.0,30
model_5,0.7,0.0,1.2999999999999998,11,0.0,0.0,30
model_5,0.7,0.0,1.2999999999999998,12,0.0,0.0,30
model_5,0.7,0.0,1.2999999999999998,13,0.0,0.0,30
model_5,0.7,0.0,1.2999999999999998,14,0.0,0.0,30
model_5,0.7,0.0,1.2999999999999998,15,0.0,0.0,30
model_5,0.7,0.0,1.2999999999999998,16,0.0,0.0,30
model_5,0.7,0.0,1.2999999999999998,17,0.0,0.0,30
model_5,0.7,0.0,1.2999999999999998,18,0.0,0.0,30
model_5,0.7,0.0,1.2999999999999998,19,0.0,0.0,30
model_5,0.7,0.0,1.2999999999999998,20,0.0,0.0,30
model_5,0.7,0.0,1.65,0,0.016666666666666666,0.24138888888888888,30
model_5,0.7,0.0,1.65,1,0.0,0.0,30
model_5,0.7,0.0,1.65,2,0.0,0.0,30
model_5,0.7,0.0,1.65,3,0.0,0.0,30
model_5,0.7,0.0,1.65,4,0.0,0.0,30
model_5,0.7,0.0,1.65,5,0.0,0.0,30
model_5,0.7,0.0,1.65,6,0.0,0.0,30
model_5,0.7,0.0,1.65,7,0.0,0.0,30
model_5,0.7,0.0,1.65,8,0.0,0.0,30
model_5,0.7,0.0,1.65,9,0.0,0.0,30
model_5,0.7,0.0,1.65,10,0.0,0.0,30
model_5,0.7,0.0,1.65,11,0.0,0.0,30
model_5,0.7,0.0,1.65,12,0.0,0.0,30
model_5,0.7,0.0,1.65,13,0.0,0.0,30
model_5,0.7,0.0,1.65,14,0.0,0.0,30
model_5,0.7,0.0,1.65,15,0.0,0.0,30
model_5,0.7,0.0,1.65,16,0.0,0.0,30
model_5,0.7,0.0,1.65,17,0.0,0.0,30
model_5,0.7,0.0,1.65,18,0.0,0.0,30
model_5,0.7,0.0,1.65,19,0.0,0.0,30
model_5,0.7,0.0,1.65,20,0.0,0.0,30
model_5,0.7,0.0,2.0,0,0.016666666666666666,0.24138888888888888,30
model_5,0.7,0.0,2.0,1,0.0,0.0,30
model_5,0.7,0.0,2.0,2,0.0,0.0,30
model_5,0.7,0.0,2.0,3,0.0,0.0,30
model_5,0.7,0.0,2.0,4,0.0,0.0,30
model_5,0.7,0.0,2.0,5,0.0,0.0,30
model_5,0.7,0.0,2.0,6,0.0,0.0,30
model_5,0.7,0.0,2.0,7,0.0,0.0,30
model_5,0.7,0.0,2.0,8,0.0,0.0,30
model_5,0.7,0.0,2.0,9,0.0,0.0,30
model_5,0.7,0.0,2.0,10,0.0,0.0,30
model_5,0.7,0.0,2.0,11,0.0,0.0,30
model_5,0.7,0.0,2.0,12,0.0,0.0,30
model_5,0.7,0.0,2.0,13,0.0,0.0,30
model_5,0.7,0.0,2.0,14,0.0,0.0,30
model_5,0.7,0.0,2.0,15,0.0,0.0,30
model_5,0.7,0.0,2.0,16,0.0,0.0,30
model_5,0.7,0.0,2.0,17,0.0,0.0,30
model_5,0.7,0.0,2.0,18,0.0,0.0,30
model_5,0.7,0.0,2.0,19,0.0,0.0,30
model_5,0.7,0.0,2.0,20,0.0,0.0,30
model_5,0.7,0.20000000000000007,0.6,0,0.016666666666666666,0.24138888888888888,30
model_5,0.7,0.20000000000000007,0.6,1,0.028190476190476245,0.02471822222222223,30
model_5,0.7,0.20000000000000007,0.6,2,0.03187809523809524,0.0025311459555555525,30
model_5,0.7,0.20000000000000007,0.6,3,0.0330581333333334,0.0002591893458488883,30
model_5,0.7,0.20000000000000007,0.6,4,0.03343574552380958,2.6540989014926274e-05,30
model_5,0.7,0.20000000000000007,0.6,5,0.03355658142476194,2.717797275128493e-06,30
model_5,0.7,0.20000000000000007,0.6,6,0.0335952489130667,2.7830244097315065e-07,30
model_5,0.7,0.20000000000000007,0.6,7,0.03360762250932428,2.849816995566096e-08,30
model_5,0.7,0.20000000000000007,0.6,8,0.03361158206012672,2.9182126034627265e-09,30
model_5,0.7,0.20000000000000007,0.6,9,0.03361284911638351,2.988249705959431e-10,30
model_5,0.7,0.20000000000000007,0.6,10,0.03361325457438556,3.059967698928802e-11,30
model_5,0.7,0.20000000000000007,0.6,11,0.0336133843209462,3.1334069236865243e-12,30
model_5,0.7,0.20000000000000007,0.6,12,0.03361342583984578,3.208608689780078e-13,30
model_5,0.7,0.20000000000000007,0.6,13,0.03361343912589358,3.2856152974600764e-14,30
model_5,0.7,0.20000000000000007,0.6,14,0.03361344337742888,3.3644700615687335e-15,30
model_5,0.7,0.20000000000000007,0.6,15,0.03361344473792019,3.445217348786055e-16,30
model_5,0.7,0.20000000000000007,0.6,16,0.03361344517327733,3.527902536798206e-17,30
model_5,0.7,0.20000000000000007,0.6,17,0.03361344531259159,3.612572355755251e-18,30
model_5,0.7,0.20000000000000007,0.6,18,0.033613445357172214,3.699273556159367e-19,30
model_5,0.7,0.20000000000000007,0.6,19,0.03361344537143804,3.788053903329062e-20,30
model_5,0.7,0.20000000000000007,0.6,20,0.033613445376003075,3.878968842698234e-21,30
model_5,0.7,0.20000000000000007,0.95,0,0.016666666666666666,0.24138888888888888,30
model_5,0.7,0.20000000000000007,0.95,1,0.0046984126984126575,0.0006866172839506175,30
model_5,0.7,0.20000000000000007,0.95,2,0.004060105820105875,1.953044718792843e-06,30
model_5,0.7,0.20000000000000007,0.95,3,0.004026062786596133,5.555327200118316e-09,30
model_5,0.7,0.20000000000000007,0.95,4,0.004024247158142235,1.5801819591801784e-11,30
model_5,0.7,0.20000000000000007,0.95,5,0.004024150324624746,4.494739792410557e-14,30
model_5,0.7,0.20000000000000007,0.95,6,0.004024145160170456,1.2785037614079648e-16,30
model_5,0.7,0.20000000000000007,0.95,7,0.0040241448847328975,3.6366328926306106e-19,30
model_5,0.7,0.20000000000000007,0.95,8,0.004024144870042845,1.0344164090563392e-21,30
model_5,0.7,0.20000000000000007,0.95,9,0.004024144869259457,2.9423631459111416e-24,30
model_5,0.7,0.20000000000000007,0.95,10,0.004024144869217594,8.36762408822031e-27,30
model_5,0.7,0.20000000000000007,0.95,11,0.004024144869215485,2.4100316952084115e-29,30
model_5,0.7,0.20000000000000007,0.95,12,0.004024144869215388,7.599634298028453e-32,30
model_5,0.7,0.20000000000000007,0.95,13,0.004024144869215318,0.0,30
model_5,0.7,0.20000000000000007,0.95,14,0.004024144869215318,0.0,30
model_5,0.7,0.20000000000000007,0.95,15,0.004024144869215318,0.0,30
model_5,0.7,0.20000000000000007,0.95,16,0.004024144869215318,0.0,30
model_5,0.7,0.20000000000000007,0.95,17,0.004024144869215318,0.0,30
model_5,0.7,0.20000000000000007,0.95,18,0.004024144869215318,0.0,30
model_5,0.7,0.20000000000000007,0.95,19,0.004024144869215318,0.0,30
model_5,0.7,0.20000000000000007,0.95,20,0.004024144869215318,0.0,30
model_5,0.7,0.20000000000000007,1.2999999999999998,0,0.016666666666666666,0.24138888888888888,30
model_5,0.7,0.20000000000000007,1.2999999999999998,1,0.0,0.0,30
model_5,0.7,0.20000000000000007,1.2999999999999998,2,0.0,0.0,30
model_5,0.7,0.20000000000000007,1.2999999999999998,3,0.0,0.0,30
model_5,0.7,0.20000000000000007,1.2999999999999998,4,0.0,0.0,30
model_5,0.7,0.20000000000000007,1.2999999999999998,5,0.0,0.0,30
model_5,0.7,0.20000000000000007,1.2999999999999998,6,0.0,0.0,30
model_5,0.7,0.20000000000000007,1.2999999999999998,7,0.0,0.0,30
model_5,0.7,0.20000000000000007,1.2999999999999998,8,0.0,0.0,30
model_5,0.7,0.20000000000000007,1.2999999999999998,9,0.0,0.0,30
model_5,0.7,0.20000000000000007,1.2999999999999998,10,0.0,0.0,30
model_5,0.7,0.20000000000000007,1.2999999999999998,11,0.0,0.0,30
model_5,0.7,0.20000000000000007,1.2999999999999998,12,0.0,0.0,30
model_5,0.7,0.20000000000000007,1.2999999999999998,13,0.0,0.0,30
model_5,0.7,0.20000000000000007,1.2999999999999998,14,0.0,0.0,30
model_5,0.7,0.20000000000000007,1.2999999999999998,15,0.0,0.0,30
model_5,0.7,0.20000000000000007,1.2999999999999998,16,0.0,0.0,30
model_5,0.7,0.20000000000000007,1.2999999999999998,17,0.0,0.0,30
model_5,0.7,0.20000000000000007,1.2999999999999998,18,0.0,0.0,30
model_5,0.7,0.20000000000000007,1.2999999999999998,19,0.0,0.0,30
model_5,0.7,0.20000000000000007,1.2999999999999998,20,0.0,0.0,30
model_5,0.7,0.20000000000000007,1.65,0,0.016666666666666666,0.24138888888888888,30
model_5,0.7,0.20000000000000007,1.65,1,0.0,0.0,30
model_5,0.7,0.20000000000000007,1.65,2,0.0,0.0,30
model_5,0.7,0.20000000000000007,1.65,3,0.0,0.0,30
model_5,0.7,0.20000000000000007,1.65,4,0.0,0.0,30
model_5,0.7,0.20000000000000007,1.65,5,0.0,0.0,30
model_5,0.7,0.20000000000000007,1.65,6,0.0,0.0,30
model_5,0.7,0.20000000000000007,1.65,7,0.0,0.0,30
model_5,0.7,0.20000000000000007,1.65,8,0.0,0.0,30
model_5,0.7,0.20000000000000007,1.65,9,0.0,0.0,30
model_5,0.7,0.20000000000000007,1.65,10,0.0,0.0,30
model_5,0.7,0.20000000000000007,1.65,11,0.0,0.0,30
model_5,0.7,0.20000000000000007,1.65,12,0.0,0.0,30
model_5,0.7,0.20000000000000007,1.65,13,0.0,0.0,30
model_5,0.7,0.20000000000000007,1.65,14,0.0,0.0,30
model_5,0.7,0.20000000000000007,1.65,15,0.0,0.0,30
model_5,0.7,0.20000000000000007,1.65,16,0.0,0.0,30
model_5,0.7,0.20000000000000007,1.65,17,0.0,0.0,30
model_5,0.7,0.20000000000000007,1.65,18,0.0,0.0,30
model_5,0.7,0.20000000000000007,1.65,19,0.0,0.0,30
model_5,0.7,0.20000000000000007,1.65,20,0.0,0.0,30
model_5,0.7,0.20000000000000007,2.0,0,0.016666666666666666,0.24138888888888888,30
model_5,0.7,0.20000000000000007,2.0,1,0.0,0.0,30
model_5,0.7,0.20000000000000007,2.0,2,0.0,0.0,30
model_5,0.7,0.20000000000000007,2.0,3,0.0,0.0,30
model_5,0.7,0.20000000000000007,2.0,4,0.0,0.0,30
model_5,0.7,0.20000000000000007,2.0,5,0.0,0.0,30
model_5,0.7,0.20000000000000007,2.0,6,0.0,0.0,30
model_5,0.7,0.20000000000000007,2.0,7,0.0,0.0,30
model_5,0.7,0.20000000000000007,2.0,8,0.0,0.0,30
model_5,0.7,0.20000000000000007,2.0,9,0.0,0.0,30
model_5,0.7,0.20000000000000007,2.0,10,0.0,0.0,30
model_5,0.7,0.20000000000000007,2.0,11,0.0,0.0,30
model_5,0.7,0.20000000000000007,2.0,12,0.0,0.0,30
model_5,0.7,0.20000000000000007,2.0,13,0.0,0.0,30
model_5,0.7,0.20000000000000007,2.0,14,0.0,0.0,30
model_5,0.7,0.20000000000000007,2.0,15,0.0,0.0,30
model_5,0.7,0.20000000000000007,2.0,16,0.0,0.0,30
model_5,0.7,0.20000000000000007,2.0,17,0.0,0.0,30
model_5,0.7,0.20000000000000007,2.0,18,0.0,0.0,30
model_5,0.7,0.20000000000000007,2.0,19,0.0,0.0,30
model_5,0.7,0.20000000000000007,2.0,20,0.0,0.0,30
model_5,0.7,0.4,0.6,0,0.016666666666666666,0.24138888888888888,30
model_5,0.7,0.4,0.6,1,0.09542857142857147,0.013904000000000012,30
model_5,0.7,0.4,0.6,2,0.11433142857142851,0.0008008703999999996,30
model_5,0.7,0.4,0.6,3,0.1188681142857143,4.613013503999964e-05,30
model_5,0.7,0.4,0.6,4,0.11995691885714285,2.657095778303915e-06,30
model_5,0.7,0.4,0.6,5,0.12021823195428567,1.530487168302987e-07,30
model_5,0.7,0.4,0.6,6,0.12028094709760007,8.815606089436233e-09,30
model_5,0.7,0.4,0.6,7,0.12029599873199553,5.077789107498659e-10,30
model_5,0.7,0.4,0.6,8,0.12029961112425037,2.924806525917022e-11,30
model_5,0.7,0.4,0.6,9,0.12030047809839152,1.6846885590073827e-12,30
model_5,0.7,0.4,0.6,10,0.12030068617218542,9.703806100177858e-14,30
model_5,0.7,0.4,0.6,11,0.12030073610989593,5.5893923143414166e-15,30
model_5,0.7,0.4,0.6,12,0.12030074809494652,3.219489968362757e-16,30
model_5,0.7,0.4,0.6,13,0.12030075097135852,1.8544261729188027e-17,30
model_5,0.7,0.4,0.6,14,0.12030075166169749,1.068149587961562e-18,30
model_5,0.7,0.4,0.6,15,0.12030075182737877,6.152540762983924e-20,30
model_5,0.7,0.4,0.6,16,0.12030075186714233,3.543863479478747e-21,30
model_5,0.7,0.4,0.6,17,0.12030075187668565,2.0412596992525317e-22,30
model_5,0.7,0.4,0.6,18,0.12030075187897595,1.1757851990732918e-23,30
model_5,0.7,0.4,0.6,19,0.12030075187952566,6.771510386366487e-25,30
model_5,0.7,0.4,0.6,20,0.1203007518796576,3.9011619170754694e-26,30
model_5,0.7,0.4,0.95,0,0.016666666666666666,0.24138888888888888,30
model_5,0.7,0.4,0.95,1,0.01590476190476194,0.0003862222222222229,30
model_5,0.7,0.4,0.95,2,0.015874285714285778,6.179555555555909e-07,30
model_5,0.7,0.4,0.95,3,0.015873066666666713,9.88728888887448e-10,30
model_5,0.7,0.4,0.95,4,0.015873017904761942,1.5819662222034322e-12,30
model_5,0.7,0.4,0.95,5,0.015873015954285776,2.5311459572818268e-15,30
model_5,0.7,0.4,0.95,6,0.015873015876266654,4.0498337168240486e-18,30
model_5,0.7,0.4,0.95,7,0.015873015873145997,6.4797378702840545e-21,30
model_5,0.7,0.4,0.95,8,0.015873015873021028,1.0367718584303073e-23,30
model_5,0.7,0.4,0.95,9,0.01587301587301613,1.6585593786902126e-26,30
model_5,0.7,0.4,0.95,10,0.01587301587301593,2.685618066516885e-29,30
model_5,0.7,0.4,0.95,11,0.015873015873015824,4.7605778342011826e-32,30
model_5,0.7,0.4,0.95,12,0.015873015873015817,0.0,30
model_5,0.7,0.4,0.95,13,0.015873015873015817,0.0,30
model_5,0.7,0.4,0.95,14,0.015873015873015817,0.0,30
model_5,0.7,0.4,0.95,15,0.015873015873015817,0.0,30
model_5,0.7,0.4,0.95,16,0.015873015873015817,0.0,30
model_5,0.7,0.4,0.95,17,0.015873015873015817,0.0,30
model_5,0.7,0.4,0.95,18,0.015873015873015817,0.0,30
model_5,0.7,0.4,0.95,19,0.015873015873015817,0.0,30
model_5,0.7,0.4,0.95,20,0.015873015873015817,0.0,30
model_5,0.7,0.4,1.2999999999999998,0,0.016666666666666666,0.24138888888888888,30
model_5,0.7,0.4,1.2999999999999998,1,0.0,0.0,30
model_5,0.7,0.4,1.2999999999999998,2,0.0,0.0,30
model_5,0.7,0.4,1.2999999999999998,3,0.0,0.0,30
model_5,0.7,0.4,1.2999999999999998,4,0.0,0.0,30
model_5,0.7,0.4,1.2999999999999998,5,0.0,0.0,30
model_5,0.7,0.4,1.2999999999999998,6,0.0,0.0,30
model_5,0.7,0.4,1.2999999999999998,7,0.0,0.0,30
model_5,0.7,0.4,1.2999999999999998,8,0.0,0.0,30
model_5,0.7,0.4,1.2999999999999998,9,0.0,0.0,30
model_5,0.7,0.4,1.2999999999999998,10,0.0,0.0,30
model_5,0.7,0.4,1.2999999999999998,11,0.0,0.0,30
model_5,0.7,0.4,1.2999999999999998,12,0.0,0.0,30
model_5,0.7,0.4,1.2999999999999998,13,0.0,0.0,30
model_5,0.7,0.4,1.2999999999999998,14,0.0,0.0,30
model_5,0.7,0.4,1.2999999999999998,15,0.0,0.0,30
model_5,0.7,0.4,1.2999999999999998,16,0.0,0.0,30
model_5,0.7,0.4,1.2999999999999998,17,0.0,0.0,30
model_5,0.7,0.4,1.2999999999999998,18,0.0,0.0,30
model_5,0.7,0.4,1.2999999999999998,19,0.0,0.0,30
model_5,0.7,0.4,1.2999999999999998,20,0.0,0.0,30
model_5,0.7,0.4,1.65,0,0.016666666666666666,0.24138888888888888,30
model_5,0.7,0.4,1.65,1,0.0,0.0,30
model_5,0.7,0.4,1.65,2,0.0,0.0,30
model_5,0.7,0.4,1.65,3,0.0,0.0,30
model_5,0.7,0.4,1.65,4,0.0,0.0,30
model_5,0.7,0.4,1.65,5,0.0,0.0,30
model_5,0.7,0.4,1.65,6,0.0,0.0,30
model_5,0.7,0.4,1.65,7,0.0,0.0,30
model_5,0.7,0.4,1.65,8,0.0,0.0,30
model_5,0.7,0.4,1.65,9,0.0,0.0,30
model_5,0.7,0.4,1.65,10,0.0,0.0,30
model_5,0.7,0.4,1.65,11,0.0,0.0,30
model_5,0.7,0.4,1.65,12,0.0,0.0,30
model_5,0.7,0.4,1.65,13,0.0,0.0,30
model_5,0.7,0.4,1.65,14,0.0,0.0,30
model_5,0.7,0.4,1.65,15,0.0,0.0,30
model_5,0.7,0.4,1.65,16,0.0,0.0,30
model_5,0.7,0.4,1.65,17,0.0,0.0,30
model_5,0.7,0.4,1.65,18,0.0,0.0,30
model_5,0.7,0.4,1.65,19,0.0,0.0,30
model_5,0.7,0.4,1.65,20,0.0,0.0,30
model_5,0.7,0.4,2.0,0,0.016666666666666666,0.24138888888888888,30
model_5,0.7,0.4,2.0,1,0.0,0.0,30
model_5,0.7,0.4,2.0,2,0.0,0.0,30
model_5,0.7,0.4,2.0,3,0.0,0.0,30
model_5,0.7,0.4,2.0,4,0.0,0.0,30
model_5,0.7,0.4,2.0,5,0.0,0.0,30
model_5,0.7,0.4,2.0,6,0.0,0.0,30
model_5,0.7,0.4,2.0,7,0.0,0.0,30
model_5,0.7,0.4,2.0,8,0.0,0.0,30
model_5,0.7,0.4,2.0,9,0.0,0.0,30
model_5,0.7,0.4,2.0,10,0.0,0.0,30
model_5,0.7,0.4,2.0,11,0.0,0.0,30
model_5,0.7,0.4,2.0,12,0.0,0.0,30
model_5,0.7,0.4,2.0,13,0.0,0.0,30
model_5,0.7,0.4,2.0,14,0.0,0.0,30
model_5,0.7,0.4,2.0,15,0.0,0.0,30
model_5,0.7,0.4,2.0,16,0.0,0.0,30
model_5,0.7,0.4,2.0,17,0.0,0.0,30
model_5,0.7,0.4,2.0,18,0.0,0.0,30
model_5,0.7,0.4,2.0,19,0.0,0.0,30
model_5,0.7,0.4,2.0,20,0.0,0.0,30
model_5,0.95,-0.4,0.6,0,0.016666666666666666,0.24138888888888888,30
model_5,0.95,-0.4,0.6,1,-0.08599999999999994,0.025608897959183658,30
model_5,0.95,-0.4,0.6,2,-0.11943999999999998,0.0027168427581840938,30
model_5,0.95,-0.4,0.6,3,-0.13033188571428558,0.0002882292937580449,30
model_5,0.95,-0.4,0.6,4,-0.13387952848979587,3.057818695248603e-05,30
model_5,0.95,-0.4,0.6,5,-0.13503504642239061,3.2440336133429328e-06,30
model_5,0.95,-0.4,0.6,6,-0.13541141512043572,3.4415886399189727e-07,30
model_5,0.95,-0.4,0.6,7,-0.13553400378208474,3.6511743644390476e-08,30
model_5,0.95,-0.4,0.6,8,-0.13557393266045042,3.873523431853469e-09,30
model_5,0.95,-0.4,0.6,9,-0.13558693806654668,4.1094131036956235e-10,30
model_5,0.95,-0.4,0.6,10,-0.13559117411310367,4.3596679751497114e-11,30
model_5,0.95,-0.4,0.6,11,-0.13559255385398228,4.6251628577542436e-12,30
model_5,0.95,-0.4,0.6,12,-0.13559300325529708,4.906825836788407e-13,30
model_5,0.95,-0.4,0.6,13,-0.13559314963172536,5.205641516500629e-14,30
model_5,0.95,-0.4,0.6,14,-0.13559319730861913,5.522654460754478e-15,30
model_5,0.95,-0.4,0.6,15,-0.13559321283766437,5.858972864042962e-16,30
model_5,0.95,-0.4,0.6,16,-0.1355932178956963,6.215772371771593e-17,30
model_5,0.95,-0.4,0.6,17,-0.13559321954316958,6.59430038116829e-18,30
model_5,0.95,-0.4,0.6,18,-0.1355932200797752,6.995879772854457e-19,30
model_5,0.95,-0.4,0.6,19,-0.13559322025455534,7.421912967135084e-20,30
model_5,0.95,-0.4,0.6,20,-0.13559322031148374,7.8738882156956e-21,30
model_5,0.95,-0.4,0.95,0,0.016666666666666666,0.24138888888888888,30
model_5,0.95,-0.4,0.95,1,-0.014333333333333306,0.0007113582766439933,30
model_5,0.95,-0.4,0.95,2,-0.01601619047619052,2.0963292887222376e-06,30
model_5,0.95,-0.4,0.95,3,-0.01610754557823129,6.177754067173731e-09,30
model_5,0.95,-0.4,0.95,4,-0.016112504855199307,1.8205463006377966e-11,30
model_5,0.95,-0.4,0.95,5,-0.01611277407309181,5.365038485673382e-14,30
model_5,0.95,-0.4,0.95,6,-0.016112788687777397,1.5810439935528498e-16,30
model_5,0.95,-0.4,0.95,7,-0.01611278948114597,4.659239597648115e-19,30
model_5,0.95,-0.4,0.95,8,-0.016112789524214688,1.3730505838904896e-21,30
model_5,0.95,-0.4,0.95,9,-0.01611278952655259,4.046215257585459e-24,30
model_5,0.95,-0.4,0.95,10,-0.016112789526679452,1.19252057718709e-26,30
model_5,0.95,-0.4,0.95,11,-0.016112789526686367,3.5025853513696363e-29,30
model_5,0.95,-0.4,0.95,12,-0.01611278952668673,9.048981843703428e-32,30
model_5,0.95,-0.4,0.95,13,-0.01611278952668671,0.0,30
model_5,0.95,-0.4,0.95,14,-0.01611278952668671,0.0,30
model_5,0.95,-0.4,0.95,15,-0.01611278952668671,0.0,30
model_5,0.95,-0.4,0.95,16,-0.01611278952668671,0.0,30
model_5,0.95,-0.4,0.95,17,-0.01611278952668671,0.0,30
model_5,0.95,-0.4,0.95,18,-0.01611278952668671,0.0,30
model_5,0.95,-0.4,0.95,19,-0.01611278952668671,0.0,30
model_5,0.95,-0.4,0.95,20,-0.01611278952668671,0.0,30
model_5,0.95,-0.4,1.2999999999999998,0,0.016666666666666666,0.24138888888888888,30
model_5,0.95,-0.4,1.2999999999999998,1,0.0,0.0,30
model_5,0.95,-0.4,1.2999999999999998,2,0.0,0.0,30
model_5,0.95,-0.4,1.2999999999999998,3,0.0,0.0,30
model_5,0.95,-0.4,1.2999999999999998,4,0.0,0.0,30
model_5,0.95,-0.4,1.2999999999999998,5,0.0,0.0,30
model_5,0.95,-0.4,1.2999999999999998,6,0.0,0.0,30
model_5,0.95,-0.4,1.2999999999999998,7,0.0,0.0,30
model_5,0.95,-0.4,1.2999999999999998,8,0.0,0.0,30
model_5,0.95,-0.4,1.2999999999999998,9,0.0,0.0,30
model_5,0.95,-0.4,1.2999999999999998,10,0.0,0.0,30
model_5,0.95,-0.4,1.2999999999999998,11,0.0,0.0,30
model_5,0.95,-0.4,1.2999999999999998,12,0.0,0.0,30
model_5,0.95,-0.4,1.2999999999999998,13,0.0,0.0,30
model_5,0.95,-0.4,1.2999999999999998,14,0.0,0.0,30
model_5,0.95,-0.4,1.2999999999999998,15,0.0,0.0,30
model_5,0.95,-0.4,1.2999999999999998,16,0.0,0.0,30
model_5,0.95,-0.4,1.2999999999999998,17,0.0,0.0,30
model_5,0.95,-0.4,1.2999999999999998,18,0.0,0.0,30
model_5,0.95,-0.4,1.2999999999999998,19,0.0,0.0,30
model_5,0.95,-0.4,1.2999999999999998,20,0.0,0.0,30
model_5,0.95,-0.4,1.65,0,0.016666666666666666,0.24138888888888888,30
model_5,0.95,-0.4,1.65,1,0.0,0.0,30
model_5,0.95,-0.4,1.65,2,0.0,0.0,30
model_5,0.95,-0.4,1.65,3,0.0,0.0,30
model_5,0.95,-0.4,1.65,4,0.0,0.0,30
model_5,0.95,-0.4,1.65,5,0.0,0.0,30
model_5,0.95,-0.4,1.65,6,0.0,0.0,30
model_5,0.95,-0.4,1.65,7,0.0,0.0,30
model_5,0.95,-0.4,1.65,8,0.0,0.0,30
model_5,0.95,-0.4,1.65,9,0.0,0.0,30
model_5,0.95,-0.4,1.65,10,0.0,0.0,30
model_5,0.95,-0.4,1.65,11,0.0,0.0,30
model_5,0.95,-0.4,1.65,12,0.0,0.0,30
model_5,0.95,-0.4,1.65,13,0.0,0.0,30
model_5,0.95,-0.4,1.65,14,0.0,0.0,30
model_5,0.95,-0.4,1.65,15,0.0,0.0,30
model_5,0.95,-0.4,1.65,16,0.0,0.0,30
model_5,0.95,-0.4,1.65,17,0.0,0.0,30
model_5,0.95,-0.4,1.65,18,0.0,0.0,30
model_5,0.95,-0.4,1.65,19,0.0,0.0,30
model_5,0.95,-0.4,1.65,20,0.0,0.0,30
model_5,0.95,-0.4,2.0,0,0.016666666666666666,0.24138888888888888,30
model_5,0.95,-0.4,2.0,1,0.0,0.0,30
model_5,0.95,-0.4,2.0,2,0.0,0.0,30
model_5,0.95,-0.4,2.0,3,0.0,0.0,30
model_5,0.95,-0.4,2.0,4,0.0,0.0,30
model_5,0.95,-0.4,2.0,5,0.0,0.0,30
model_5,0.95,-0.4,2.0,6,0.0,0.0,30
model_5,0.95,-0.4,2.0,7,0.0,0.0,30
model_5,0.95,-0.4,2.0,8,0.0,0.0,30
model_5,0.95,-0.4,2.0,9,0.0,0.0,30
model_5,0.95,-0.4,2.0,10,0.0,0.0,30
model_5,0.95,-0.4,2.0,11,0.0,0.0,30
model_5,0.95,-0.4,2.0,12,0.0,0.0,30
model_5,0.95,-0.4,2.0,13,0.0,0.0,30
model_5,0.95,-0.4,2.0,14,0.0,0.0,30
model_5,0.95,-0.4,2.0,15,0.0,0.0,30
model_5,0.95,-0.4,2.0,16,0.0,0.0,30
model_5,0.95,-0.4,2.0,17,0.0,0.0,30
model_5,0.95,-0.4,2.0,18,0.0,0.0,30
model_5,0.95,-0.4,2.0,19,0.0,0.0,30
model_5,0.95,-0.4,2.0,20,0.0,0.0,30
model_5,0.95,-0.2,0.6,0,0.016666666666666666,0.24138888888888888,30
model_5,0.95,-0.2,0.6,1,-0.01561904761904751,0.045526929705215415,30
model_5,0.95,-0.2,0.6,2,-0.029640272108843443,0.008586564766606498,30
model_5,0.95,-0.2,0.6,3,-0.035729489601554774,0.00161946116218511,30
model_5,0.95,-0.2,0.6,4,-0.03837394976981801,0.0003054369852336713,30
model_5,0.95,-0.2,0.6,5,-0.03952240104289238,5.7606662096642944e-05,30
model_5,0.95,-0.2,0.6,6,-0.04002115702434173,1.0864851600660244e-05,30
model_5,0.95,-0.2,0.6,7,-0.040237759621999866,2.0491553582175874e-06,30
model_5,0.95,-0.2,0.6,8,-0.04033182703583985,3.864790644592629e-07,30
model_5,0.95,-0.2,0.6,9,-0.040372679169850455,7.289152902259539e-08,30
model_5,0.95,-0.2,0.6,10,-0.04039042066804934,1.374763989010349e-08,30
model_5,0.95,-0.2,0.6,11,-0.040398125547267155,2.5928609960927276e-09,30
model_5,0.95,-0.2,0.6,12,-0.0404014716662418,4.890241669692263e-10,30
model_5,0.95,-0.2,0.6,13,-0.04040292483791069,9.223195390692556e-11,30
model_5,0.95,-0.2,0.6,14,-0.04040355592960691,1.739532296371905e-11,30
model_5,0.95,-0.2,0.6,15,-0.04040383000371492,3.280828912254028e-12,30
model_5,0.95,-0.2,0.6,16,-0.040403949030184814,6.187777240432425e-13,30
model_5,0.95,-0.2,0.6,17,-0.040404000721680204,1.1670400434385915e-13,30
model_5,0.95,-0.2,0.6,18,-0.0404040231705582,2.201085156829788e-14,30
model_5,0.95,-0.2,0.6,19,-0.04040403291978516,4.1513364462804806e-15,30
model_5,0.95,-0.2,0.6,20,-0.04040403715373523,7.829589988375181e-16,30
model_5,0.95,-0.2,0.95,0,0.016666666666666666,0.24138888888888888,30
model_5,0.95,-0.2,0.95,1,-0.0026031746031745795,0.0012646369362559876,30
model_5,0.95,-0.2,0.95,2,-0.003997944066515448,6.6254357767026455e-06,30
model_5,0.95,-0.2,0.95,3,-0.004098898808623862,3.4710673057804464e-08,30
model_5,0.95,-0.2,0.95,4,-0.004106206009005148,1.818492948591403e-10,30
model_5,0.95,-0.2,0.95,5,-0.004106734911128002,9.527088680756178e-13,30
model_5,0.95,-0.2,0.95,6,-0.004106773193567348,4.991243914698394e-15,30
model_5,0.95,-0.2,0.95,7,-0.004106775964486662,2.6149138192653828e-17,30
model_5,0.95,-0.2,0.95,8,-0.004106776165048672,1.3699540132600296e-19,30
model_5,0.95,-0.2,0.95,9,-0.004106776179565421,7.177206057748748e-22,30
model_5,0.95,-0.2,0.95,10,-0.004106776180616195,3.7599342735915175e-24,30
model_5,0.95,-0.2,0.95,11,-0.004106776180692231,1.969778113914829e-26,30
model_5,0.95,-0.2,0.95,12,-0.004106776180697676,1.0349163462016494e-28,30
model_5,0.95,-0.2,0.95,13,-0.004106776180698156,6.25846784227133e-31,30
model_5,0.95,-0.2,0.95,14,-0.0041067761806981495,4.670329960713412e-33,30
model_5,0.95,-0.2,0.95,15,-0.004106776180698213,0.0,30
model_5,0.95,-0.2,0.95,16,-0.004106776180698213,0.0,30
model_5,0.95,-0.2,0.95,17,-0.004106776180698213,0.0,30
model_5,0.95,-0.2,0.95,18,-0.004106776180698213,0.0,30
model_5,0.95,-0.2,0.95,19,-0.004106776180698213,0.0,30
model_5,0.95,-0.2,0.95,20,-0.004106776180698213,0.0,30
model_5,0.95,-0.2,1.2999999999999998,0,0.016666666666666666,0.24138888888888888,30
model_5,0.95,-0.2,1.2999999999999998,1,0.0,0.0,30
model_5,0.95,-0.2,1.2999999999999998,2,0.0,0.0,30
model_5,0.95,-0.2,1.2999999999999998,3,0.0,0.0,30
model_5,0.95,-0.2,1.2999999999999998,4,0.0,0.0,30
model_5,0.95,-0.2,1.2999999999999998,5,0.0,0.0,30
model_5,0.95,-0.2,1.2999999999999998,6,0.0,0.0,30
model_5,0.95,-0.2,1.2999999999999998,7,0.0,0.0,30
model_5,0.95,-0.2,1.2999999999999998,8,0.0,0.0,30
model_5,0.95,-0.2,1.2999999999999998,9,0.0,0.0,30
model_5,0.95,-0.2,1.2999999999999998,10,0.0,0.0,30
model_5,0.95,-0.2,1.2999999999999998,11,0.0,0.0,30
model_5,0.95,-0.2,1.2999999999999998,12,0.0,0.0,30
model_5,0.95,-0.2,1.2999999999999998,13,0.0,0.0,30
model_5,0.95,-0.2,1.2999999999999998,14,0.0,0.0,30
model_5,0.95,-0.2,1.2999999999999998,15,0.0,0.0,30
model_5,0.95,-0.2,1.2999999999999998,16,0.0,0.0,30
model_5,0.95,-0.2,1.2999999999999998,17,0.0,0.0,30
model_5,0.95,-0.2,1.2999999999999998,18,0.0,0.0,30
model_5,0.95,-0.2,1.2999999999999998,19,0.0,0.0,30
model_5,0.95,-0.2,1.2999999999999998,20,0.0,0.0,30
model_5,0.95,-0.2,1.65,0,0.016666666666666666,0.24138888888888888,30
model_5,0.95,-0.2,1.65,1,0.0,0.0,30
model_5,0.95,-0.2,1.65,2,0.0,0.0,30
model_5,0.95,-0.2,1.65,3,0.0,0.0,30
model_5,0.95,-0.2,1.65,4,0.0,0.0,30
model_5,0.95,-0.2,1.65,5,0.0,0.0,30
model_5,0.95,-0.2,1.65,6,0.0,0.0,30
model_5,0.95,-0.2,1.65,7,0.0,0.0,30
model_5,0.95,-0.2,1.65,8,0.0,0.0,30
model_5,0.95,-0.2,1.65,9,0.0,0.0,30
model_5,0.95,-0.2,1.65,10,0.0,0.0,30
model_5,0.95,-0.2,1.65,11,0.0,0.0,30
model_5,0.95,-0.2,1.65,12,0.0,0.0,30
model_5,0.95,-0.2,1.65,13,0.0,0.0,30
model_5,0.95,-0.2,1.65,14,0.0,0.0,30
model_5,0.95,-0.2,1.65,15,0.0,0.0,30
model_5,0.95,-0.2,1.65,16,0.0,0.0,30
model_5,0.95,-0.2,1.65,17,0.0,0.0,30
model_5,0.95,-0.2,1.65,18,0.0,0.0,30
model_5,0.95,-0.2,1.65,19,0.0,0.0,30
model_5,0.95,-0.2,1.65,20,0.0,0.0,30
model_5,0.95,-0.2,2.0,0,0.016666666666666666,0.24138888888888888,30
model_5,0.95,-0.2,2.0,1,0.0,0.0,30
model_5,0.95,-0.2,2.0,2,0.0,0.0,30
model_5,0.95,-0.2,2.0,3,0.0,0.0,30
model_5,0.95,-0.2,2.0,4,0.0,0.0,30
model_5,0.95,-0.2,2.0,5,0.0,0.0,30
model_5,0.95,-0.2,2.0,6,0.0,0.0,30
model_5,0.95,-0.2,2.0,7,0.0,0.0,30
model_5,0.95,-0.2,2.0,8,0.0,0.0,30
model_5,0.95,-0.2,2.0,9,0.0,0.0,30
model_5,0.95,-0.2,2.0,10,0.0,0.0,30
model_5,0.95,-0.2,2.0,11,0.0,0.0,30
model_5,0.95,-0.2,2.0,12,0.0,0.0,30
model_5,0.95,-0.2,2.0,13,0.0,0.0,30
model_5,0.95,-0.2,2.0,14,0.0,0.0,30
model_5,0.95,-0.2,2.0,15,0.0,0.0,30
model_5,0.95,-0.2,2.0,16,0.0,0.0,30
model_5,0.95,-0.2,2.0,17,0.0,0.0,30
model_5,0.95,-0.2,2.0,18,0.0,0.0,30
model_5,0.95,-0.2,2.0,19,0.0,0.0,30
model_5,0.95,-0.2,2.0,20,0.0,0.0,30
model_5,0.95,0.0,0.6,0,0.016666666666666666,0.24138888888888888,30
model_5,0.95,0.0,0.6,1,0.009047619047618987,0.07113582766439908,30
model_5,0.95,0.0,0.6,2,0.00491156462585031,0.02096329288722292,30
model_5,0.95,0.0,0.6,3,0.002666277939747297,0.006177754067173447,30
model_5,0.95,0.0,0.6,4,0.001447408024434264,0.001820546300611931,30
model_5,0.95,0.0,0.6,5,0.0007857357846928869,0.0005365038485884968,30
model_5,0.95,0.0,0.6,6,0.000426542283118995,0.0001581043994615891,30
model_5,0.95,0.0,0.6,7,0.0002315515251217722,4.659239853521177e-05,30
model_5,0.95,0.0,0.6,8,0.00012569939935186403,1.3730494588744113e-05,30
model_5,0.95,0.0,0.6,9,6.82368167910415e-05,4.0462926910505064e-06,30
model_5,0.95,0.0,0.6,10,3.704284340088071e-05,1.1924176828321355e-06,30
model_5,0.95,0.0,0.6,11,2.0108972131904768e-05,3.513981906142298e-07,30
model_5,0.95,0.0,0.6,12,1.09162991573634e-05,1.0355489535650432e-07,30
model_5,0.95,0.0,0.6,13,5.9259909711377e-06,3.0516993652000325e-08,30
model_5,0.95,0.0,0.6,14,3.2169665272011963e-06,8.993171190497792e-09,30
model_5,0.95,0.0,0.6,15,1.7463532576700302e-06,2.6502324896140847e-09,30
model_5,0.95,0.0,0.6,16,9.480203399044503e-07,7.810072887736251e-10,30
model_5,0.95,0.0,0.6,17,5.146396131176327e-07,2.3015806632317162e-10,30
model_5,0.95,0.0,0.6,18,2.7937578997624023e-07,6.782617301476706e-11,30
model_5,0.95,0.0,0.6,19,1.5166114308110916e-07,1.998795792470952e-11,30
model_5,0.95,0.0,0.6,20,8.233033486071406e-08,5.8903288248938205e-12,30
model_5,0.95,0.0,0.95,0,0.016666666666666666,0.24138888888888888,30
model_5,0.95,0.0,0.95,1,0.0015079365079364471,0.0019759952128999753,30
model_5,0.95,0.0,0.95,2,0.00013643235071809646,1.617538031421543e-05,30
model_5,0.95,0.0,0.95,3,1.2343879350681005e-05,1.3241070960160278e-07,30
model_5,0.95,0.0,0.95,4,1.1168271793482454e-06,1.0839062622734022e-09,30
model_5,0.95,0.0,0.95,5,1.0104626860796273e-07,8.87279275924593e-12,30
model_5,0.95,0.0,0.95,6,9.142281446698302e-09,7.263215843400962e-14,30
model_5,0.95,0.0,0.95,7,8.271587970121174e-10,5.945625659873694e-16,30
model_5,0.95,0.0,0.95,8,7.483814679076772e-11,4.867054170462497e-18,30
model_5,0.95,0.0,0.95,9,6.771042985557566e-12,3.9841422415553764e-20,30
model_5,0.95,0.0,0.95,10,6.126210649881614e-13,3.2613967069322204e-22,30
model_5,0.95,0.0,0.95,11,5.5426034132703233e-14,2.669607330661558e-24,30
model_5,0.95,0.0,0.95,12,5.01450732789029e-15,2.185125157133345e-26,30
model_5,0.95,0.0,0.95,13,4.551914400963141e-16,1.800561457620151e-28,30
model_5,0.95,0.0,0.95,14,1.1102230246251566e-17,1.5069297614995338e-30,30
model_5,0.95,0.0,0.95,15,3.7007434154171884e-18,1.1901391087448945e-32,30
model_5,0.95,0.0,0.95,16,0.0,0.0,30
model_5,0.95,0.0,0.95,17,0.0,0.0,30
model_5,0.95,0.0,0.95,18,0.0,0.0,30
model_5,0.95,0.0,0.95,19,0.0,0.0,30
model_5,0.95,0.0,0.95,20,0.0,0.0,30
model_5,0.95,0.0,1.2999999999999998,0,0.016666666666666666,0.24138888888888888,30
model_5,0.95,0.0,1.2999999999999998,1,0.0,0.0,30
model_5,0.95,0.0,1.2999999999999998,2,0.0,0.0,30
model_5,0.95,0.0,1.2999999999999998,3,0.0,0.0,30
model_5,0.95,0.0,1.2999999999999998,4,0.0,0.0,30
model_5,0.95,0.0,1.2999999999999998,5,0.0,0.0,30
model_5,0.95,0.0,1.2999999999999998,6,0.0,0.0,30
model_5,0.95,0.0,1.2999999999999998,7,0.0,0.0,30
model_5,0.95,0.0,1.2999999999999998,8,0.0,0.0,30
model_5,0.95,0.0,1.2999999999999998,9,0.0,0.0,30
model_5,0.95,0.0,1.2999999999999998,10,0.0,0.0,30
model_5,0.95,0.0,1.2999999999999998,11,0.0,0.0,30
model_5,0.95,0.0,1.2999999999999998,12,0.0,0.0,30
model_5,0.95,0.0,1.2999999999999998,13,0.0,0.0,30
model_5,0.95,0.0,1.2999999999999998,14,0.0,0.0,30
model_5,0.95,0.0,1.2999999999999998,15,0.0,0.0,30
model_5,0.95,0.0,1.2999999999999998,16,0.0,0.0,30
model_5,0.95,0.0,1.2999999999999998,17,0.0,0.0,30
model_5,0.95,0.0,1.2999999999999998,18,0.0,0.0,30
model_5,0.95,0.0,1.2999999999999998,19,0.0,0.0,30
model_5,0.95,0.0,1.2999999999999998,20,0.0,0.0,30
model_5,0.95,0.0,1.65,0,0.016666666666666666,0.24138888888888888,30
model_5,0.95,0.0,1.65,1,0.0,0.0,30
model_5,0.95,0.0,1.65,2,0.0,0.0,30
model_5,0.95,0.0,1.65,3,0.0,0.0,30
model_5,0.95,0.0,1.65,4,0.0,0.0,30
model_5,0.95,0.0,1.65,5,0.0,0.0,30
model_5,0.95,0.0,1.65,6,0.0,0.0,30
model_5,0.95,0.0,1.65,7,0.0,0.0,30
model_5,0.95,0.0,1.65,8,0.0,0.0,30
model_5,0.95,0.0,1.65,9,0.0,0.0,30
model_5,0.95,0.0,1.65,10,0.0,0.0,30
model_5,0.95,0.0,1.65,11,0.0,0.0,30
model_5,0.95,0.0,1.65,12,0.0,0.0,30
model_5,0.95,0.0,1.65,13,0.0,0.0,30
model_5,0.95,0.0,1.65,14,0.0,0.0,30
model_5,0.95,0.0,1.65,15,0.0,0.0,30
model_5,0.95,0.0,1.65,16,0.0,0.0,30
model_5,0.95,0.0,1.65,17,0.0,0.0,30
model_5,0.95,0.0,1.65,18,0.0,0.0,30
model_5,0.95,0.0,1.65,19,0.0,0.0,30
model_5,0.95,0.0,1.65,20,0.0,0.0,30
model_5,0.95,0.0,2.0,0,0.016666666666666666,0.24138888888888888,30
model_5,0.95,0.0,2.0,1,0.0,0.0,30
model_5,0.95,0.0,2.0,2,0.0,0.0,30
model_5,0.95,0.0,2.0,3,0.0,0.0,30
model_5,0.95,0.0,2.0,4,0.0,0.0,30
model_5,0.95,0.0,2.0,5,0.0,0.0,30
model_5,0.95,0.0,2.0,6,0.0,0.0,30
model_5,0.95,0.0,2.0,7,0.0,0.0,30
model_5,0.95,0.0,2.0,8,0.0,0.0,30
model_5,0.95,0.0,2.0,9,0.0,0.0,30
model_5,0.95,0.0,2.0,10,0.0,0.0,30
model_5,0.95,0.0,2.0,11,0.0,0.0,30
model_5,0.95,0.0,2.0,12,0.0,0.0,30
model_5,0.95,0.0,2.0,13,0.0,0.0,30
model_5,0.95,0.0,2.0,14,0.0,0.0,30
model_5,0.95,0.0,2.0,15,0.0,0.0,30
model_5,0.95,0.0,2.0,16,0.0,0.0,30
model_5,0.95,0.0,2.0,17,0.0,0.0,30
model_5,0.95,0.0,2.0,18,0.0,0.0,30
model_5,0.95,0.0,2.0,19,0.0,0.0,30
model_5,0.95,0.0,2.0,20,0.0,0.0,30
model_5,0.95,0.20000000000000007,0.6,0,0.016666666666666666,0.24138888888888888,30
model_5,0.95,0.20000000000000007,0.6,1,0.03009523809523818,0.04552692970521543,30
model_5,0.95,0.20000000000000007,0.6,2,0.035927074829932,0.008586564766606493,30
model_5,0.95,0.20000000000000007,0.6,3,0.03845975821185619,0.00161946116218511,30
model_5,0.95,0.20000000000000007,0.6,4,0.03955966642343473,0.0003054369852336713,30
model_5,0.95,0.20000000000000007,0.6,5,0.040037340846748884,5.7606662096642944e-05,30
model_5,0.95,0.20000000000000007,0.6,6,0.04024478802487374,1.0864851600660244e-05,30
model_5,0.95,0.20000000000000007,0.6,7,0.040334879370802365,2.049155358217509e-06,30
model_5,0.95,0.20000000000000007,0.6,8,0.040374004755319944,3.864790644592962e-07,30
model_5,0.95,0.20000000000000007,0.6,9,0.040390996350881885,7.289152902256563e-08,30
model_5,0.95,0.20000000000000007,0.6,10,0.040398375558097374,1.3747639890116237e-08,30
model_5,0.95,0.20000000000000007,0.6,11,0.04040158024237365,2.592860996092689e-09,30
model_5,0.95,0.20000000000000007,0.6,12,0.0404029719909738,4.890241669680075e-10,30
model_5,0.95,0.20000000000000007,0.6,13,0.04040357640750866,9.22319539063999e-11,30
model_5,0.95,0.20000000000000007,0.6,14,0.040403838896975255,1.739532296371905e-11,30
model_5,0.95,0.20000000000000007,0.6,15,0.040403952892400716,3.2808289122519816e-12,30
model_5,0.95,0.20000000000000007,0.6,16,0.040404002398985464,6.187777239140747e-13,30
model_5,0.95,0.20000000000000007,0.6,17,0.04040402389898804,1.1670400436255773e-13,30
model_5,0.95,0.20000000000000007,0.6,18,0.040404033236131974,2.2010851544048062e-14,30
model_5,0.95,0.20000000000000007,0.6,19,0.040404037291120125,4.151336442729587e-15,30
model_5,0.95,0.20000000000000007,0.6,20,0.04040403905214371,7.829589957638522e-16,30
model_5,0.95,0.20000000000000007,0.95,0,0.016666666666666666,0.24138888888888888,30
model_5,0.95,0.20000000000000007,0.95,1,0.005015873015873007,0.0012646369362559876,30
model_5,0.95,0.20000000000000007,0.95,2,0.0041725774754344915,6.625435776702506e-06,30
model_5,0.95,0.20000000000000007,0.95,3,0.00411153894107893,3.4710673057814595e-08,30
model_5,0.95,0.20000000000000007,0.95,4,0.004107120913830531,1.8184929485912505e-10,30
model_5,0.95,0.20000000000000007,0.95,5,0.004106801132810656,9.527088680752503e-13,30
model_5,0.95,0.20000000000000007,0.95,6,0.00410677798675582,4.991243918512142e-15,30
model_5,0.95,0.20000000000000007,0.95,7,0.0041067763114222885,2.6149138470622385e-17,30
model_5,0.95,0.20000000000000007,0.95,8,0.004106776190160177,1.3699538106697858e-19,30
model_5,0.95,0.20000000000000007,0.95,9,0.00410677618138308,7.177206158628547e-22,30
model_5,0.95,0.20000000000000007,0.95,10,0.004106776180747732,3.760039679621016e-24,30
model_5,0.95,0.20000000000000007,0.95,11,0.004106776180701754,1.9713095254156816e-26,30
model_5,0.95,0.20000000000000007,0.95,12,0.004106776180698387,1.0405049334795453e-28,30
model_5,0.95,0.20000000000000007,0.95,13,0.0041067761806982276,5.9060482412055396e-31,30
model_5,0.95,0.20000000000000007,0.95,14,0.004106776180698265,4.7113061264572754e-33,30
model_5,0.95,0.20000000000000007,0.95,15,0.004106776180698324,0.0,30
model_5,0.95,0.20000000000000007,0.95,16,0.004106776180698324,0.0,30
model_5,0.95,0.20000000000000007,0.95,17,0.004106776180698324,0.0,30
model_5,0.95,0.20000000000000007,0.95,18,0.004106776180698324,0.0,30
model_5,0.95,0.20000000000000007,0.95,19,0.004106776180698324,0.0,30
model_5,0.95,0.20000000000000007,0.95,20,0.004106776180698324,0.0,30
model_5,0.95,0.20000000000000007,1.2999999999999998,0,0.016666666666666666,0.24138888888888888,30
model_5,0.95,0.20000000000000007,1.2999999999999998,1,0.0,0.0,30
model_5,0.95,0.20000000000000007,1.2999999999999998,2,0.0,0.0,30
model_5,0.95,0.20000000000000007,1.2999999999999998,3,0.0,0.0,30
model_5,0.95,0.20000000000000007,1.2999999999999998,4,0.0,0.0,30
model_5,0.95,0.20000000000000007,1.2999999999999998,5,0.0,0.0,30
model_5,0.95,0.20000000000000007,1.2999999999999998,6,0.0,0.0,30
model_5,0.95,0.20000000000000007,1.2999999999999998,7,0.0,0.0,30
model_5,0.95,0.20000000000000007,1.2999999999999998,8,0.0,0.0,30
model_5,0.95,0.20000000000000007,1.2999999999999998,9,0.0,0.0,30
model_5,0.95,0.20000000000000007,1.2999999999999998,10,0.0,0.0,30
model_5,0.95,0.20000000000000007,1.2999999999999998,11,0.0,0.0,30
model_5,0.95,0.20000000000000007,1.2999999999999998,12,0.0,0.0,30
model_5,0.95,0.20000000000000007,1.2999999999999998,13,0.0,0.0,30
model_5,0.95,0.20000000000000007,1.2999999999999998,14,0.0,0.0,30
model_5,0.95,0.20000000000000007,1.2999999999999998,15,0.0,0.0,30
model_5,0.95,0.20000000000000007,1.2999999999999998,16,0.0,0.0,30
model_5,0.95,0.20000000000000007,1.2999999999999998,17,0.0,0.0,30
model_5,0.95,0.20000000000000007,1.2999999999999998,18,0.0,0.0,30
model_5,0.95,0.20000000000000007,1.2999999999999998,19,0.0,0.0,30
model_5,0.95,0.20000000000000007,1.2999999999999998,20,0.0,0.0,30
model_5,0.95,0.20000000000000007,1.65,0,0.016666666666666666,0.24138888888888888,30
model_5,0.95,0.20000000000000007,1.65,1,0.0,0.0,30
model_5,0.95,0.20000000000000007,1.65,2,0.0,0.0,30
model_5,0.95,0.20000000000000007,1.65,3,0.0,0.0,30
model_5,0.95,0.20000000000000007,1.65,4,0.0,0.0,30
model_5,0.95,0.20000000000000007,1.65,5,0.0,0.0,30
model_5,0.95,0.20000000000000007,1.65,6,0.0,0.0,30
model_5,0.95,0.20000000000000007,1.65,7,0.0,0.0,30
model_5,0.95,0.20000000000000007,1.65,8,0.0,0.0,30
model_5,0.95,0.20000000000000007,1.65,9,0.0,0.0,30
model_5,0.95,0.20000000000000007,1.65,10,0.0,0.0,30
model_5,0.95,0.20000000000000007,1.65,11,0.0,0.0,30
model_5,0.95,0.20000000000000007,1.65,12,0.0,0.0,30
model_5,0.95,0.20000000000000007,1.65,13,0.0,0.0,30
model_5,0.95,0.20000000000000007,1.65,14,0.0,0.0,30
model_5,0.95,0.20000000000000007,1.65,15,0.0,0.0,30
model_5,0.95,0.20000000000000007,1.65,16,0.0,0.0,30
model_5,0.95,0.20000000000000007,1.65,17,0.0,0.0,30
model_5,0.95,0.20000000000000007,1.65,18,0.0,0.0,30
model_5,0.95,0.20000000000000007,1.65,19,0.0,0.0,30
model_5,0.95,0.20000000000000007,1.65,20,0.0,0.0,30
model_5,0.95,0.20000000000000007,2.0,0,0.016666666666666666,0.24138888888888888,30
model_5,0.95,0.20000000000000007,2.0,1,0.0,0.0,30
model_5,0.95,0.20000000000000007,2.0,2,0.0,0.0,30
model_5,0.95,0.20000000000000007,2.0,3,0.0,0.0,30
model_5,0.95,0.20000000000000007,2.0,4,0.0,0.0,30
model_5,0.95,0.20000000000000007,2.0,5,0.0,0.0,30
model_5,0.95,0.20000000000000007,2.0,6,0.0,0.0,30
model_5,0.95,0.20000000000000007,2.0,7,0.0,0.0,30
model_5,0.95,0.20000000000000007,2.0,8,0.0,0.0,30
model_5,0.95,0.20000000000000007,2.0,9,0.0,0.0,30
model_5,0.95,0.20000000000000007,2.0,10,0.0,0.0,30
model_5,0.95,0.20000000000000007,2.0,11,0.0,0.0,30
model_5,0.95,0.20000000000000007,2.0,12,0.0,0.0,30
model_5,0.95,0.20000000000000007,2.0,13,0.0,0.0,30
model_5,0.95,0.20000000000000007,2.0,14,0.0,0.0,30
model_5,0.95,0.20000000000000007,2.0,15,0.0,0.0,30
model_5,0.95,0.20000000000000007,2.0,16,0.0,0.0,30
model_5,0.95,0.20000000000000007,2.0,17,0.0,0.0,30
model_5,0.95,0.20000000000000007,2.0,18,0.0,0.0,30
model_5,0.95,0.20000000000000007,2.0,19,0.0,0.0,30
model_5,0.95,0.20000000000000007,2.0,20,0.0,0.0,30
model_5,0.95,0.4,0.6,0,0.016666666666666666,0.24138888888888888,30
model_5,0.95,0.4,0.6,1,0.0968571428571429,0.025608897959183675,30
model_5,0.95,0.4,0.6,2,0.12297632653061227,0.0027168427581840886,30
model_5,0.95,0.4,0.6,3,0.13148371778425666,0.00028822929375804397,30
model_5,0.95,0.4,0.6,4,0.13425469664972933,3.057818695248633e-05,30
model_5,0.95,0.4,0.6,5,0.13515724405162624,3.2440336133428345e-06,30
model_5,0.95,0.4,0.6,6,0.1354512166339584,3.4415886399183306e-07,30
model_5,0.95,0.4,0.6,7,0.13554696770363225,3.6511743644400866e-08,30
model_5,0.95,0.4,0.6,8,0.13557815519489744,3.873523431856899e-09,30
model_5,0.95,0.4,0.6,9,0.13558831340633803,4.109413103684528e-10,30
model_5,0.95,0.4,0.6,10,0.13559162208092157,4.3596679751494626e-11,30
model_5,0.95,0.4,0.6,11,0.1355926997635001,4.625162857755054e-12,30
model_5,0.95,0.4,0.6,12,0.1355930507801115,4.906825836791045e-13,30
model_5,0.95,0.4,0.6,13,0.13559316511123629,5.2056415152518004e-14,30
model_5,0.95,0.4,0.6,14,0.13559320235051694,5.5226544648500785e-15,30
model_5,0.95,0.4,0.6,15,0.1355932144798827,5.8589728641341235e-16,30
model_5,0.95,0.4,0.6,16,0.13559321843059036,6.215772328915305e-17,30
model_5,0.95,0.4,0.6,17,0.13559321971739227,6.594300099088807e-18,30
model_5,0.95,0.4,0.6,18,0.1355932201365221,6.99588022436587e-19,30
model_5,0.95,0.4,0.6,19,0.13559322027303874,7.421915928929947e-20,30
model_5,0.95,0.4,0.6,20,0.135593220317504,7.873893005771131e-21,30
model_5,0.95,0.4,0.95,0,0.016666666666666666,0.24138888888888888,30
model_5,0.95,0.4,0.95,1,0.01614285714285718,0.0007113582766439964,30
model_5,0.95,0.4,0.95,2,0.016114421768707508,2.0963292887223163e-06,30
model_5,0.95,0.4,0.95,3,0.016112878134110768,6.177754067177945e-09,30
model_5,0.95,0.4,0.95,4,0.016112794336804227,1.820546300614603e-11,30
model_5,0.95,0.4,0.95,5,0.016112789787807537,5.3650384869237385e-14,30
model_5,0.95,0.4,0.95,6,0.016112789540862076,1.5810439935528498e-16,30
model_5,0.95,0.4,0.95,7,0.016112789527456324,4.659239595077359e-19,30
model_5,0.95,0.4,0.95,8,0.016112789526728566,1.3730505838904896e-21,30
model_5,0.95,0.4,0.95,9,0.01611278952668911,4.046433945072122e-24,30
model_5,0.95,0.4,0.95,10,0.01611278952668691,1.1913338278220433e-26,30
model_5,0.95,0.4,0.95,11,0.01611278952668674,3.535406407505235e-29,30
model_5,0.95,0.4,0.95,12,0.016112789526686832,1.071130012695266e-31,30
model_5,0.95,0.4,0.95,13,0.016112789526686884,4.670380115139047e-33,30
model_5,0.95,0.4,0.95,14,0.01611278952668682,0.0,30
model_5,0.95,0.4,0.95,15,0.01611278952668682,0.0,30
model_5,0.95,0.4,0.95,16,0.01611278952668682,0.0,30
model_5,0.95,0.4,0.95,17,0.01611278952668682,0.0,30
model_5,0.95,0.4,0.95,18,0.01611278952668682,0.0,30
model_5,0.95,0.4,0.95,19,0.01611278952668682,0.0,30
model_5,0.95,0.4,0.95,20,0.01611278952668682,0.0,30
model_5,0.95,0.4,1.2999999999999998,0,0.016666666666666666,0.24138888888888888,30
model_5,0.95,0.4,1.2999999999999998,1,0.0,0.0,30
model_5,0.95,0.4,1.2999999999999998,2,0.0,0.0,30
model_5,0.95,0.4,1.2999999999999998,3,0.0,0.0,30
model_5,0.95,0.4,1.2999999999999998,4,0.0,0.0,30
model_5,0.95,0.4,1.2999999999999998,5,0.0,0.0,30
model_5,0.95,0.4,1.2999999999999998,6,0.0,0.0,30
model_5,0.95,0.4,1.2999999999999998,7,0.0,0.0,30
model_5,0.95,0.4,1.2999999999999998,8,0.0,0.0,30
model_5,0.95,0.4,1.2999999999999998,9,0.0,0.0,30
model_5,0.95,0.4,1.2999999999999998,10,0.0,0.0,30
model_5,0.95,0.4,1.2999999999999998,11,0.0,0.0,30
model_5,0.95,0.4,1.2999999999999998,12,0.0,0.0,30
model_5,0.95,0.4,1.2999999999999998,13,0.0,0.0,30
model_5,0.95,0.4,1.2999999999999998,14,0.0,0.0,30
model_5,0.95,0.4,1.2999999999999998,15,0.0,0.0,30
model_5,0.95,0.4,1.2999999999999998,16,0.0,0.0,30
model_5,0.95,0.4,1.2999999999999998,17,0.0,0.0,30
model_5,0.95,0.4,1.2999999999999998,18,0.0,0.0,30
model_5,0.95,0.4,1.2999999999999998,19,0.0,0.0,30
model_5,0.95,0.4,1.2999999999999998,20,0.0,0.0,30
model_5,0.95,0.4,1.65,0,0.016666666666666666,0.24138888888888888,30
model_5,0.95,0.4,1.65,1,0.0,0.0,30
model_5,0.95,0.4,1.65,2,0.0,0.0,30
model_5,0.95,0.4,1.65,3,0.0,0.0,30
model_5,0.95,0.4,1.65,4,0.0,0.0,30
model_5,0.95,0.4,1.65,5,0.0,0.0,30
model_5,0.95,0.4,1.65,6,0.0,0.0,30
model_5,0.95,0.4,1.65,7,0.0,0.0,30
model_5,0.95,0.4,1.65,8,0.0,0.0,30
model_5,0.95,0.4,1.65,9,0.0,0.0,30
model_5,0.95,0.4,1.65,10,0.0,0.0,30
model_5,0.95,0.4,1.65,11,0.0,0.0,30
model_5,0.95,0.4,1.65,12,0.0,0.0,30
model_5,0.95,0.4,1.65,13,0.0,0.0,30
model_5,0.95,0.4,1.65,14,0.0,0.0,30
model_5,0.95,0.4,1.65,15,0.0,0.0,30
model_5,0.95,0.4,1.65,16,0.0,0.0,30
model_5,0.95,0.4,1.65,17,0.0,0.0,30
model_5,0.95,0.4,1.65,18,0.0,0.0,30
model_5,0.95,0.4,1.65,19,0.0,0.0,30
model_5,0.95,0.4,1.65,20,0.0,0.0,30
model_5,0.95,0.4,2.0,0,0.016666666666666666,0.24138888888888888,30
model_5,0.95,0.4,2.0,1,0.0,0.0,30
model_5,0.95,0.4,2.0,2,0.0,0.0,30
model_5,0.95,0.4,2.0,3,0.0,0.0,30
model_5,0.95,0.4,2.0,4,0.0,0.0,30
model_5,0.95,0.4,2.0,5,0.0,0.0,30
model_5,0.95,0.4,2.0,6,0.0,0.0,30
model_5,0.95,0.4,2.0,7,0.0,0.0,30
model_5,0.95,0.4,2.0,8,0.0,0.0,30
model_5,0.95,0.4,2.0,9,0.0,0.0,30
model_5,0.95,0.4,2.0,10,0.0,0.0,30
model_5,0.95,0.4,2.0,11,0.0,0.0,30
model_5,0.95,0.4,2.0,12,0.0,0.0,30
model_5,0.95,0.4,2.0,13,0.0,0.0,30
model_5,0.95,0.4,2.0,14,0.0,0.0,30
model_5,0.95,0.4,2.0,15,0.0,0.0,30
model_5,0.95,0.4,2.0,16,0.0,0.0,30
model_5,0.95,0.4,2.0,17,0.0,0.0,30
model_5,0.95,0.4,2.0,18,0.0,0.0,30
model_5,0.95,0.4,2.0,19,0.0,0.0,30
model_5,0.95,0.4,2.0,20,0.0,0.0,30
model_5,1.2,-0.4,0.6,0,0.016666666666666666,0.24138888888888888,30
model_5,1.2,-0.4,0.6,1,-0.08571428571428569,0.028375510204081623,30
model_5,1.2,-0.4,0.6,2,-0.1208163265306122,0.0033355701790920463,30
model_5,1.2,-0.4,0.6,3,-0.13285131195335267,0.00039209967819531005,30
model_5,1.2,-0.4,0.6,4,-0.13697759266972084,4.609171727357116e-05,30
model_5,1.2,-0.4,0.6,5,-0.1383923174867614,5.4181283978728076e-06,30
model_5,1.2,-0.4,0.6,6,-0.13887736599546102,6.369065218723693e-07,30
model_5,1.2,-0.4,0.6,7,-0.1390436683413009,7.486901155070225e-08,30
model_5,1.2,-0.4,0.6,8,-0.13910068628844605,8.800928704739372e-09,30
model_5,1.2,-0.4,0.6,9,-0.1391202352988958,1.0345581497819128e-09,30
model_5,1.2,-0.4,0.6,10,-0.13912693781676422,1.2161336617894574e-10,30
model_5,1.2,-0.4,0.6,11,-0.13912923582289055,1.4295775289271274e-11,30
model_5,1.2,-0.4,0.6,12,-0.13913002371070532,1.6804829728262712e-12,30
model_5,1.2,-0.4,0.6,13,-0.13913029384367037,1.9754248821423924e-13,30
model_5,1.2,-0.4,0.6,14,-0.13913038646068693,2.3221321061699023e-14,30
model_5,1.2,-0.4,0.6,15,-0.13913041821509262,2.729689985878374e-15,30
model_5,1.2,-0.4,0.6,16,-0.1391304291023174,3.2087784250978936e-16,30
model_5,1.2,-0.4,0.6,17,-0.13913043283508023,3.7719517887655296e-17,30
model_5,1.2,-0.4,0.6,18,-0.13913043411488468,4.4339677282676906e-18,30
model_5,1.2,-0.4,0.6,19,-0.13913043455367466,5.212174717386344e-19,30
model_5,1.2,-0.4,0.6,20,-0.13913043470411698,6.126964682938588e-20,30
model_5,1.2,-0.4,0.95,0,0.016666666666666666,0.24138888888888888,30
model_5,1.2,-0.4,0.95,1,-0.01428571428571432,0.0007882086167800459,30
model_5,1.2,-0.4,0.95,2,-0.016054421768707507,2.5737424221389858e-06,30
model_5,1.2,-0.4,0.95,3,-0.016155490767735696,8.404056888608396e-09,30
model_5,1.2,-0.4,0.95,4,-0.01616126613910871,2.7441818412134508e-11,30
model_5,1.2,-0.4,0.95,5,-0.016161596160330065,8.960593768854451e-14,30
model_5,1.2,-0.4,0.95,6,-0.01616161501868552,2.9259081777199617e-16,30
model_5,1.2,-0.4,0.95,7,-0.016161616096305773,9.553985246530048e-19,30
model_5,1.2,-0.4,0.95,8,-0.0161616161578841,3.119668032080094e-21,30
model_5,1.2,-0.4,0.95,9,-0.016161616161402888,1.0186736424717569e-23,30
model_5,1.2,-0.4,0.95,10,-0.016161616161604032,3.327140891402763e-26,30
model_5,1.2,-0.4,0.95,11,-0.0161616161616155,1.0797850054453046e-28,30
model_5,1.2,-0.4,0.95,12,-0.016161616161616116,3.3221569316950675e-31,30
model_5,1.2,-0.4,0.95,13,-0.016161616161616103,4.7113061264572754e-33,30
model_5,1.2,-0.4,0.95,14,-0.016161616161616103,4.7113061264572754e-33,30
model_5,1.2,-0.4,0.95,15,-0.016161616161616103,4.7113061264572754e-33,30
model_5,1.2,-0.4,0.95,16,-0.016161616161616103,4.7113061264572754e-33,30
model_5,1.2,-0.4,0.95,17,-0.016161616161616103,4.7113061264572754e-33,30
model_5,1.2,-0.4,0.95,18,-0.016161616161616103,4.7113061264572754e-33,30
model_5,1.2,-0.4,0.95,19,-0.016161616161616103,4.7113061264572754e-33,30
model_5,1.2,-0.4,0.95,20,-0.016161616161616103,4.7113061264572754e-33,30
model_5,1.2,-0.4,1.2999999999999998,0,0.016666666666666666,0.24138888888888888,30
model_5,1.2,-0.4,1.2999999999999998,1,0.0,0.0,30
model_5,1.2,-0.4,1.2999999999999998,2,0.0,0.0,30
model_5,1.2,-0.4,1.2999999999999998,3,0.0,0.0,30
model_5,1.2,-0.4,1.2999999999999998,4,0.0,0.0,30
model_5,1.2,-0.4,1.2999999999999998,5,0.0,0.0,30
model_5,1.2,-0.4,1.2999999999999998,6,0.0,0.0,30
model_5,1.2,-0.4,1.2999999999999998,7,0.0,0.0,30
model_5,1.2,-0.4,1.2999999999999998,8,0.0,0.0,30
model_5,1.2,-0.4,1.2999999999999998,9,0.0,0.0,30
model_5,1.2,-0.4,1.2999999999999998,10,0.0,0.0,30
model_5,1.2,-0.4,1.2999999999999998,11,0.0,0.0,30
model_5,1.2,-0.4,1.2999999999999998,12,0.0,0.0,30
model_5,1.2,-0.4,1.2999999999999998,13,0.0,0.0,30
model_5,1.2,-0.4,1.2999999999999998,14,0.0,0.0,30
model_5,1.2,-0.4,1.2999999999999998,15,0.0,0.0,30
model_5,1.2,-0.4,1.2999999999999998,16,0.0,0.0,30
model_5,1.2,-0.4,1.2999999999999998,17,0.0,0.0,30
model_5,1.2,-0.4,1.2999999999999998,18,0.0,0.0,30
model_5,1.2,-0.4,1.2999999999999998,19,0.0,0.0,30
model_5,1.2,-0.4,1.2999999999999998,20,0.0,0.0,30
model_5,1.2,-0.4,1.65,0,0.016666666666666666,0.24138888888888888,30
model_5,1.2,-0.4,1.65,1,0.0,0.0,30
model_5,1.2,-0.4,1.65,2,0.0,0.0,30
model_5,1.2,-0.4,1.65,3,0.0,0.0,30
model_5,1.2,-0.4,1.65,4,0.0,0.0,30
model_5,1.2,-0.4,1.65,5,0.0,0.0,30
model_5,1.2,-0.4,1.65,6,0.0,0.0,30
model_5,1.2,-0.4,1.65,7,0.0,0.0,30
model_5,1.2,-0.4,1.65,8,0.0,0.0,30
model_5,1.2,-0.4,1.65,9,0.0,0.0,30
model_5,1.2,-0.4,1.65,10,0.0,0.0,30
model_5,1.2,-0.4,1.65,11,0.0,0.0,30
model_5,1.2,-0.4,1.65,12,0.0,0.0,30
model_5,1.2,-0.4,1.65,13,0.0,0.0,30
model_5,1.2,-0.4,1.65,14,0.0,0.0,30
model_5,1.2,-0.4,1.65,15,0.0,0.0,30
model_5,1.2,-0.4,1.65,16,0.0,0.0,30
model_5,1.2,-0.4,1.65,17,0.0,0.0,30
model_5,1.2,-0.4,1.65,18,0.0,0.0,30
model_5,1.2,-0.4,1.65,19,0.0,0.0,30
model_5,1.2,-0.4,1.65,20,0.0,0.0,30
model_5,1.2,-0.4,2.0,0,0.016666666666666666,0.24138888888888888,30
model_5,1.2,-0.4,2.0,1,0.0,0.0,30
model_5,1.2,-0.4,2.0,2,0.0,0.0,30
model_5,1.2,-0.4,2.0,3,0.0,0.0,30
model_5,1.2,-0.4,2.0,4,0.0,0.0,30
model_5,1.2,-0.4,2.0,5,0.0,0.0,30
model_5,1.2,-0.4,2.0,6,0.0,0.0,30
model_5,1.2,-0.4,2.0,7,0.0,0.0,30
model_5,1.2,-0.4,2.0,8,0.0,0.0,30
model_5,1.2,-0.4,2.0,9,0.0,0.0,30
model_5,1.2,-0.4,2.0,10,0.0,0.0,30
model_5,1.2,-0.4,2.0,11,0.0,0.0,30
model_5,1.2,-0.4,2.0,12,0.0,0.0,30
model_5,1.2,-0.4,2.0,13,0.0,0.0,30
model_5,1.2,-0.4,2.0,14,0.0,0.0,30
model_5,1.2,-0.4,2.0,15,0.0,0.0,30
model_5,1.2,-0.4,2.0,16,0.0,0.0,30
model_5,1.2,-0.4,2.0,17,0.0,0.0,30
model_5,1.2,-0.4,2.0,18,0.0,0.0,30
model_5,1.2,-0.4,2.0,19,0.0,0.0,30
model_5,1.2,-0.4,2.0,20,0.0,0.0,30
model_5,1.2,-0.2,0.6,0,0.016666666666666666,0.24138888888888888,30
model_5,1.2,-0.2,0.6,1,-0.015238095238095191,0.050445351473922886,30
model_5,1.2,-0.2,0.6,2,-0.029823129251700657,0.010542048961081026,30
model_5,1.2,-0.2,0.6,3,-0.03649057337220594,0.0022030730890095825,30
model_5,1.2,-0.2,0.6,4,-0.03953854782729419,0.0004603973149277151,30
model_5,1.2,-0.2,0.6,5,-0.04093190757819161,9.621364295632214e-05,30
model_5,1.2,-0.2,0.6,6,-0.04156887203574469,2.0106687834137887e-05,30
model_5,1.2,-0.2,0.6,7,-0.04186005578776899,4.201887416766592e-06,30
model_5,1.2,-0.2,0.6,8,-0.041993168360123005,8.781087172998657e-07,30
model_5,1.2,-0.2,0.6,9,-0.042054019821770434,1.8350680132961291e-07,30
model_5,1.2,-0.2,0.6,10,-0.04208183763280933,3.834917644112022e-08,30
model_5,1.2,-0.2,0.6,11,-0.04209455434642706,8.014195239934671e-09,30
model_5,1.2,-0.2,0.6,12,-0.042100367701223704,1.6748032501427896e-09,30
model_5,1.2,-0.2,0.6,13,-0.04210302523484507,3.4999969962206484e-10,30
model_5,1.2,-0.2,0.6,14,-0.0421042401073576,7.314279437006489e-11,30
model_5,1.2,-0.2,0.6,15,-0.042104795477649205,1.5285351313487052e-11,30
model_5,1.2,-0.2,0.6,16,-0.04210504936121099,3.1943264785603956e-12,30
model_5,1.2,-0.2,0.6,17,-0.04210516542226783,6.675490436829222e-13,30
model_5,1.2,-0.2,0.6,18,-0.042105218478751025,1.3950412672119447e-13,30
model_5,1.2,-0.2,0.6,19,-0.042105242733143325,2.915351544043257e-14,30
model_5,1.2,-0.2,0.6,20,-0.04210525382086543,6.0924897568609566e-15,30
model_5,1.2,-0.2,0.95,0,0.016666666666666666,0.24138888888888888,30
model_5,1.2,-0.2,0.95,1,-0.0025396825396825475,0.0014012597631645274,30
model_5,1.2,-0.2,0.95,2,-0.004003023431594871,8.134297037870878e-06,30
model_5,1.2,-0.2,0.95,3,-0.004114516070978608,4.7219502079240285e-08,30
model_5,1.2,-0.2,0.95,4,-0.00412301074826504,2.74108674200889e-10,30
model_5,1.2,-0.2,0.95,5,-0.0041236579617726365,1.5911977459127716e-12,30
model_5,1.2,-0.2,0.95,6,-0.004123707273277872,9.236884879195197e-15,30
model_5,1.2,-0.2,0.95,7,-0.004123711030345003,5.362001177607117e-17,30
model_5,1.2,-0.2,0.95,8,-0.004123711316597752,3.112635762830702e-19,30
model_5,1.2,-0.2,0.95,9,-0.004123711338407428,1.8068843865610807e-21,30
model_5,1.2,-0.2,0.95,10,-0.0041237113400691364,1.048908709080929e-23,30
model_5,1.2,-0.2,0.95,11,-0.004123711340195722,6.088176846231179e-26,30
model_5,1.2,-0.2,0.95,12,-0.004123711340205342,3.531189848707367e-28,30
model_5,1.2,-0.2,0.95,13,-0.004123711340206153,2.0901390948807218e-30,30
model_5,1.2,-0.2,0.95,14,-0.0041237113402061674,1.1901444585502956e-32,30
model_5,1.2,-0.2,0.95,15,-0.004123711340206171,0.0,30
model_5,1.2,-0.2,0.95,16,-0.004123711340206171,0.0,30
model_5,1.2,-0.2,0.95,17,-0.004123711340206171,0.0,30
model_5,1.2,-0.2,0.95,18,-0.004123711340206171,0.0,30
model_5,1.2,-0.2,0.95,19,-0.004123711340206171,0.0,30
model_5,1.2,-0.2,0.95,20,-0.004123711340206171,0.0,30
model_5,1.2,-0.2,1.2999999999999998,0,0.016666666666666666,0.24138888888888888,30
model_5,1.2,-0.2,1.2999999999999998,1,0.0,0.0,30
model_5,1.2,-0.2,1.2999999999999998,2,0.0,0.0,30
model_5,1.2,-0.2,1.2999999999999998,3,0.0,0.0,30
model_5,1.2,-0.2,1.2999999999999998,4,0.0,0.0,30
model_5,1.2,-0.2,1.2999999999999998,5,0.0,0.0,30
model_5,1.2,-0.2,1.2999999999999998,6,0.0,0.0,30
model_5,1.2,-0.2,1.2999999999999998,7,0.0,0.0,30
model_5,1.2,-0.2,1.2999999999999998,8,0.0,0.0,30
model_5,1.2,-0.2,1.2999999999999998,9,0.0,0.0,30
model_5,1.2,-0.2,1.2999999999999998,10,0.0,0.0,30
model_5,1.2,-0.2,1.2999999999999998,11,0.0,0.0,30
model_5,1.2,-0.2,1.2999999999999998,12,0.0,0.0,30
model_5,1.2,-0.2,1.2999999999999998,13,0.0,0.0,30
model_5,1.2,-0.2,1.2999999999999998,14,0.0,0.0,30
model_5,1.2,-0.2,1.2999999999999998,15,0.0,0.0,30
model_5,1.2,-0.2,1.2999999999999998,16,0.0,0.0,30
model_5,1.2,-0.2,1.2999999999999998,17,0.0,0.0,30
model_5,1.2,-0.2,1.2999999999999998,18,0.0,0.0,30
model_5,1.2,-0.2,1.2999999999999998,19,0.0,0.0,30
model_5,1.2,-0.2,1.2999999999999998,20,0.0,0.0,30
model_5,1.2,-0.2,1.65,0,0.016666666666666666,0.24138888888888888,30
model_5,1.2,-0.2,1.65,1,0.0,0.0,30
model_5,1.2,-0.2,1.65,2,0.0,0.0,30
model_5,1.2,-0.2,1.65,3,0.0,0.0,30
model_5,1.2,-0.2,1.65,4,0.0,0.0,30
model_5,1.2,-0.2,1.65,5,0.0,0.0,30
model_5,1.2,-0.2,1.65,6,0.0,0.0,30
model_5,1.2,-0.2,1.65,7,0.0,0.0,30
model_5,1.2,-0.2,1.65,8,0.0,0.0,30
model_5,1.2,-0.2,1.65,9,0.0,0.0,30
model_5,1.2,-0.2,1.65,10,0.0,0.0,30
model_5,1.2,-0.2,1.65,11,0.0,0.0,30
model_5,1.2,-0.2,1.65,12,0.0,0.0,30
model_5,1.2,-0.2,1.65,13,0.0,0.0,30
model_5,1.2,-0.2,1.65,14,0.0,0.0,30
model_5,1.2,-0.2,1.65,15,0.0,0.0,30
model_5,1.2,-0.2,1.65,16,0.0,0.0,30
model_5,1.2,-0.2,1.65,17,0.0,0.0,30
model_5,1.2,-0.2,1.65,18,0.0,0.0,30
model_5,1.2,-0.2,1.65,19,0.0,0.0,30
model_5,1.2,-0.2,1.65,20,0.0,0.0,30
model_5,1.2,-0.2,2.0,0,0.016666666666666666,0.24138888888888888,30
model_5,1.2,-0.2,2.0,1,0.0,0.0,30
model_5,1.2,-0.2,2.0,2,0.0,0.0,30
model_5,1.2,-0.2,2.0,3,0.0,0.0,30
model_5,1.2,-0.2,2.0,4,0.0,0.0,30
model_5,1.2,-0.2,2.0,5,0.0,0.0,30
model_5,1.2,-0.2,2.0,6,0.0,0.0,30
model_5,1.2,-0.2,2.0,7,0.0,0.0,30
model_5,1.2,-0.2,2.0,8,0.0,0.0,30
model_5,1.2,-0.2,2.0,9,0.0,0.0,30
model_5,1.2,-0.2,2.0,10,0.0,0.0,30
model_5,1.2,-0.2,2.0,11,0.0,0.0,30
model_5,1.2,-0.2,2.0,12,0.0,0.0,30
model_5,1.2,-0.2,2.0,13,0.0,0.0,30
model_5,1.2,-0.2,2.0,14,0.0,0.0,30
model_5,1.2,-0.2,2.0,15,0.0,0.0,30
model_5,1.2,-0.2,2.0,16,0.0,0.0,30
model_5,1.2,-0.2,2.0,17,0.0,0.0,30
model_5,1.2,-0.2,2.0,18,0.0,0.0,30
model_5,1.2,-0.2,2.0,19,0.0,0.0,30
model_5,1.2,-0.2,2.0,20,0.0,0.0,30
model_5,1.2,0.0,0.6,0,0.016666666666666666,0.24138888888888888,30
model_5,1.2,0.0,0.6,1,0.009523809523809493,0.07882086167800455,30
model_5,1.2,0.0,0.6,2,0.0054421768707483605,0.025737424221389242,30
model_5,1.2,0.0,0.6,3,0.0031098153547133743,0.00840405688861689,30
model_5,1.2,0.0,0.6,4,0.0017770373455504955,0.002744181841181026,30
model_5,1.2,0.0,0.6,5,0.0010154499117431528,0.0008960593767121711,30
model_5,1.2,0.0,0.6,6,0.0005802570924246409,0.0002925908168856063,30
model_5,1.2,0.0,0.6,7,0.0003315754813855709,9.553985857489232e-05,30
model_5,1.2,0.0,0.6,8,0.00018947170364889133,3.11966885142499e-05,30
model_5,1.2,0.0,0.6,9,0.00010826954494220775,1.0186673800571696e-05,30
model_5,1.2,0.0,0.6,10,6.186831139557795e-05,3.326260832839751e-06,30
model_5,1.2,0.0,0.6,11,3.53533207974858e-05,1.0861259862333636e-06,30
model_5,1.2,0.0,0.6,12,2.0201897598515207e-05,3.5465338325986934e-07,30
model_5,1.2,0.0,0.6,13,1.1543941484881692e-05,1.1580518637053774e-07,30
model_5,1.2,0.0,0.6,14,6.5965379913916305e-06,3.781393840670768e-08,30
model_5,1.2,0.0,0.6,15,3.769450280806848e-06,1.2347408459323586e-08,30
model_5,1.2,0.0,0.6,16,2.153971588984375e-06,4.0318068438602864e-09,30
model_5,1.2,0.0,0.6,17,1.2308409079767971e-06,1.3165083571763273e-09,30
model_5,1.2,0.0,0.6,18,7.03337661748608e-07,4.298802798938201e-10,30
model_5,1.2,0.0,0.6,19,4.0190723523680914e-07,1.4036907098564838e-10,30
model_5,1.2,0.0,0.6,20,2.2966127732522897e-07,4.5834798688820014e-11,30
model_5,1.2,0.0,0.95,0,0.016666666666666666,0.24138888888888888,30
model_5,1.2,0.0,0.95,1,0.001587301587301589,0.0021894683799445753,30
model_5,1.2,0.0,0.95,2,0.00015117157974300726,1.985912362761487e-05,30
model_5,1.2,0.0,0.95,3,1.4397293308858009e-05,1.8012810546589893e-07,30
model_5,1.2,0.0,0.95,4,1.37117079128668e-06,1.6338150155575223e-09,30
model_5,1.2,0.0,0.95,5,1.3058769438023532e-07,1.4819183814491365e-11,30
model_5,1.2,0.0,0.95,6,1.2436923276422836e-08,1.3441436564717285e-13,30
model_5,1.2,0.0,0.95,7,1.1844688822352603e-09,1.2191779171627894e-15,30
model_5,1.2,0.0,0.95,8,1.1280656038910782e-10,1.1058303138067823e-17,30
model_5,1.2,0.0,0.95,9,1.0743480179561024e-11,1.0030203637433126e-19,30
model_5,1.2,0.0,0.95,10,1.0231889409813752e-12,9.09769664174585e-22,30
model_5,1.2,0.0,0.95,11,9.741466892402665e-14,8.251648276688153e-24,30
model_5,1.2,0.0,0.95,12,9.311070433189645e-15,7.484553693999509e-26,30
model_5,1.2,0.0,0.95,13,8.844776762847081e-16,6.798193603061712e-28,30
model_5,1.2,0.0,0.95,14,8.511709855459534e-17,6.295835885260492e-30,30
model_5,1.2,0.0,0.95,15,7.401486830834377e-18,4.760556434979578e-32,30
model_5,1.2,0.0,0.95,16,0.0,0.0,30
model_5,1.2,0.0,0.95,17,0.0,0.0,30
model_5,1.2,0.0,0.95,18,0.0,0.0,30
model_5,1.2,0.0,0.95,19,0.0,0.0,30
model_5,1.2,0.0,0.95,20,0.0,0.0,30
model_5,1.2,0.0,1.2999999999999998,0,0.016666666666666666,0.24138888888888888,30
model_5,1.2,0.0,1.2999999999999998,1,0.0,0.0,30
model_5,1.2,0.0,1.2999999999999998,2,0.0,0.0,30
model_5,1.2,0.0,1.2999999999999998,3,0.0,0.0,30
model_5,1.2,0.0,1.2999999999999998,4,0.0,0.0,30
model_5,1.2,0.0,1.2999999999999998,5,0.0,0.0,30
model_5,1.2,0.0,1.2999999999999998,6,0.0,0.0,30
model_5,1.2,0.0,1.2999999999999998,7,0.0,0.0,30
model_5,1.2,0.0,1.2999999999999998,8,0.0,0.0,30
model_5,1.2,0.0,1.2999999999999998,9,0.0,0.0,30
model_5,1.2,0.0,1.2999999999999998,10,0.0,0.0,30
model_5,1.2,0.0,1.2999999999999998,11,0.0,0.0,30
model_5,1.2,0.0,1.2999999999999998,12,0.0,0.0,30
model_5,1.2,0.0,1.2999999999999998,13,0.0,0.0,30
model_5,1.2,0.0,1.2999999999999998,14,0.0,0.0,30
model_5,1.2,0.0,1.2999999999999998,15,0.0,0.0,30
model_5,1.2,0.0,1.2999999999999998,16,0.0,0.0,30
model_5,1.2,0.0,1.2999999999999998,17,0.0,0.0,30
model_5,1.2,0.0,1.2999999999999998,18,0.0,0.0,30
model_5,1.2,0.0,1.2999999999999998,19,0.0,0.0,30
model_5,1.2,0.0,1.2999999999999998,20,0.0,0.0,30
model_5,1.2,0.0,1.65,0,0.016666666666666666,0.24138888888888888,30
model_5,1.2,0.0,1.65,1,0.0,0.0,30
model_5,1.2,0.0,1.65,2,0.0,0.0,30
model_5,1.2,0.0,1.65,3,0.0,0.0,30
model_5,1.2,0.0,1.65,4,0.0,0.0,30
model_5,1.2,0.0,1.65,5,0.0,0.0,30
model_5,1.2,0.0,1.65,6,0.0,0.0,30
model_5,1.2,0.0,1.65,7,0.0,0.0,30
model_5,1.2,0.0,1.65,8,0.0,0.0,30
model_5,1.2,0.0,1.65,9,0.0,0.0,30
model_5,1.2,0.0,1.65,10,0.0,0.0,30
model_5,1.2,0.0,1.65,11,0.0,0.0,30
model_5,1.2,0.0,1.65,12,0.0,0.0,30
model_5,1.2,0.0,1.65,13,0.0,0.0,30
model_5,1.2,0.0,1.65,14,0.0,0.0,30
model_5,1.2,0.0,1.65,15,0.0,0.0,30
model_5,1.2,0.0,1.65,16,0.0,0.0,30
model_5,1.2,0.0,1.65,17,0.0,0.0,30
model_5,1.2,0.0,1.65,18,0.0,0.0,30
model_5,1.2,0.0,1.65,19,0.0,0.0,30
model_5,1.2,0.0,1.65,20,0.0,0.0,30
model_5,1.2,0.0,2.0,0,0.016666666666666666,0.24138888888888888,30
model_5,1.2,0.0,2.0,1,0.0,0.0,30
model_5,1.2,0.0,2.0,2,0.0,0.0,30
model_5,1.2,0.0,2.0,3,0.0,0.0,30
model_5,1.2,0.0,2.0,4,0.0,0.0,30
model_5,1.2,0.0,2.0,5,0.0,0.0,30
model_5,1.2,0.0,2.0,6,0.0,0.0,30
model_5,1.2,0.0,2.0,7,0.0,0.0,30
model_5,1.2,0.0,2.0,8,0.0,0.0,30
model_5,1.2,0.0,2.0,9,0.0,0.0,30
model_5,1.2,0.0,2.0,10,0.0,0.0,30
model_5,1.2,0.0,2.0,11,0.0,0.0,30
model_5,1.2,0.0,2.0,12,0.0,0.0,30
model_5,1.2,0.0,2.0,13,0.0,0.0,30
model_5,1.2,0.0,2.0,14,0.0,0.0,30
model_5,1.2,0.0,2.0,15,0.0,0.0,30
model_5,1.2,0.0,2.0,16,0.0,0.0,30
model_5,1.2,0.0,2.0,17,0.0,0.0,30
model_5,1.2,0.0,2.0,18,0.0,0.0,30
model_5,1.2,0.0,2.0,19,0.0,0.0,30
model_5,1.2,0.0,2.0,20,0.0,0.0,30
model_5,1.2,0.20000000000000007,0.6,0,0.016666666666666666,0.24138888888888888,30
model_5,1.2,0.20000000000000007,0.6,1,0.03047619047619056,0.05044535147392292,30
model_5,1.2,0.20000000000000007,0.6,2,0.03678911564625859,0.010542048961081038,30
model_5,1.2,0.20000000000000007,0.6,3,0.03967502429543251,0.002203073089009585,30
model_5,1.2,0.20000000000000007,0.6,4,0.04099429682076916,0.0004603973149277186,30
model_5,1.2,0.20000000000000007,0.6,5,0.041597392832351636,9.62136429563232e-05,30
model_5,1.2,0.20000000000000007,0.6,6,0.04187309386621804,2.0106687834137887e-05,30
model_5,1.2,0.20000000000000007,0.6,7,0.041999128624556896,4.201887416766705e-06,30
model_5,1.2,0.20000000000000007,0.6,8,0.04205674451408318,8.781087172997122e-07,30
model_5,1.2,0.20000000000000007,0.6,9,0.04208308320643802,1.8350680132961225e-07,30
model_5,1.2,0.20000000000000007,0.6,10,0.04209512375151454,3.8349176441130866e-08,30
model_5,1.2,0.20000000000000007,0.6,11,0.04210062800069243,8.014195239934569e-09,30
model_5,1.2,0.20000000000000007,0.6,12,0.04210314422888794,1.6748032501405341e-09,30
model_5,1.2,0.20000000000000007,0.6,13,0.042104294504634515,3.4999969962306066e-10,30
model_5,1.2,0.20000000000000007,0.6,14,0.04210482034497577,7.314279436865734e-11,30
model_5,1.2,0.20000000000000007,0.6,15,0.04210506072913182,1.5285351313484108e-11,30
model_5,1.2,0.20000000000000007,0.6,16,0.0421051706190318,3.1943264784618964e-12,30
model_5,1.2,0.20000000000000007,0.6,17,0.04210522085441455,6.675490436819991e-13,30
model_5,1.2,0.20000000000000007,0.6,18,0.04210524381916096,1.395041267007508e-13,30
model_5,1.2,0.20000000000000007,0.6,19,0.042105254317330795,2.915351544043257e-14,30
model_5,1.2,0.20000000000000007,0.6,20,0.04210525911649416,6.0924897568609566e-15,30
model_5,1.2,0.20000000000000007,0.95,0,0.016666666666666666,0.24138888888888888,30
model_5,1.2,0.20000000000000007,0.95,1,0.0050793650793650395,0.0014012597631645274,30
model_5,1.2,0.20000000000000007,0.95,2,0.004196523053665839,8.13429703787103e-06,30
model_5,1.2,0.20000000000000007,0.95,3,0.004129258899326938,4.72195020792402e-08,30
model_5,1.2,0.20000000000000007,0.95,4,0.0041241340113772566,2.7410867419999526e-10,30
model_5,1.2,0.20000000000000007,0.95,5,0.0041237435437240155,1.591197745982291e-12,30
model_5,1.2,0.20000000000000007,0.95,6,0.0041237137938075225,9.236884873970878e-15,30
model_5,1.2,0.20000000000000007,0.95,7,0.00412371152714723,5.3620012185145805e-17,30
model_5,1.2,0.20000000000000007,0.95,8,0.004123711354449374,3.112636072405508e-19,30
model_5,1.2,0.20000000000000007,0.95,9,0.0041237113412914105,1.8068797973085305e-21,30
model_5,1.2,0.20000000000000007,0.95,10,0.004123711340288845,1.048890738885656e-23,30
model_5,1.2,0.20000000000000007,0.95,11,0.004123711340212543,6.089518129927921e-26,30
model_5,1.2,0.20000000000000007,0.95,12,0.004123711340206648,3.5413539660568174e-28,30
model_5,1.2,0.20000000000000007,0.95,13,0.004123711340206282,2.1701892194673876e-30,30
model_5,1.2,0.20000000000000007,0.95,14,0.004123711340206174,1.1901444585502956e-32,30
model_5,1.2,0.20000000000000007,0.95,15,0.004123711340206171,0.0,30
model_5,1.2,0.20000000000000007,0.95,16,0.004123711340206171,0.0,30
model_5,1.2,0.20000000000000007,0.95,17,0.004123711340206171,0.0,30
model_5,1.2,0.20000000000000007,0.95,18,0.004123711340206171,0.0,30
model_5,1.2,0.20000000000000007,0.95,19,0.004123711340206171,0.0,30
model_5,1.2,0.20000000000000007,0.95,20,0.004123711340206171,0.0,30
model_5,1.2,0.20000000000000007,1.2999999999999998,0,0.016666666666666666,0.24138888888888888,30
model_5,1.2,0.20000000000000007,1.2999999999999998,1,0.0,0.0,30
model_5,1.2,0.20000000000000007,1.2999999999999998,2,0.0,0.0,30
model_5,1.2,0.20000000000000007,1.2999999999999998,3,0.0,0.0,30
model_5,1.2,0.20000000000000007,1.2999999999999998,4,0.0,0.0,30
model_5,1.2,0.20000000000000007,1.2999999999999998,5,0.0,0.0,30
model_5,1.2,0.20000000000000007,1.2999999999999998,6,0.0,0.0,30
model_5,1.2,0.20000000000000007,1.2999999999999998,7,0.0,0.0,30
model_5,1.2,0.20000000000000007,1.2999999999999998,8,0.0,0.0,30
model_5,1.2,0.20000000000000007,1.2999999999999998,9,0.0,0.0,30
model_5,1.2,0.20000000000000007,1.2999999999999998,10,0.0,0.0,30
model_5,1.2,0.20000000000000007,1.2999999999999998,11,0.0,0.0,30
model_5,1.2,0.20000000000000007,1.2999999999999998,12,0.0,0.0,30
model_5,1.2,0.20000000000000007,1.2999999999999998,13,0.0,0.0,30
model_5,1.2,0.20000000000000007,1.2999999999999998,14,0.0,0.0,30
model_5,1.2,0.20000000000000007,1.2999999999999998,15,0.0,0.0,30
model_5,1.2,0.20000000000000007,1.2999999999999998,16,0.0,0.0,30
model_5,1.2,0.20000000000000007,1.2999999999999998,17,0.0,0.0,30
model_5,1.2,0.20000000000000007,1.2999999999999998,18,0.0,0.0,30
model_5,1.2,0.20000000000000007,1.2999999999999998,19,0.0,0.0,30
model_5,1.2,0.20000000000000007,1.2999999999999998,20,0.0,0.0,30
model_5,1.2,0.20000000000000007,1.65,0,0.016666666666666666,0.24138888888888888,30
model_5,1.2,0.20000000000000007,1.65,1,0.0,0.0,30
model_5,1.2,0.20000000000000007,1.65,2,0.0,0.0,30
model_5,1.2,0.20000000000000007,1.65,3,0.0,0.0,30
model_5,1.2,0.20000000000000007,1.65,4,0.0,0.0,30
model_5,1.2,0.20000000000000007,1.65,5,0.0,0.0,30
model_5,1.2,0.20000000000000007,1.65,6,0.0,0.0,30
model_5,1.2,0.20000000000000007,1.65,7,0.0,0.0,30
model_5,1.2,0.20000000000000007,1.65,8,0.0,0.0,30
model_5,1.2,0.20000000000000007,1.65,9,0.0,0.0,30
model_5,1.2,0.20000000000000007,1.65,10,0.0,0.0,30
model_5,1.2,0.20000000000000007,1.65,11,0.0,0.0,30
model_5,1.2,0.20000000000000007,1.65,12,0.0,0.0,30
model_5,1.2,0.20000000000000007,1.65,13,0.0,0.0,30
model_5,1.2,0.20000000000000007,1.65,14,0.0,0.0,30
model_5,1.2,0.20000000000000007,1.65,15,0.0,0.0,30
model_5,1.2,0.20000000000000007,1.65,16,0.0,0.0,30
model_5,1.2,0.20000000000000007,1.65,17,0.0,0.0,30
model_5,1.2,0.20000000000000007,1.65,18,0.0,0.0,30
model_5,1.2,0.20000000000000007,1.65,19,0.0,0.0,30
model_5,1.2,0.20000000000000007,1.65,20,0.0,0.0,30
model_5,1.2,0.20000000000000007,2.0,0,0.016666666666666666,0.24138888888888888,30
model_5,1.2,0.20000000000000007,2.0,1,0.0,0.0,30
model_5,1.2,0.20000000000000007,2.0,2,0.0,0.0,30
model_5,1.2,0.20000000000000007,2.0,3,0.0,0.0,30
model_5,1.2,0.20000000000000007,2.0,4,0.0,0.0,30
model_5,1.2,0.20000000000000007,2.0,5,0.0,0.0,30
model_5,1.2,0.20000000000000007,2.0,6,0.0,0.0,30
model_5,1.2,0.20000000000000007,2.0,7,0.0,0.0,30
model_5,1.2,0.20000000000000007,2.0,8,0.0,0.0,30
model_5,1.2,0.20000000000000007,2.0,9,0.0,0.0,30
model_5,1.2,0.20000000000000007,2.0,10,0.0,0.0,30
model_5,1.2,0.20000000000000007,2.0,11,0.0,0.0,30
model_5,1.2,0.20000000000000007,2.0,12,0.0,0.0,30
model_5,1.2,0.20000000000000007,2.0,13,0.0,0.0,30
model_5,1.2,0.20000000000000007,2.0,14,0.0,0.0,30
model_5,1.2,0.20000000000000007,2.0,15,0.0,0.0,30
model_5,1.2,0.20000000000000007,2.0,16,0.0,0.0,30
model_5,1.2,0.20000000000000007,2.0,17,0.0,0.0,30
model_5,1.2,0.20000000000000007,2.0,18,0.0,0.0,30
model_5,1.2,0.20000000000000007,2.0,19,0.0,0.0,30
model_5,1.2,0.20000000000000007,2.0,20,0.0,0.0,30
model_5,1.2,0.4,0.6,0,0.016666666666666666,0.24138888888888888,30
model_5,1.2,0.4,0.6,1,0.09714285714285718,0.028375510204081633,30
model_5,1.2,0.4,0.6,2,0.12473469387755105,0.0033355701790920432,30
model_5,1.2,0.4,0.6,3,0.13419475218658902,0.00039209967819531005,30
model_5,1.2,0.4,0.6,4,0.13743820074968768,4.609171727357042e-05,30
model_5,1.2,0.4,0.6,5,0.13855024025703583,5.4181283978726805e-06,30
model_5,1.2,0.4,0.6,6,0.13893151094526948,6.369065218724124e-07,30
model_5,1.2,0.4,0.6,7,0.13906223232409237,7.486901155071723e-08,30
model_5,1.2,0.4,0.6,8,0.13910705108254592,8.800928704729173e-09,30
model_5,1.2,0.4,0.6,9,0.13912241751401583,1.0345581497819248e-09,30
model_5,1.2,0.4,0.6,10,0.13912768600480543,1.216133661795535e-10,30
model_5,1.2,0.4,0.6,11,0.13912949234450475,1.4295775289889282e-11,30
model_5,1.2,0.4,0.6,12,0.13913011166097303,1.6804829726134064e-12,30
model_5,1.2,0.4,0.6,13,0.1391303239980479,1.9754248823823187e-13,30
model_5,1.2,0.4,0.6,14,0.13913039679933076,2.3221321078208503e-14,30
model_5,1.2,0.4,0.6,15,0.13913042175977053,2.7296899915190897e-15,30
model_5,1.2,0.4,0.6,16,0.13913043031763558,3.2087784250304302e-16,30
model_5,1.2,0.4,0.6,17,0.1391304332517608,3.771951788534226e-17,30
model_5,1.2,0.4,0.6,18,0.1391304342577466,4.4339678419371606e-18,30
model_5,1.2,0.4,0.6,19,0.13913043460265587,5.212173924343582e-19,30
model_5,1.2,0.4,0.6,20,0.13913043472091058,6.126960618417006e-20,30
model_5,1.2,0.4,0.95,0,0.016666666666666666,0.24138888888888888,30
model_5,1.2,0.4,0.95,1,0.016190476190476224,0.0007882086167800459,30
model_5,1.2,0.4,0.95,2,0.016163265306122426,2.573742422138984e-06,30
model_5,1.2,0.4,0.95,3,0.01616171039844504,8.404056888613346e-09,30
model_5,1.2,0.4,0.95,4,0.016161621546577794,2.744181841241926e-11,30
model_5,1.2,0.4,0.95,5,0.01616161646932828,8.960593767215998e-14,30
model_5,1.2,0.4,0.95,6,0.016161616179199735,2.9259081682929516e-16,30
model_5,1.2,0.4,0.95,7,0.016161616162620865,9.553985246530048e-19,30
model_5,1.2,0.4,0.95,8,0.016161616161673564,3.1196710892516687e-21,30
model_5,1.2,0.4,0.95,9,0.016161616161619447,1.018691112281436e-23,30
model_5,1.2,0.4,0.95,10,0.01616161616161636,3.327120797132441e-26,30
model_5,1.2,0.4,0.95,11,0.016161616161616172,1.074100559016781e-28,30
model_5,1.2,0.4,0.95,12,0.016161616161616123,3.615090876236366e-31,30
model_5,1.2,0.4,0.95,13,0.016161616161616207,4.7113061264572754e-33,30
model_5,1.2,0.4,0.95,14,0.016161616161616266,0.0,30
model_5,1.2,0.4,0.95,15,0.016161616161616266,0.0,30
model_5,1.2,0.4,0.95,16,0.016161616161616266,0.0,30
model_5,1.2,0.4,0.95,17,0.016161616161616266,0.0,30
model_5,1.2,0.4,0.95,18,0.016161616161616266,0.0,30
model_5,1.2,0.4,0.95,19,0.016161616161616266,0.0,30
model_5,1.2,0.4,0.95,20,0.016161616161616266,0.0,30
model_5,1.2,0.4,1.2999999999999998,0,0.016666666666666666,0.24138888888888888,30
model_5,1.2,0.4,1.2999999999999998,1,0.0,0.0,30
model_5,1.2,0.4,1.2999999999999998,2,0.0,0.0,30
model_5,1.2,0.4,1.2999999999999998,3,0.0,0.0,30
model_5,1.2,0.4,1.2999999999999998,4,0.0,0.0,30
model_5,1.2,0.4,1.2999999999999998,5,0.0,0.0,30
model_5,1.2,0.4,1.2999999999999998,6,0.0,0.0,30
model_5,1.2,0.4,1.2999999999999998,7,0.0,0.0,30
model_5,1.2,0.4,1.2999999999999998,8,0.0,0.0,30
model_5,1.2,0.4,1.2999999999999998,9,0.0,0.0,30
model_5,1.2,0.4,1.2999999999999998,10,0.0,0.0,30
model_5,1.2,0.4,1.2999999999999998,11,0.0,0.0,30
model_5,1.2,0.4,1.2999999999999998,12,0.0,0.0,30
model_5,1.2,0.4,1.2999999999999998,13,0.0,0.0,30
model_5,1.2,0.4,1.2999999999999998,14,0.0,0.0,30
model_5,1.2,0.4,1.2999999999999998,15,0.0,0.0,30
model_5,1.2,0.4,1.2999999999999998,16,0.0,0.0,30
model_5,1.2,0.4,1.2999999999999998,17,0.0,0.0,30
model_5,1.2,0.4,1.2999999999999998,18,0.0,0.0,30
model_5,1.2,0.4,1.2999999999999998,19,0.0,0.0,30
model_5,1.2,0.4,1.2999999999999998,20,0.0,0.0,30
model_5,1.2,0.4,1.65,0,0.016666666666666666,0.24138888888888888,30
model_5,1.2,0.4,1.65,1,0.0,0.0,30
model_5,1.2,0.4,1.65,2,0.0,0.0,30
model_5,1.2,0.4,1.65,3,0.0,0.0,30
model_5,1.2,0.4,1.65,4,0.0,0.0,30
model_5,1.2,0.4,1.65,5,0.0,0.0,30
model_5,1.2,0.4,1.65,6,0.0,0.0,30
model_5,1.2,0.4,1.65,7,0.0,0.0,30
model_5,1.2,0.4,1.65,8,0.0,0.0,30
model_5,1.2,0.4,1.65,9,0.0,0.0,30
model_5,1.2,0.4,1.65,10,0.0,0.0,30
model_5,1.2,0.4,1.65,11,0.0,0.0,30
model_5,1.2,0.4,1.65,12,0.0,0.0,30
model_5,1.2,0.4,1.65,13,0.0,0.0,30
model_5,1.2,0.4,1.65,14,0.0,0.0,30
model_5,1.2,0.4,1.65,15,0.0,0.0,30
model_5,1.2,0.4,1.65,16,0.0,0.0,30
model_5,1.2,0.4,1.65,17,0.0,0.0,30
model_5,1.2,0.4,1.65,18,0.0,0.0,30
model_5,1.2,0.4,1.65,19,0.0,0.0,30
model_5,1.2,0.4,1.65,20,0.0,0.0,30
model_5,1.2,0.4,2.0,0,0.016666666666666666,0.24138888888888888,30
model_5,1.2,0.4,2.0,1,0.0,0.0,30
model_5,1.2,0.4,2.0,2,0.0,0.0,30
model_5,1.2,0.4,2.0,3,0.0,0.0,30
model_5,1.2,0.4,2.0,4,0.0,0.0,30
model_5,1.2,0.4,2.0,5,0.0,0.0,30
model_5,1.2,0.4,2.0,6,0.0,0.0,30
model_5,1.2,0.4,2.0,7,0.0,0.0,30
model_5,1.2,0.4,2.0,8,0.0,0.0,30
model_5,1.2,0.4,2.0,9,0.0,0.0,30
model_5,1.2,0.4,2.0,10,0.0,0.0,30
model_5,1.2,0.4,2.0,11,0.0,0.0,30
model_5,1.2,0.4,2.0,12,0.0,0.0,30
model_5,1.2,0.4,2.0,13,0.0,0.0,30
model_5,1.2,0.4,2.0,14,0.0,0.0,30
model_5,1.2,0.4,2.0,15,0.0,0.0,30
model_5,1.2,0.4,2.0,16,0.0,0.0,30
model_5,1.2,0.4,2.0,17,0.0,0.0,30
model_5,1.2,0.4,2.0,18,0.0,0.0,30
model_5,1.2,0.4,2.0,19,0.0,0.0,30
model_5,1.2,0.4,2.0,20,0.0,0.0,30
